Coach,Team,Background,Year_N,Year_N_WAR,Year_N_Plus_1_WAR
Arthur Smith,ATL,Offensive,2021,-0.0921292573928833,-0.0249680251598358
Arthur Smith,ATL,Offensive,2022,-0.0249680251598358,0.0254931777000427
Dan Henning,ATL,Offensive,1983,-0.0688681602478027,-0.0775219500064849
Dan Henning,ATL,Offensive,1984,-0.0775219500064849,-0.1124054491519928
Dan Henning,ATL,Offensive,1985,-0.1124054491519928,-0.0042338752269744
Dan Quinn,ATL,Defensive,2015,-0.0564590096473693,0.0506412982940673
Dan Quinn,ATL,Defensive,2016,0.0506412982940673,0.0298056006431579
Dan Quinn,ATL,Defensive,2017,0.0298056006431579,-0.1791158318519592
Dan Quinn,ATL,Defensive,2018,-0.1791158318519592,-0.0025994479656219
Dan Quinn,ATL,Defensive,2019,-0.0025994479656219,-0.5279690623283386
Dan Reeves,ATL,Offensive,1997,-0.1611145138740539,0.2029547095298767
Dan Reeves,ATL,Offensive,1998,0.2029547095298767,-0.0607297122478485
Dan Reeves,ATL,Offensive,1999,-0.0607297122478485,-0.0463716983795166
Dan Reeves,ATL,Offensive,2000,-0.0463716983795166,-0.0995222330093383
Dan Reeves,ATL,Offensive,2001,-0.0995222330093383,-0.0087224328041076
Dan Reeves,ATL,Offensive,2002,-0.0087224328041076,-0.0439535705566406
Jerry Glanville,ATL,Defensive,1990,-0.1645760834217071,0.0742453336715698
Jerry Glanville,ATL,Defensive,1991,0.0742453336715698,-0.0282495319843292
Jerry Glanville,ATL,Defensive,1992,-0.0282495319843292,-0.0263839364051818
Jim Mora Jr,ATL,Defensive,2004,0.0527231097221374,-0.1268485188484192
Jim Mora Jr,ATL,Defensive,2005,-0.1268485188484192,-0.1066135168075561
June Jones,ATL,Offensive,1994,-0.1457939743995666,-0.105578064918518
June Jones,ATL,Offensive,1995,-0.105578064918518,-0.1374691128730774
Leeman Bennett,ATL,Offensive,1977,-0.1481637358665466,0.0827265381813049
Leeman Bennett,ATL,Offensive,1978,0.0827265381813049,-0.0993422269821167
Leeman Bennett,ATL,Offensive,1979,-0.0993422269821167,0.0356194376945495
Leeman Bennett,ATL,Offensive,1980,0.0356194376945495,-0.0898250937461853
Leeman Bennett,ATL,Offensive,1981,-0.0898250937461853,0.0917466407775878
Marion Campbell,ATL,Defensive,1975,-0.1037865214824676,-0.094427752494812
Marion Campbell,ATL,Defensive,1987,-0.0372319847345352,-0.1715974509716034
Marion Campbell,ATL,Defensive,1988,-0.1715974509716034,-0.2004638910293579
Mike Smith,ATL,Defensive,2008,0.1251303553581237,0.1212744414806366
Mike Smith,ATL,Defensive,2009,0.1212744414806366,0.0445156693458557
Mike Smith,ATL,Defensive,2010,0.0445156693458557,-0.0024469494819641
Mike Smith,ATL,Defensive,2011,-0.0024469494819641,0.2319892644882202
Mike Smith,ATL,Defensive,2012,0.2319892644882202,-0.1258120536804199
Mike Smith,ATL,Defensive,2013,-0.1258120536804199,-0.0627255737781524
Norm Van Brocklin,ATL,Offensive,1970,-0.0428347388744354,0.095726466846466
Norm Van Brocklin,ATL,Offensive,1971,0.095726466846466,-0.1274642944335937
Norm Van Brocklin,ATL,Offensive,1972,-0.1274642944335937,0.0142194727897644
Norm Van Brocklin,ATL,Offensive,1973,0.0142194727897644,-0.0141285955905914
Chuck Knox,BUF,Offensive,1978,-0.1703675985336303,-0.2214390635490417
Chuck Knox,BUF,Offensive,1979,-0.2214390635490417,0.0456577539443969
Chuck Knox,BUF,Offensive,1980,0.0456577539443969,0.0854333639144897
Chuck Knox,BUF,Offensive,1981,0.0854333639144897,0.0712724799156189
Dick Jauron,BUF,Defensive,2006,-0.05617555975914,-0.0325530767440795
Dick Jauron,BUF,Defensive,2007,-0.0325530767440795,-0.0903902053833007
Dick Jauron,BUF,Defensive,2008,-0.0903902053833007,-0.0103698019504547
Doug Marrone,BUF,Offensive,2013,-0.1232412159442901,0.0236759185791015
Gregg Williams,BUF,Defensive,2001,-0.0650533139705658,0.0145630836486816
Gregg Williams,BUF,Defensive,2002,0.0145630836486816,0.0065624713897705
Kay Stephenson,BUF,Offensive,1983,0.0151344835758209,-0.1844157874584198
Kay Stephenson,BUF,Offensive,1984,-0.1844157874584198,-0.2483251839876175
Mike Mularkey,BUF,Offensive,2004,-0.0536394119262695,-0.1121072173118591
Rex Ryan,BUF,Defensive,2015,0.0018992722034454,-0.083686905670166
Sean McDermott,BUF,Defensive,2017,0.027769923210144,-0.0667051076889038
Sean McDermott,BUF,Defensive,2018,-0.0667051076889038,-0.0394610166549682
Sean McDermott,BUF,Defensive,2019,-0.0394610166549682,0.0970019698143005
Sean McDermott,BUF,Defensive,2020,0.0970019698143005,0.0022724553108215
Sean McDermott,BUF,Defensive,2021,0.0022724553108215,0.1939899921417236
Sean McDermott,BUF,Defensive,2022,0.1939899921417236,0.0394418521881103
Sean McDermott,BUF,Defensive,2023,0.0394418521881103,-0.0056699469566344
Wade Phillips,BUF,Defensive,1998,0.0684469938278198,0.1409898400306701
Wade Phillips,BUF,Defensive,1999,0.1409898400306701,-0.0068013668060302
Dom Capers,CAR,Defensive,1995,-0.0606921017169952,0.0306788086891174
Dom Capers,CAR,Defensive,1996,0.0306788086891174,-0.0530654489994049
Dom Capers,CAR,Defensive,1997,-0.0530654489994049,-0.1597143113613128
George Seifert,CAR,Defensive,1999,-0.0823738574981689,-0.0192867219448089
George Seifert,CAR,Defensive,2000,-0.0192867219448089,-0.2934862673282623
John Fox,CAR,Defensive,2002,-0.0559412539005279,0.0605857968330383
John Fox,CAR,Defensive,2003,0.0605857968330383,-0.2140511274337768
John Fox,CAR,Defensive,2004,-0.2140511274337768,0.030131459236145
John Fox,CAR,Defensive,2005,0.030131459236145,0.0947116315364837
John Fox,CAR,Defensive,2006,0.0947116315364837,0.1244582533836364
John Fox,CAR,Defensive,2007,0.1244582533836364,0.1402962803840637
John Fox,CAR,Defensive,2008,0.1402962803840637,-0.0166378617286682
John Fox,CAR,Defensive,2009,-0.0166378617286682,-0.1767615377902984
Ron Rivera,CAR,Defensive,2011,-0.0889443457126617,0.0405469238758087
Ron Rivera,CAR,Defensive,2012,0.0405469238758087,0.2159754633903503
Ron Rivera,CAR,Defensive,2013,0.2159754633903503,0.0159378564834594
Ron Rivera,CAR,Defensive,2014,0.0159378564834594,0.1976073980331421
Ron Rivera,CAR,Defensive,2015,0.1976073980331421,-0.0071939229965209
Ron Rivera,CAR,Defensive,2016,-0.0071939229965209,0.213732361793518
Ron Rivera,CAR,Defensive,2017,0.213732361793518,0.0312404036521911
Ron Rivera,CAR,Defensive,2018,0.0312404036521911,0.0919978265285492
Dave Wannstedt,CHI,Defensive,1993,-0.1261190176010131,0.1767048835754394
Dave Wannstedt,CHI,Defensive,1994,0.1767048835754394,-0.0510841608047485
Dave Wannstedt,CHI,Defensive,1995,-0.0510841608047485,0.0419774949550628
Dave Wannstedt,CHI,Defensive,1996,0.0419774949550628,-0.0348958671092987
Dave Wannstedt,CHI,Defensive,1997,-0.0348958671092987,-0.0823976695537567
Dick Jauron,CHI,Defensive,1999,0.0687750577926635,-0.0203151702880859
Dick Jauron,CHI,Defensive,2000,-0.0203151702880859,0.1819202303886413
Dick Jauron,CHI,Defensive,2001,0.1819202303886413,0.0475694686174392
Dick Jauron,CHI,Defensive,2002,0.0475694686174392,0.07771897315979
Jack Pardee,CHI,Defensive,1975,0.0609483934164047,-0.0349273085594177
Jack Pardee,CHI,Defensive,1976,-0.0349273085594177,0.03324503698349
John Fox,CHI,Defensive,2015,-0.0178964436054229,-0.0623133778572082
John Fox,CHI,Defensive,2016,-0.0623133778572082,-0.0336444377899169
Lovie Smith,CHI,Defensive,2004,-0.0657832026481628,0.0136105418205261
Lovie Smith,CHI,Defensive,2005,0.0136105418205261,0.1087747812271118
Lovie Smith,CHI,Defensive,2006,0.1087747812271118,-0.0215642154216766
Lovie Smith,CHI,Defensive,2007,-0.0215642154216766,-0.0859484672546386
Lovie Smith,CHI,Defensive,2008,-0.0859484672546386,-0.0451627671718597
Lovie Smith,CHI,Defensive,2009,-0.0451627671718597,0.0253595113754272
Lovie Smith,CHI,Defensive,2010,0.0253595113754272,-0.0072177052497863
Lovie Smith,CHI,Defensive,2011,-0.0072177052497863,0.0261697769165039
Marc Trestman,CHI,Offensive,2013,-0.0561423301696777,0.0035685896873474
Matt Eberflus,CHI,Defensive,2022,-0.1834040806293487,-0.1993331582069397
Matt Eberflus,CHI,Defensive,2023,-0.1993331582069397,-0.2787190620422363
Matt Nagy,CHI,Offensive,2018,0.0948619842529296,0.0105061531066894
Matt Nagy,CHI,Offensive,2019,0.0105061531066894,0.0898763239383697
Matt Nagy,CHI,Offensive,2020,0.0898763239383697,0.0557146684169769
Mike Ditka,CHI,Offensive,1982,-0.0904367212772369,-0.0458982586860656
Mike Ditka,CHI,Offensive,1983,-0.0458982586860656,0.0380367636680603
Mike Ditka,CHI,Offensive,1984,0.0380367636680603,0.2456693053245544
Mike Ditka,CHI,Offensive,1985,0.2456693053245544,0.2484892606735229
Mike Ditka,CHI,Offensive,1986,0.2484892606735229,0.440286904144287
Mike Ditka,CHI,Offensive,1987,0.440286904144287,0.1156036257743835
Mike Ditka,CHI,Offensive,1988,0.1156036257743835,-0.1307164430618286
Mike Ditka,CHI,Offensive,1989,-0.1307164430618286,-0.0337348580360412
Mike Ditka,CHI,Offensive,1990,-0.0337348580360412,0.0356611013412475
Mike Ditka,CHI,Offensive,1991,0.0356611013412475,-0.0508493781089782
Neill Armstrong,CHI,Defensive,1978,0.0247195065021514,-0.0112372040748596
Neill Armstrong,CHI,Defensive,1979,-0.0112372040748596,-0.0592698156833648
Neill Armstrong,CHI,Defensive,1980,-0.0592698156833648,-0.0780768990516662
Bill Johnson,CIN,Offensive,1976,-0.0285825497627257,0.0791329874038696
Bill Johnson,CIN,Offensive,1977,0.0791329874038696,-0.2913063466548919
Bruce Coslet,CIN,Offensive,1997,-0.0348277688026428,-0.2095469534397125
Bruce Coslet,CIN,Offensive,1998,-0.2095469534397125,-0.0755240619182586
Bruce Coslet,CIN,Offensive,1999,-0.0755240619182586,-0.2902292609214782
David Shula,CIN,Offensive,1992,-0.1038126051425933,-0.2039343416690826
David Shula,CIN,Offensive,1993,-0.2039343416690826,-0.0511721670627594
David Shula,CIN,Offensive,1994,-0.0511721670627594,0.0075941383838653
David Shula,CIN,Offensive,1995,0.0075941383838653,-0.4376392265319824
Dick LeBeau,CIN,Defensive,2001,-0.0140000581741333,-0.1089957952499389
Forrest Gregg,CIN,Offensive,1980,0.003879427909851,0.1073337793350219
Forrest Gregg,CIN,Offensive,1981,0.1073337793350219,0.1885000827789307
Forrest Gregg,CIN,Offensive,1982,0.1885000827789307,-0.1354115009307861
Marvin Lewis,CIN,Defensive,2003,-0.0585172176361084,0.0131211876869201
Marvin Lewis,CIN,Defensive,2004,0.0131211876869201,-0.0393921136856079
Marvin Lewis,CIN,Defensive,2005,-0.0393921136856079,-0.1031181812286377
Marvin Lewis,CIN,Defensive,2006,-0.1031181812286377,-0.1212328672409057
Marvin Lewis,CIN,Defensive,2007,-0.1212328672409057,0.0049171530723571
Marvin Lewis,CIN,Defensive,2008,0.0049171530723571,0.0829256772994995
Marvin Lewis,CIN,Defensive,2009,0.0829256772994995,-0.173207402229309
Marvin Lewis,CIN,Defensive,2010,-0.173207402229309,0.0054541230201721
Marvin Lewis,CIN,Defensive,2011,0.0054541230201721,0.1316043436527252
Marvin Lewis,CIN,Defensive,2012,0.1316043436527252,0.1810858845710754
Marvin Lewis,CIN,Defensive,2013,0.1810858845710754,0.0258111440658569
Marvin Lewis,CIN,Defensive,2014,0.0258111440658569,0.0268469452857971
Marvin Lewis,CIN,Defensive,2015,0.0268469452857971,-0.1754589593887329
Marvin Lewis,CIN,Defensive,2016,-0.1754589593887329,-0.0243376195430755
Marvin Lewis,CIN,Defensive,2017,-0.0243376195430755,0.0481025576591491
Sam Wyche,CIN,Offensive,1984,0.0373595058917999,-0.1335818171501159
Sam Wyche,CIN,Offensive,1985,-0.1335818171501159,0.1413391232490539
Sam Wyche,CIN,Offensive,1986,0.1413391232490539,-0.0364928241252899
Sam Wyche,CIN,Offensive,1987,-0.0364928241252899,0.05450439453125
Sam Wyche,CIN,Offensive,1988,0.05450439453125,-0.1041056513786315
Sam Wyche,CIN,Offensive,1989,-0.1041056513786315,0.0558614134788513
Sam Wyche,CIN,Offensive,1990,0.0558614134788513,-0.1444142460823059
Zac Taylor,CIN,Offensive,2019,-0.1567952334880828,-0.0804304397583007
Zac Taylor,CIN,Offensive,2020,-0.0804304397583007,-0.0272960989952087
Zac Taylor,CIN,Offensive,2021,-0.0272960989952087,0.1196003556251525
Zac Taylor,CIN,Offensive,2022,0.1196003556251525,0.104986050748825
Zac Taylor,CIN,Offensive,2023,0.104986050748825,-0.0565653949737549
Bill Belichick,CLE,Defensive,1991,-0.1437281370162964,0.0917238891124725
Bill Belichick,CLE,Defensive,1992,0.0917238891124725,0.1709925532341003
Bill Belichick,CLE,Defensive,1993,0.1709925532341003,0.1610317826271057
Bill Belichick,CLE,Defensive,1994,0.1610317826271057,-0.1792955696582794
Bud Carson,CLE,Defensive,1989,-0.0924910985946655,-0.0983965161323547
Chris Palmer,CLE,Offensive,1999,-0.2158358991146087,-0.0539438277482986
Eric Mangini,CLE,Defensive,2009,-0.0108217597007751,-0.0952591300010681
Forrest Gregg,CLE,Offensive,1975,-0.0180127537965774,0.0364548663139343
Forrest Gregg,CLE,Offensive,1976,0.0364548663139343,-0.0308839569091796
Hue Jackson,CLE,Offensive,2016,-0.2920414805412292,-0.2779618799686432
Hue Jackson,CLE,Offensive,2017,-0.2779618799686432,-0.2187316417694091
Kevin Stefanski,CLE,Offensive,2020,0.1080914139747619,0.0876532703399658
Kevin Stefanski,CLE,Offensive,2021,0.0876532703399658,-0.0130657524585723
Kevin Stefanski,CLE,Offensive,2022,-0.0130657524585723,0.2649300678730011
Kevin Stefanski,CLE,Offensive,2023,0.2649300678730011,-0.0420259610414505
Marty Schottenheimer,CLE,Defensive,1985,-0.0418767929077148,0.1009864807128906
Marty Schottenheimer,CLE,Defensive,1986,0.1009864807128906,0.1226821486473083
Marty Schottenheimer,CLE,Defensive,1987,0.1226821486473083,0.0147406458854675
Mike Pettine,CLE,Defensive,2014,-0.0434539318084716,-0.1494168639183044
Pat Shurmur,CLE,Offensive,2011,-0.2293934524059295,-0.1757963299751281
Romeo Crennel,CLE,Defensive,2005,-0.0719428658485412,-0.0531938374042511
Romeo Crennel,CLE,Defensive,2006,-0.0531938374042511,0.140584796667099
Romeo Crennel,CLE,Defensive,2007,0.140584796667099,-0.108693242073059
Chuck Pagano,CLT,Defensive,2012,0.2244797348976135,0.1377686262130737
Chuck Pagano,CLT,Defensive,2013,0.1377686262130737,0.173006534576416
Chuck Pagano,CLT,Defensive,2014,0.173006534576416,0.0277642905712127
Chuck Pagano,CLT,Defensive,2015,0.0277642905712127,0.1195223927497863
Chuck Pagano,CLT,Defensive,2016,0.1195223927497863,-0.1892419755458831
Don McCafferty,CLT,Offensive,1970,0.1858636869430542,0.0210041635513306
Don McCafferty,CLT,Offensive,1971,0.0210041635513306,-0.3414872765541076
Frank Kush,CLT,Offensive,1982,-0.1209132546424865,0.0300283730030059
Frank Kush,CLT,Offensive,1983,0.0300283730030059,0.0348954056024551
Frank Reich,CLT,Offensive,2018,0.0903618335723877,-0.1445026993751526
Frank Reich,CLT,Offensive,2019,-0.1445026993751526,0.0396143198013305
Frank Reich,CLT,Offensive,2020,0.0396143198013305,-0.1432812124252319
Frank Reich,CLT,Offensive,2021,-0.1432812124252319,0.0974025012493133
Howard Schnellenberger,CLT,Offensive,1973,0.0350658065795898,-0.2055789977312088
Jim Caldwell,CLT,Offensive,2009,0.3735841512680053,0.2216267883777618
Jim Caldwell,CLT,Offensive,2010,0.2216267883777618,-0.2644833028316498
Jim Mora Sr,CLT,Defensive,1998,-0.0705278217792511,0.2581591010093689
Jim Mora Sr,CLT,Defensive,1999,0.2581591010093689,0.04071044921875
Jim Mora Sr,CLT,Defensive,2000,0.04071044921875,-0.0792670547962188
Lindy Infante,CLT,Offensive,1996,0.088915467262268,-0.1196400225162506
Mike McCormack,CLT,Offensive,1980,-0.0640633106231689,-0.2412848472595214
Rod Dowhower,CLT,Offensive,1985,-0.0857999920845031,-0.2399862408638
Shane Steichen,CLT,Offensive,2023,-0.0134128242492675,-0.003175953054428
Ted Marchibroda,CLT,Offensive,1975,0.0131520860671997,0.0840399629592895
Ted Marchibroda,CLT,Offensive,1976,0.0840399629592895,0.0133790009498596
Ted Marchibroda,CLT,Offensive,1977,0.0133790009498596,0.0444367825984954
Ted Marchibroda,CLT,Offensive,1978,0.0444367825984954,-0.1121821701526641
Ted Marchibroda,CLT,Offensive,1992,0.1552684307098388,-0.1410125792026519
Ted Marchibroda,CLT,Offensive,1993,-0.1410125792026519,-0.0494108796119689
Ted Marchibroda,CLT,Offensive,1994,-0.0494108796119689,0.0321142673492431
Tony Dungy,CLT,Defensive,2002,0.1059126257896423,0.1101658940315246
Tony Dungy,CLT,Defensive,2003,0.1101658940315246,0.0553726553916931
Tony Dungy,CLT,Defensive,2004,0.0553726553916931,0.1473547220230102
Tony Dungy,CLT,Defensive,2005,0.1473547220230102,0.0989823341369628
Tony Dungy,CLT,Defensive,2006,0.0989823341369628,0.1351956725120544
Tony Dungy,CLT,Defensive,2007,0.1351956725120544,0.2132130265235901
Bob Hollway,CRD,Defensive,1971,-0.080538259601593,0.0768826289415359
Bruce Arians,CRD,Offensive,2013,0.0971298813819885,0.1743606925010681
Bruce Arians,CRD,Offensive,2014,0.1743606925010681,0.1370008587837219
Bruce Arians,CRD,Offensive,2015,0.1370008587837219,-0.0129829132080078
Bruce Arians,CRD,Offensive,2016,-0.0129829132080078,0.1541721522808075
Buddy Ryan,CRD,Defensive,1994,-0.0348376035690307,-0.1214669644832611
Dave McGinnis,CRD,Defensive,2001,-0.1774567365646362,-0.0301396548748016
Dave McGinnis,CRD,Defensive,2002,-0.0301396548748016,-0.0339840352535247
Dennis Green,CRD,Offensive,2004,0.0665521621704101,0.0513408184051513
Dennis Green,CRD,Offensive,2005,0.0513408184051513,-0.0364687740802764
Gene Stallings,CRD,Defensive,1986,-0.0853865063667297,0.1085754458427429
Gene Stallings,CRD,Defensive,1987,0.1085754458427429,0.0272702276706695
Gene Stallings,CRD,Defensive,1988,0.0272702276706695,0.2130800886154175
Jim Hanifan,CRD,Offensive,1980,-0.098439335823059,0.1812430322170257
Jim Hanifan,CRD,Offensive,1981,0.1812430322170257,0.179009479856491
Jim Hanifan,CRD,Offensive,1982,0.179009479856491,-0.0265309131622314
Jim Hanifan,CRD,Offensive,1983,-0.0265309131622314,-0.0521208643913269
Jim Hanifan,CRD,Offensive,1984,-0.0521208643913269,-0.128685712814331
Joe Bugel,CRD,Offensive,1990,-0.1200389862060546,-0.0348309278488159
Joe Bugel,CRD,Offensive,1991,-0.0348309278488159,-0.0620244145393371
Joe Bugel,CRD,Offensive,1992,-0.0620244145393371,-0.0770250558853149
Jonathan Gannon,CRD,Defensive,2023,-0.0835680112361907,0.0615567475318908
Ken Whisenhunt,CRD,Offensive,2007,0.0735300779342651,-0.0348140001296997
Ken Whisenhunt,CRD,Offensive,2008,-0.0348140001296997,-0.0658997893333435
Ken Whisenhunt,CRD,Offensive,2009,-0.0658997893333435,-0.1287650763988495
Ken Whisenhunt,CRD,Offensive,2010,-0.1287650763988495,0.029500126838684
Ken Whisenhunt,CRD,Offensive,2011,0.029500126838684,-0.0762878656387329
Kliff Kingsbury,CRD,Offensive,2019,-0.0206035160541534,0.1467646062374115
Kliff Kingsbury,CRD,Offensive,2020,0.1467646062374115,0.0296771808624267
Kliff Kingsbury,CRD,Offensive,2021,0.0296771808624267,-0.0613799437999725
Vince Tobin,CRD,Defensive,1996,0.1146170496940612,-0.0172842442989349
Vince Tobin,CRD,Defensive,1997,-0.0172842442989349,0.0012806057929992
Vince Tobin,CRD,Defensive,1998,0.0012806057929992,0.0900988578796386
Vince Tobin,CRD,Defensive,1999,0.0900988578796386,-0.0996791654109954
Barry Switzer,DAL,Offensive,1994,0.0623075366020202,0.0907610654830932
Barry Switzer,DAL,Offensive,1995,0.0907610654830932,-0.0348603129386901
Barry Switzer,DAL,Offensive,1996,-0.0348603129386901,-0.0827105939388275
Bill Parcells,DAL,Defensive,2003,0.1637296378612518,0.096032977104187
Bill Parcells,DAL,Defensive,2004,0.096032977104187,0.0423058867454528
Bill Parcells,DAL,Defensive,2005,0.0423058867454528,0.0294206142425537
Dave Campo,DAL,Defensive,2000,-0.0959237813949585,-0.0185146033763885
Dave Campo,DAL,Defensive,2001,-0.0185146033763885,-0.0515426397323608
Jason Garrett,DAL,Offensive,2011,-0.1219945549964904,0.0697108209133148
Jason Garrett,DAL,Offensive,2012,0.0697108209133148,-0.0279434323310852
Jason Garrett,DAL,Offensive,2013,-0.0279434323310852,0.0369583368301391
Jason Garrett,DAL,Offensive,2014,0.0369583368301391,-0.0243429839611053
Jason Garrett,DAL,Offensive,2015,-0.0243429839611053,0.1813987493515014
Jason Garrett,DAL,Offensive,2016,0.1813987493515014,0.0858458280563354
Jason Garrett,DAL,Offensive,2017,0.0858458280563354,0.0780754685401916
Jason Garrett,DAL,Offensive,2018,0.0780754685401916,-0.0099539756774902
Jimmy Johnson,DAL,Defensive,1989,-0.1009065359830856,0.0438875555992126
Jimmy Johnson,DAL,Defensive,1990,0.0438875555992126,0.2504175305366516
Jimmy Johnson,DAL,Defensive,1991,0.2504175305366516,0.1884967684745788
Jimmy Johnson,DAL,Defensive,1992,0.1884967684745788,0.1052160859107971
Mike McCarthy,DAL,Offensive,2020,0.1254770755767822,0.029857085609436
Mike McCarthy,DAL,Offensive,2021,0.029857085609436,0.1867669090270995
Mike McCarthy,DAL,Offensive,2022,0.1867669090270995,0.0340058073043822
Mike McCarthy,DAL,Offensive,2023,0.0340058073043822,0.0775722294330596
Tom Landry,DAL,Defensive,1970,0.0443163149833679,0.0897979504585265
Tom Landry,DAL,Defensive,1971,0.0897979504585265,0.1324279540061951
Tom Landry,DAL,Defensive,1972,0.1324279540061951,0.0532778733253479
Tom Landry,DAL,Defensive,1973,0.0532778733253479,0.0885089470386505
Tom Landry,DAL,Defensive,1974,0.0885089470386505,0.0767508380889893
Tom Landry,DAL,Defensive,1975,0.0767508380889893,0.1216457254409789
Tom Landry,DAL,Defensive,1976,0.1216457254409789,0.1050473948478698
Tom Landry,DAL,Defensive,1977,0.1050473948478698,0.0997827649116516
Tom Landry,DAL,Defensive,1978,0.0997827649116516,0.1394939422607422
Tom Landry,DAL,Defensive,1979,0.1394939422607422,0.0856963396072387
Tom Landry,DAL,Defensive,1980,0.0856963396072387,-0.0065953731536865
Tom Landry,DAL,Defensive,1981,-0.0065953731536865,0.1164621655464172
Tom Landry,DAL,Defensive,1982,0.1164621655464172,0.1060314774513244
Tom Landry,DAL,Defensive,1983,0.1060314774513244,0.1280089914798736
Tom Landry,DAL,Defensive,1984,0.1280089914798736,0.0390321612358093
Tom Landry,DAL,Defensive,1985,0.0390321612358093,0.0914527773857116
Tom Landry,DAL,Defensive,1986,0.0914527773857116,0.0512310091972351
Tom Landry,DAL,Defensive,1987,0.0512310091972351,-0.1411908566951751
Wade Phillips,DAL,Defensive,2007,0.1821094751358032,0.1122291088104248
Wade Phillips,DAL,Defensive,2008,0.1122291088104248,0.0238112807273864
Wade Phillips,DAL,Defensive,2009,0.0238112807273864,-0.2935810387134552
Dan Reeves,DEN,Offensive,1981,-0.0416682958602905,-0.0825846257686614
Dan Reeves,DEN,Offensive,1982,-0.0825846257686614,0.0256803631782531
Dan Reeves,DEN,Offensive,1983,0.0256803631782531,0.1463257074356079
Dan Reeves,DEN,Offensive,1984,0.1463257074356079,-0.0076101422309875
Dan Reeves,DEN,Offensive,1985,-0.0076101422309875,0.0484793186187744
Dan Reeves,DEN,Offensive,1986,0.0484793186187744,0.193076205253601
Dan Reeves,DEN,Offensive,1987,0.193076205253601,-0.0170181989669799
Dan Reeves,DEN,Offensive,1988,-0.0170181989669799,0.0779045224189758
Dan Reeves,DEN,Offensive,1989,0.0779045224189758,-0.1038599908351898
Dan Reeves,DEN,Offensive,1990,-0.1038599908351898,0.0599042773246765
Dan Reeves,DEN,Offensive,1991,0.0599042773246765,0.1182977557182312
Gary Kubiak,DEN,Offensive,2015,0.1992110013961792,0.0697863698005676
John Fox,DEN,Defensive,2011,-0.0207497477531433,0.1248832941055297
John Fox,DEN,Defensive,2012,0.1248832941055297,0.2090252041816711
John Fox,DEN,Defensive,2013,0.2090252041816711,0.1263681054115295
John Ralston,DEN,Offensive,1972,0.0948111613750457,0.0785521997451782
John Ralston,DEN,Offensive,1973,0.0785521997451782,0.0568476683616637
John Ralston,DEN,Offensive,1974,0.0568476683616637,0.1445025967121124
John Ralston,DEN,Offensive,1975,0.1445025967121124,0.1502065459728241
Josh McDaniels,DEN,Offensive,2009,-0.1185113191604614,-0.1794225573539734
Mike Shanahan,DEN,Offensive,1995,-0.056115448474884,0.0923011898994445
Mike Shanahan,DEN,Offensive,1996,0.0923011898994445,0.0139485001564025
Mike Shanahan,DEN,Offensive,1997,0.0139485001564025,0.1676199436187744
Mike Shanahan,DEN,Offensive,1998,0.1676199436187744,-0.0339090824127197
Mike Shanahan,DEN,Offensive,1999,-0.0339090824127197,0.0172036886215209
Mike Shanahan,DEN,Offensive,2000,0.0172036886215209,-0.1129319071769714
Mike Shanahan,DEN,Offensive,2001,-0.1129319071769714,0.1015388071537017
Mike Shanahan,DEN,Offensive,2002,0.1015388071537017,0.1229311823844909
Mike Shanahan,DEN,Offensive,2003,0.1229311823844909,0.011822760105133
Mike Shanahan,DEN,Offensive,2004,0.011822760105133,0.0686153173446655
Mike Shanahan,DEN,Offensive,2005,0.0686153173446655,0.0021193623542785
Mike Shanahan,DEN,Offensive,2006,0.0021193623542785,-0.1027647256851196
Mike Shanahan,DEN,Offensive,2007,-0.1027647256851196,0.0151498615741729
Red Miller,DEN,Offensive,1977,0.1777323981285095,-0.0748535394668579
Red Miller,DEN,Offensive,1978,-0.0748535394668579,0.1387873589992523
Red Miller,DEN,Offensive,1979,0.1387873589992523,0.1252141892910003
Sean Payton,DEN,Offensive,2023,-0.0918679327011108,-0.0401434629440308
Vance Joseph,DEN,Defensive,2017,-0.0131749808788299,-0.0065957009792327
Vic Fangio,DEN,Defensive,2019,0.1183212995529174,0.0641988068819046
Vic Fangio,DEN,Defensive,2020,0.0641988068819046,-0.0767446727275848
Wade Phillips,DEN,Defensive,1993,-0.1121312379837036,-0.1151230335235595
Bobby Ross,DET,Offensive,1997,-0.0135223269462585,-0.0180867314338684
Bobby Ross,DET,Offensive,1998,-0.0180867314338684,0.0270714461803436
Bobby Ross,DET,Offensive,1999,0.0270714461803436,0.07529975233078
Dan Campbell,DET,Offensive,2021,-0.141940666770935,-0.0514623433113098
Dan Campbell,DET,Offensive,2022,-0.0514623433113098,0.1091078385353088
Dan Campbell,DET,Offensive,2023,0.1091078385353088,0.2997101186752319
Darryl Rogers,DET,Defensive,1985,0.011541873216629,-0.146152913570404
Darryl Rogers,DET,Defensive,1986,-0.146152913570404,-0.0381687875270843
Darryl Rogers,DET,Defensive,1987,-0.0381687875270843,-0.1994055587768554
Jim Caldwell,DET,Offensive,2014,0.032749593257904,-0.0034091174602508
Jim Caldwell,DET,Offensive,2015,-0.0034091174602508,-0.0165109634399414
Jim Caldwell,DET,Offensive,2016,-0.0165109634399414,-0.0389783978462219
Jim Schwartz,DET,Defensive,2009,-0.1600086987018585,-0.0539817214012146
Jim Schwartz,DET,Defensive,2010,-0.0539817214012146,-0.0420215129852294
Jim Schwartz,DET,Defensive,2011,-0.0420215129852294,-0.2449100017547607
Jim Schwartz,DET,Defensive,2012,-0.2449100017547607,-0.1587172150611877
Joe Schmidt,DET,Defensive,1970,0.0772405498504639,-0.1472957962036133
Joe Schmidt,DET,Defensive,1971,-0.1472957962036133,0.077353825187683
Marty Mornhinweg,DET,Offensive,2001,-0.2724771797657013,-0.0733234286308288
Monte Clark,DET,Offensive,1978,-0.0175344049930572,-0.1373399496078491
Monte Clark,DET,Offensive,1979,-0.1373399496078491,-0.1206732988357544
Monte Clark,DET,Offensive,1980,-0.1206732988357544,-0.0315399169921875
Monte Clark,DET,Offensive,1981,-0.0315399169921875,0.0098249489307403
Monte Clark,DET,Offensive,1982,0.0098249489307403,-0.0051128268241882
Monte Clark,DET,Offensive,1983,-0.0051128268241882,-0.0540296948432922
Rick Forzano,DET,Offensive,1974,0.0712279677391052,0.0068290829658508
Rick Forzano,DET,Offensive,1975,0.0068290829658508,-0.3257806301116943
Rod Marinelli,DET,Defensive,2006,-0.2310181856155395,0.0256151854991912
Rod Marinelli,DET,Defensive,2007,0.0256151854991912,-0.2199435234069824
Steve Mariucci,DET,Offensive,2003,-0.0525938868522644,-0.1145384609699249
Steve Mariucci,DET,Offensive,2004,-0.1145384609699249,0.0549261413574218
Wayne Fontes,DET,Defensive,1989,0.0714815855026245,-0.121261328458786
Wayne Fontes,DET,Defensive,1990,-0.121261328458786,0.1837934255599975
Wayne Fontes,DET,Defensive,1991,0.1837934255599975,-0.1227012872695922
Wayne Fontes,DET,Defensive,1992,-0.1227012872695922,0.0592687129974365
Wayne Fontes,DET,Defensive,1993,0.0592687129974365,0.072196751832962
Wayne Fontes,DET,Defensive,1994,0.072196751832962,-0.1008679866790771
Wayne Fontes,DET,Defensive,1995,-0.1008679866790771,-0.1485526859760284
Bart Starr,GNB,Offensive,1975,-0.0276833110332488,0.0834207137584686
Bart Starr,GNB,Offensive,1976,0.0834207137584686,-0.084612213897705
Bart Starr,GNB,Offensive,1977,-0.084612213897705,-0.0980223930358886
Bart Starr,GNB,Offensive,1978,-0.0980223930358886,-0.0314510762691497
Bart Starr,GNB,Offensive,1979,-0.0314510762691497,-0.003424473953247
Bart Starr,GNB,Offensive,1980,-0.003424473953247,-0.0342603921890258
Bart Starr,GNB,Offensive,1981,-0.0342603921890258,0.1354420600891113
Bart Starr,GNB,Offensive,1982,0.1354420600891113,0.0770432651042938
Forrest Gregg,GNB,Offensive,1984,-0.0860829949378967,0.1925616860389709
Forrest Gregg,GNB,Offensive,1985,0.1925616860389709,-0.0524834990501403
Forrest Gregg,GNB,Offensive,1986,-0.0524834990501403,0.025256193113327
Lindy Infante,GNB,Offensive,1988,-0.138703852891922,-0.0579460859298706
Lindy Infante,GNB,Offensive,1989,-0.0579460859298706,-0.0547952353954315
Lindy Infante,GNB,Offensive,1990,-0.0547952353954315,-0.1379891335964203
Matt LaFleur,GNB,Offensive,2019,0.0610332489013671,0.1382957100868225
Matt LaFleur,GNB,Offensive,2020,0.1382957100868225,0.0079957291603088
Matt LaFleur,GNB,Offensive,2021,0.0079957291603088,-0.1793990224838256
Matt LaFleur,GNB,Offensive,2022,-0.1793990224838256,0.0952864080905914
Matt LaFleur,GNB,Offensive,2023,0.0952864080905914,0.1030628367424011
Mike Holmgren,GNB,Offensive,1992,0.1384371221065521,0.1045143604278564
Mike Holmgren,GNB,Offensive,1993,0.1045143604278564,-0.0492386817932128
Mike Holmgren,GNB,Offensive,1994,-0.0492386817932128,0.235126256942749
Mike Holmgren,GNB,Offensive,1995,0.235126256942749,0.080687940120697
Mike Holmgren,GNB,Offensive,1996,0.080687940120697,0.1452568769454956
Mike Holmgren,GNB,Offensive,1997,0.1452568769454956,0.2397263944149017
Mike McCarthy,GNB,Offensive,2006,0.0733398795127868,0.1198194622993469
Mike McCarthy,GNB,Offensive,2007,0.1198194622993469,-0.2782052159309387
Mike McCarthy,GNB,Offensive,2008,-0.2782052159309387,-0.0860633850097656
Mike McCarthy,GNB,Offensive,2009,-0.0860633850097656,-0.0510987043380737
Mike McCarthy,GNB,Offensive,2010,-0.0510987043380737,0.152505338191986
Mike McCarthy,GNB,Offensive,2011,0.152505338191986,0.0177366733551025
Mike McCarthy,GNB,Offensive,2012,0.0177366733551025,0.1347495996475219
Mike McCarthy,GNB,Offensive,2013,0.1347495996475219,0.0051048398017883
Mike McCarthy,GNB,Offensive,2014,0.0051048398017883,-0.0668325424194336
Mike McCarthy,GNB,Offensive,2015,-0.0668325424194336,-0.0242130756378173
Mike McCarthy,GNB,Offensive,2016,-0.0242130756378173,0.1234160959720611
Mike McCarthy,GNB,Offensive,2017,0.1234160959720611,-0.0724696815013885
Mike Sherman,GNB,Offensive,2000,-0.0457073450088501,0.0727631449699401
Mike Sherman,GNB,Offensive,2001,0.0727631449699401,0.1512286067008972
Mike Sherman,GNB,Offensive,2002,0.1512286067008972,-0.0141552090644836
Mike Sherman,GNB,Offensive,2003,-0.0141552090644836,0.1876041293144226
Mike Sherman,GNB,Offensive,2004,0.1876041293144226,-0.0853987038135528
Bill O'Brien,HTX,Offensive,2014,0.0210029482841491,0.1778498589992523
Bill O'Brien,HTX,Offensive,2015,0.1778498589992523,0.1908638179302215
Bill O'Brien,HTX,Offensive,2016,0.1908638179302215,0.0509293228387832
Bill O'Brien,HTX,Offensive,2017,0.0509293228387832,0.0837116241455078
Bill O'Brien,HTX,Offensive,2018,0.0837116241455078,0.1797419488430023
Bill O'Brien,HTX,Offensive,2019,0.1797419488430023,-0.3912601768970489
DeMeco Ryans,HTX,Defensive,2023,-0.0047790139198303,-0.026831361579895
Dom Capers,HTX,Defensive,2002,-0.1556674540042877,0.0126667916774749
Dom Capers,HTX,Defensive,2003,0.0126667916774749,-0.2023628950119018
Dom Capers,HTX,Defensive,2004,-0.2023628950119018,-0.2480305731296539
Gary Kubiak,HTX,Offensive,2006,-0.0278593301773071,0.2406624555587768
Gary Kubiak,HTX,Offensive,2007,0.2406624555587768,0.0989430546760559
Gary Kubiak,HTX,Offensive,2008,0.0989430546760559,-0.0039311647415161
Gary Kubiak,HTX,Offensive,2009,-0.0039311647415161,-0.1336064934730529
Gary Kubiak,HTX,Offensive,2010,-0.1336064934730529,-0.085622489452362
Gary Kubiak,HTX,Offensive,2011,-0.085622489452362,0.1347727179527282
Gary Kubiak,HTX,Offensive,2012,0.1347727179527282,-0.0194751727104187
Doug Marrone,JAX,Offensive,2017,0.0007886886596679,-0.0129041969776153
Doug Marrone,JAX,Offensive,2018,-0.0129041969776153,-0.0007999539375305
Doug Marrone,JAX,Offensive,2019,-0.0007999539375305,-0.1697090119123459
Doug Pederson,JAX,Offensive,2022,-0.1004866868019104,-0.1080472379684448
Doug Pederson,JAX,Offensive,2023,-0.1080472379684448,-0.0392439410209655
Gus Bradley,JAX,Defensive,2013,-0.0876429975032806,-0.1102405190467834
Gus Bradley,JAX,Defensive,2014,-0.1102405190467834,-0.1327606737613678
Gus Bradley,JAX,Defensive,2015,-0.1327606737613678,-0.1578983565330505
Jack Del Rio,JAX,Defensive,2003,-0.1024707555770874,-0.0018815398216247
Jack Del Rio,JAX,Defensive,2004,-0.0018815398216247,0.0870877504348754
Jack Del Rio,JAX,Defensive,2005,0.0870877504348754,-0.1116406321525573
Jack Del Rio,JAX,Defensive,2006,-0.1116406321525573,0.0783914923667907
Jack Del Rio,JAX,Defensive,2007,0.0783914923667907,-0.052083283662796
Jack Del Rio,JAX,Defensive,2008,-0.052083283662796,-0.0841319561004638
Jack Del Rio,JAX,Defensive,2009,-0.0841319561004638,0.1164913773536682
Jack Del Rio,JAX,Defensive,2010,0.1164913773536682,-0.2262349544048309
Tom Coughlin,JAX,Offensive,1995,-0.1298317909240722,0.0970805287361145
Tom Coughlin,JAX,Offensive,1996,0.0970805287361145,0.0569519400596618
Tom Coughlin,JAX,Offensive,1997,0.0569519400596618,0.1872118711471557
Tom Coughlin,JAX,Offensive,1998,0.1872118711471557,0.1178659796714782
Tom Coughlin,JAX,Offensive,1999,0.1178659796714782,-0.0724783539772033
Tom Coughlin,JAX,Offensive,2000,-0.0724783539772033,-0.1527741551399231
Tom Coughlin,JAX,Offensive,2001,-0.1527741551399231,-0.2305219173431396
Andy Reid,KAN,Offensive,2013,0.0282604694366455,0.121269941329956
Andy Reid,KAN,Offensive,2014,0.121269941329956,0.0804460048675537
Andy Reid,KAN,Offensive,2015,0.0804460048675537,0.1712703108787536
Andy Reid,KAN,Offensive,2016,0.1712703108787536,-0.046212613582611
Andy Reid,KAN,Offensive,2017,-0.046212613582611,0.1311148405075073
Andy Reid,KAN,Offensive,2018,0.1311148405075073,0.0621063113212585
Andy Reid,KAN,Offensive,2019,0.0621063113212585,0.1600140929222107
Andy Reid,KAN,Offensive,2020,0.1600140929222107,0.0367840990066528
Andy Reid,KAN,Offensive,2021,0.0367840990066528,0.1867266521453857
Andy Reid,KAN,Offensive,2022,0.1867266521453857,0.0798315688133239
Andy Reid,KAN,Offensive,2023,0.0798315688133239,0.1946653365135192
Dick Vermeil,KAN,Offensive,2001,-0.0258525013923645,-0.1137243509292602
Dick Vermeil,KAN,Offensive,2002,-0.1137243509292602,0.0585663318634033
Dick Vermeil,KAN,Offensive,2003,0.0585663318634033,-0.0290201902389526
Dick Vermeil,KAN,Offensive,2004,-0.0290201902389526,-0.001050055027008
Frank Gansz,KAN,Offensive,1987,-0.049216895866394,-0.0456371820449829
Gunther Cunningham,KAN,Defensive,1999,-0.0779811739921569,-0.1420384049415588
John Mackovic,KAN,Offensive,1983,-0.1721057891845703,-0.0212573409080505
John Mackovic,KAN,Offensive,1984,-0.0212573409080505,-0.0553183257579803
John Mackovic,KAN,Offensive,1985,-0.0553183257579803,0.0454923510551452
Marty Schottenheimer,KAN,Defensive,1989,0.1073328041553497,-0.0029160380363464
Marty Schottenheimer,KAN,Defensive,1990,-0.0029160380363464,0.0776399970054626
Marty Schottenheimer,KAN,Defensive,1991,0.0776399970054626,-0.0261937975883483
Marty Schottenheimer,KAN,Defensive,1992,-0.0261937975883483,0.0985735058784484
Marty Schottenheimer,KAN,Defensive,1993,0.0985735058784484,0.0662137567996978
Marty Schottenheimer,KAN,Defensive,1994,0.0662137567996978,0.1142101883888244
Marty Schottenheimer,KAN,Defensive,1995,0.1142101883888244,0.0498039126396179
Marty Schottenheimer,KAN,Defensive,1996,0.0498039126396179,0.1543991565704345
Marty Schottenheimer,KAN,Defensive,1997,0.1543991565704345,0.0403699576854705
Paul Wiggin,KAN,Defensive,1975,-0.1002685526847839,-0.152757714176178
Paul Wiggin,KAN,Defensive,1976,-0.152757714176178,-0.1418834825515747
Todd Haley,KAN,Offensive,2009,-0.1080067157745361,0.0432754755020141
Todd Haley,KAN,Offensive,2010,0.0432754755020141,-0.1364251212120056
Adam Gase,MIA,Offensive,2016,0.1239832043647766,0.0271825790405273
Adam Gase,MIA,Offensive,2017,0.0271825790405273,-0.0701864957809448
Brian Flores,MIA,Defensive,2019,-0.039666324853897,0.0662121772766113
Brian Flores,MIA,Defensive,2020,0.0662121772766113,0.0157802790641784
Dave Wannstedt,MIA,Defensive,2000,0.0145161151885986,0.1785756945610046
Dave Wannstedt,MIA,Defensive,2001,0.1785756945610046,-0.0630451440811157
Dave Wannstedt,MIA,Defensive,2002,-0.0630451440811157,0.0171180963516235
Dave Wannstedt,MIA,Defensive,2003,0.0171180963516235,-0.1375695796251297
Don Shula,MIA,Defensive,1970,0.0632363193511963,0.1165899634361267
Don Shula,MIA,Defensive,1971,0.1165899634361267,0.291405975818634
Don Shula,MIA,Defensive,1972,0.291405975818634,0.1280975242614745
Don Shula,MIA,Defensive,1973,0.1280975242614745,0.2253033287048339
Don Shula,MIA,Defensive,1974,0.2253033287048339,0.1425771944999695
Don Shula,MIA,Defensive,1975,0.1425771944999695,-0.0184281898975372
Don Shula,MIA,Defensive,1976,-0.0184281898975372,0.1356688373565674
Don Shula,MIA,Defensive,1977,0.1356688373565674,0.1521596908569336
Don Shula,MIA,Defensive,1978,0.1521596908569336,0.1927590072154998
Don Shula,MIA,Defensive,1979,0.1927590072154998,0.1214689314365387
Don Shula,MIA,Defensive,1980,0.1214689314365387,0.1920991456985473
Don Shula,MIA,Defensive,1981,0.1920991456985473,0.2580411198616028
Don Shula,MIA,Defensive,1982,0.2580411198616028,0.1000984907150268
Don Shula,MIA,Defensive,1983,0.1000984907150268,0.1528595685958862
Don Shula,MIA,Defensive,1984,0.1528595685958862,0.1825265884399414
Don Shula,MIA,Defensive,1985,0.1825265884399414,-0.0158206820487976
Don Shula,MIA,Defensive,1986,-0.0158206820487976,0.2057581122398376
Don Shula,MIA,Defensive,1987,0.2057581122398376,0.0065691173076629
Don Shula,MIA,Defensive,1988,0.0065691173076629,0.0274495184421539
Don Shula,MIA,Defensive,1989,0.0274495184421539,0.0881510972976684
Don Shula,MIA,Defensive,1990,0.0881510972976684,-8.779764175415039e-05
Don Shula,MIA,Defensive,1991,-8.779764175415039e-05,0.0499912500381469
Don Shula,MIA,Defensive,1992,0.0499912500381469,0.2861213088035583
Don Shula,MIA,Defensive,1993,0.2861213088035583,-0.0147402882575988
Don Shula,MIA,Defensive,1994,-0.0147402882575988,0.1560998260974884
Jimmy Johnson,MIA,Defensive,1996,-0.0814188122749328,0.081613540649414
Jimmy Johnson,MIA,Defensive,1997,0.081613540649414,0.0049038529396057
Jimmy Johnson,MIA,Defensive,1998,0.0049038529396057,0.0805194973945617
Joe Philbin,MIA,Offensive,2012,0.0253175795078277,-0.0023003220558166
Joe Philbin,MIA,Offensive,2013,-0.0023003220558166,0.0269906520843505
Joe Philbin,MIA,Offensive,2014,0.0269906520843505,-0.2372631728649139
Mike McDaniel,MIA,Offensive,2022,0.1604634315013885,0.0848359747886657
Mike McDaniel,MIA,Offensive,2023,0.0848359747886657,0.0223447292804718
Nick Saban,MIA,Defensive,2005,-0.0067476034164428,-0.0255656540393829
Tony Sparano,MIA,Offensive,2008,0.0177377462387084,0.1583327054977417
Tony Sparano,MIA,Offensive,2009,0.1583327054977417,0.1193216741085052
Tony Sparano,MIA,Offensive,2010,0.1193216741085052,-0.2641507766723633
Brad Childress,MIN,Offensive,2006,-0.1806825995445251,-0.082766592502594
Brad Childress,MIN,Offensive,2007,-0.082766592502594,0.1147693991661071
Brad Childress,MIN,Offensive,2008,0.1147693991661071,0.0580896139144897
Brad Childress,MIN,Offensive,2009,0.0580896139144897,-0.1154291152954101
Dennis Green,MIN,Offensive,1992,0.0692084431648254,-0.0864593386650085
Dennis Green,MIN,Offensive,1993,-0.0864593386650085,0.0381944179534912
Dennis Green,MIN,Offensive,1994,0.0381944179534912,-0.0978902578353881
Dennis Green,MIN,Offensive,1995,-0.0978902578353881,0.0431550741195678
Dennis Green,MIN,Offensive,1996,0.0431550741195678,0.1629988849163055
Dennis Green,MIN,Offensive,1997,0.1629988849163055,0.2583439350128174
Dennis Green,MIN,Offensive,1998,0.2583439350128174,0.1322719454765319
Dennis Green,MIN,Offensive,1999,0.1322719454765319,0.1881186962127685
Dennis Green,MIN,Offensive,2000,0.1881186962127685,0.0273459012985229
Kevin O'Connell,MIN,Offensive,2022,0.1894252345085144,0.1169467597484588
Kevin O'Connell,MIN,Offensive,2023,0.1169467597484588,0.1408052668571472
Leslie Frazier,MIN,Defensive,2011,-0.203926533460617,0.0958622097969055
Leslie Frazier,MIN,Defensive,2012,0.0958622097969055,-0.0617210351943969
Mike Tice,MIN,Offensive,2002,-0.0946449041366577,-0.0563958883285522
Mike Tice,MIN,Offensive,2003,-0.0563958883285522,-0.0845984816551208
Mike Tice,MIN,Offensive,2004,-0.0845984816551208,0.1209582090377807
Bum Phillips,NOR,Defensive,1981,-0.0564398169517517,0.1487458223342895
Bum Phillips,NOR,Defensive,1982,0.1487458223342895,-0.0147584080696105
Bum Phillips,NOR,Defensive,1983,-0.0147584080696105,0.0508806109428405
Bum Phillips,NOR,Defensive,1984,0.0508806109428405,0.0217457170963287
Dennis Allen,NOR,Defensive,2022,0.0049222140789031,-0.0244632869720459
Dennis Allen,NOR,Defensive,2023,-0.0244632869720459,-0.1700689259052276
J.D. Roberts,NOR,Defensive,1970,-0.2631335755348205,-0.1322020093441009
J.D. Roberts,NOR,Defensive,1971,-0.1322020093441009,-0.1482245756626129
Jim Haslett,NOR,Defensive,2000,0.0002093911170959,-0.0634241700172424
Jim Haslett,NOR,Defensive,2001,-0.0634241700172424,-0.0401163101196289
Jim Haslett,NOR,Defensive,2002,-0.0401163101196289,-0.0890060663223266
Jim Haslett,NOR,Defensive,2003,-0.0890060663223266,-0.0506792068481445
Jim Haslett,NOR,Defensive,2004,-0.0506792068481445,-0.1662757396697998
Jim Mora Sr,NOR,Defensive,1986,-0.1429457664489746,0.1841131329536438
Jim Mora Sr,NOR,Defensive,1987,0.1841131329536438,0.094503104686737
Jim Mora Sr,NOR,Defensive,1988,0.094503104686737,-0.0130394101142883
Jim Mora Sr,NOR,Defensive,1989,-0.0130394101142883,0.1283080577850341
Jim Mora Sr,NOR,Defensive,1990,0.1283080577850341,0.0928219556808471
Jim Mora Sr,NOR,Defensive,1991,0.0928219556808471,0.1110910177230835
Jim Mora Sr,NOR,Defensive,1992,0.1110910177230835,0.0264442563056945
Jim Mora Sr,NOR,Defensive,1993,0.0264442563056945,-0.061768352985382
Jim Mora Sr,NOR,Defensive,1994,-0.061768352985382,-0.1771449446678161
Jim Mora Sr,NOR,Defensive,1995,-0.1771449446678161,-0.1866286993026733
John North,NOR,Offensive,1973,-0.0072309772014618,0.0974455078601836
John North,NOR,Offensive,1974,0.0974455078601836,-0.1877180989265442
Mike Ditka,NOR,Offensive,1997,0.0939778089523315,0.0231747925281524
Mike Ditka,NOR,Offensive,1998,0.0231747925281524,-0.110905647277832
Sean Payton,NOR,Offensive,2006,0.0789524316787719,-0.0660919547080993
Sean Payton,NOR,Offensive,2007,-0.0660919547080993,-0.0185685753822326
Sean Payton,NOR,Offensive,2008,-0.0185685753822326,0.062353491783142
Sean Payton,NOR,Offensive,2009,0.062353491783142,0.1341830492019653
Sean Payton,NOR,Offensive,2010,0.1341830492019653,0.28774493932724
Sean Payton,NOR,Offensive,2013,0.2070667147636413,-0.0801543593406677
Sean Payton,NOR,Offensive,2014,-0.0801543593406677,-0.0827357172966003
Sean Payton,NOR,Offensive,2015,-0.0827357172966003,0.0282376408576965
Sean Payton,NOR,Offensive,2016,0.0282376408576965,0.1466776728630066
Sean Payton,NOR,Offensive,2017,0.1466776728630066,0.1908617615699768
Sean Payton,NOR,Offensive,2018,0.1908617615699768,0.1362032890319824
Sean Payton,NOR,Offensive,2019,0.1362032890319824,0.062226116657257
Sean Payton,NOR,Offensive,2020,0.062226116657257,0.0586854607105254
Bill Belichick,NWE,Defensive,2000,-0.0600512027740478,0.0186730027198791
Bill Belichick,NWE,Defensive,2001,0.0186730027198791,0.0057571530342102
Bill Belichick,NWE,Defensive,2002,0.0057571530342102,0.1815472841262817
Bill Belichick,NWE,Defensive,2003,0.1815472841262817,0.2680791616439819
Bill Belichick,NWE,Defensive,2004,0.2680791616439819,0.2157402038574218
Bill Belichick,NWE,Defensive,2005,0.2157402038574218,0.1512560844421386
Bill Belichick,NWE,Defensive,2006,0.1512560844421386,0.2930149435997009
Bill Belichick,NWE,Defensive,2007,0.2930149435997009,0.1147505044937133
Bill Belichick,NWE,Defensive,2008,0.1147505044937133,0.0532656908035278
Bill Belichick,NWE,Defensive,2009,0.0532656908035278,0.1905351877212524
Bill Belichick,NWE,Defensive,2010,0.1905351877212524,0.1049894094467163
Bill Belichick,NWE,Defensive,2011,0.1049894094467163,0.0056344866752624
Bill Belichick,NWE,Defensive,2012,0.0056344866752624,0.2260583639144897
Bill Belichick,NWE,Defensive,2013,0.2260583639144897,0.0351013541221618
Bill Belichick,NWE,Defensive,2014,0.0351013541221618,0.1938468217849731
Bill Belichick,NWE,Defensive,2015,0.1938468217849731,0.2129561305046081
Bill Belichick,NWE,Defensive,2016,0.2129561305046081,0.2593189477920532
Bill Belichick,NWE,Defensive,2017,0.2593189477920532,-0.0594611167907714
Bill Belichick,NWE,Defensive,2018,-0.0594611167907714,0.0665714740753173
Bill Belichick,NWE,Defensive,2019,0.0665714740753173,0.0231979489326477
Bill Belichick,NWE,Defensive,2020,0.0231979489326477,-0.0474672644615173
Bill Belichick,NWE,Defensive,2021,-0.0474672644615173,-0.1058203667640685
Bill Belichick,NWE,Defensive,2022,-0.1058203667640685,-0.0624684438228607
Bill Parcells,NWE,Defensive,1993,0.0189745724201202,0.1730403304100036
Bill Parcells,NWE,Defensive,1994,0.1730403304100036,-0.0920215845108032
Bill Parcells,NWE,Defensive,1995,-0.0920215845108032,0.0610765218734741
Dick MacPherson,NWE,Defensive,1991,0.0525048673152923,-0.1471556723117828
Pete Carroll,NWE,Defensive,1997,0.0441368222236633,0.0186908841133117
Pete Carroll,NWE,Defensive,1998,0.0186908841133117,-0.024686574935913
Raymond Berry,NWE,Offensive,1985,0.1780547499656677,0.0538263320922851
Raymond Berry,NWE,Offensive,1986,0.0538263320922851,0.156250792312622
Raymond Berry,NWE,Offensive,1987,0.156250792312622,0.1231015622615814
Raymond Berry,NWE,Offensive,1988,0.1231015622615814,0.0053028166294097
Ron Erhardt,NWE,Offensive,1979,0.0501659512519836,-0.0152023434638977
Ron Erhardt,NWE,Offensive,1980,-0.0152023434638977,-0.1398022472858429
Alex Webster,NYG,Offensive,1970,0.0306733945846557,-0.0159669154167175
Alex Webster,NYG,Offensive,1971,-0.0159669154167175,-0.0602900253295898
Alex Webster,NYG,Offensive,1972,-0.0602900253295898,-0.1242732240200042
Ben McAdoo,NYG,Offensive,2016,0.0970158576965332,-0.1509814615726471
Bill Arnsparger,NYG,Defensive,1974,-0.0718513329982757,-0.1046285132408142
Bill Arnsparger,NYG,Defensive,1975,-0.1046285132408142,-0.2381541281938552
Bill Parcells,NYG,Defensive,1983,-0.1048187994480133,0.0327757000923156
Bill Parcells,NYG,Defensive,1984,0.0327757000923156,-0.0287753343582153
Bill Parcells,NYG,Defensive,1985,-0.0287753343582153,0.2986600399017334
Bill Parcells,NYG,Defensive,1986,0.2986600399017334,0.0413559317588806
Bill Parcells,NYG,Defensive,1987,0.0413559317588806,0.0463260412216186
Bill Parcells,NYG,Defensive,1988,0.0463260412216186,0.1744334101676941
Bill Parcells,NYG,Defensive,1989,0.1744334101676941,0.1255443096160888
Brian Daboll,NYG,Offensive,2022,0.0698069513320922,-0.1044076665401458
Brian Daboll,NYG,Offensive,2023,-0.1044076665401458,-0.073828242778778
Dan Reeves,NYG,Offensive,1993,-0.0001959204673767,0.0630478858947753
Dan Reeves,NYG,Offensive,1994,0.0630478858947753,-0.2754117846488952
Dan Reeves,NYG,Offensive,1995,-0.2754117846488952,-0.1593440771102905
Jim Fassel,NYG,Offensive,1997,0.0735632264137268,-0.1164944171905517
Jim Fassel,NYG,Offensive,1998,-0.1164944171905517,0.0523721277713775
Jim Fassel,NYG,Offensive,1999,0.0523721277713775,0.0070845484733581
Jim Fassel,NYG,Offensive,2000,0.0070845484733581,-0.1392079591751098
Jim Fassel,NYG,Offensive,2001,-0.1392079591751098,0.0636830329895019
Jim Fassel,NYG,Offensive,2002,0.0636830329895019,-0.0337488055229187
Joe Judge,NYG,Offensive,2020,-0.1080504655838012,-0.0299331888675689
Pat Shurmur,NYG,Offensive,2018,-0.280289888381958,-0.1858887374401092
Ray Perkins,NYG,Offensive,1979,-0.0262347757816314,0.0311856567859649
Ray Perkins,NYG,Offensive,1980,0.0311856567859649,0.0805712640285492
Ray Perkins,NYG,Offensive,1981,0.0805712640285492,-0.0431657260417938
Tom Coughlin,NYG,Offensive,2004,0.0601684153079986,0.0898358821868896
Tom Coughlin,NYG,Offensive,2005,0.0898358821868896,-0.0308525562286376
Tom Coughlin,NYG,Offensive,2006,-0.0308525562286376,0.1131277084350586
Tom Coughlin,NYG,Offensive,2007,0.1131277084350586,0.0648810267448425
Tom Coughlin,NYG,Offensive,2008,0.0648810267448425,0.0409614741802215
Tom Coughlin,NYG,Offensive,2009,0.0409614741802215,0.1060677766799926
Tom Coughlin,NYG,Offensive,2010,0.1060677766799926,-0.0220036506652832
Tom Coughlin,NYG,Offensive,2011,-0.0220036506652832,-0.0513818860054016
Tom Coughlin,NYG,Offensive,2012,-0.0513818860054016,0.0914483964443206
Tom Coughlin,NYG,Offensive,2013,0.0914483964443206,-0.0308073163032531
Tom Coughlin,NYG,Offensive,2014,-0.0308073163032531,-0.0295715630054473
Adam Gase,NYJ,Offensive,2019,0.1356021463871002,-0.10408416390419
Bill Parcells,NYJ,Defensive,1997,-0.0588648319244384,0.121952474117279
Bill Parcells,NYJ,Defensive,1998,0.121952474117279,0.0300974249839782
Bruce Coslet,NYJ,Offensive,1990,-0.2162864208221435,-0.1641042232513427
Bruce Coslet,NYJ,Offensive,1991,-0.1641042232513427,-0.2088002860546112
Bruce Coslet,NYJ,Offensive,1992,-0.2088002860546112,-0.1532611846923828
Charley Winner,NYJ,Defensive,1974,0.1075786650180816,-0.0263447376966476
Eric Mangini,NYJ,Defensive,2006,0.0711403489112854,-0.1548168063163757
Eric Mangini,NYJ,Defensive,2007,-0.1548168063163757,0.0084621310234069
Joe Walton,NYJ,Offensive,1983,-0.0676653981208801,0.0983267426490783
Joe Walton,NYJ,Offensive,1984,0.0983267426490783,0.0004669427871704
Joe Walton,NYJ,Offensive,1985,0.0004669427871704,0.1619854867458343
Joe Walton,NYJ,Offensive,1986,0.1619854867458343,-0.046887195110321
Joe Walton,NYJ,Offensive,1987,-0.046887195110321,-0.086573950099945
Joe Walton,NYJ,Offensive,1988,-0.086573950099945,-0.0610345602035522
Rex Ryan,NYJ,Defensive,2009,-0.0269933938980102,0.1483825445175171
Rex Ryan,NYJ,Defensive,2010,0.1483825445175171,-0.1918126344680786
Rex Ryan,NYJ,Defensive,2011,-0.1918126344680786,-0.0099622309207916
Rex Ryan,NYJ,Defensive,2012,-0.0099622309207916,0.118982046842575
Rex Ryan,NYJ,Defensive,2013,0.118982046842575,-0.1588286161422729
Rich Kotite,NYJ,Offensive,1995,-0.1305767595767974,-0.1816851049661636
Robert Saleh,NYJ,Defensive,2021,0.0530124261856079,0.0090679555416107
Robert Saleh,NYJ,Defensive,2022,0.0090679555416107,-0.0403160125732421
Robert Saleh,NYJ,Defensive,2023,-0.0403160125732421,-0.1166682600975036
Todd Bowles,NYJ,Defensive,2015,-0.0639452934265136,0.0396939516067504
Todd Bowles,NYJ,Defensive,2016,0.0396939516067504,-0.1050843596458435
Todd Bowles,NYJ,Defensive,2017,-0.1050843596458435,-0.0747456848621368
Walt Michaels,NYJ,Defensive,1977,0.0121494018316268,0.0732655227184295
Walt Michaels,NYJ,Defensive,1978,0.0732655227184295,0.0033340156078338
Walt Michaels,NYJ,Defensive,1979,0.0033340156078338,-0.1836974024772644
Walt Michaels,NYJ,Defensive,1980,-0.1836974024772644,-0.0055964506149291
Walt Michaels,NYJ,Defensive,1981,-0.0055964506149291,0.0400055591583251
Weeb Ewbank,NYJ,Offensive,1970,-0.2551002138137817,0.118517504787445
Weeb Ewbank,NYJ,Offensive,1971,0.118517504787445,-0.0612221360206604
Weeb Ewbank,NYJ,Offensive,1972,-0.0612221360206604,0.0055787033557891
Bill Peterson,OTI,Offensive,1972,-0.1162306533813476,-0.1957220733165741
Bum Phillips,OTI,Defensive,1975,0.0419836276054382,-0.0147680441379547
Bum Phillips,OTI,Defensive,1976,-0.0147680441379547,0.0829890502929687
Bum Phillips,OTI,Defensive,1977,0.0829890502929687,0.0569018125534057
Bum Phillips,OTI,Defensive,1978,0.0569018125534057,0.033426821231842
Bum Phillips,OTI,Defensive,1979,0.033426821231842,0.0477645993232727
Ed Biles,OTI,Defensive,1981,-0.04342582821846,-0.1094065339803695
Ed Biles,OTI,Defensive,1982,-0.1094065339803695,-0.2262663841247558
Jack Pardee,OTI,Defensive,1990,-0.1593705415725708,0.0163118839263916
Jack Pardee,OTI,Defensive,1991,0.0163118839263916,0.0064132213592529
Jack Pardee,OTI,Defensive,1992,0.0064132213592529,0.0903633832931518
Jack Pardee,OTI,Defensive,1993,0.0903633832931518,-0.2193274140357971
Jeff Fisher,OTI,Defensive,1995,-0.0978489518165588,-0.1101484298706054
Jeff Fisher,OTI,Defensive,1996,-0.1101484298706054,-0.0327352285385131
Jeff Fisher,OTI,Defensive,1997,-0.0327352285385131,-0.1178274750709533
Jeff Fisher,OTI,Defensive,1998,-0.1178274750709533,0.1702672243118286
Jeff Fisher,OTI,Defensive,1999,0.1702672243118286,0.1193355321884155
Jeff Fisher,OTI,Defensive,2000,0.1193355321884155,0.0354195237159729
Jeff Fisher,OTI,Defensive,2001,0.0354195237159729,0.038076102733612
Jeff Fisher,OTI,Defensive,2002,0.038076102733612,0.0595317482948303
Jeff Fisher,OTI,Defensive,2003,0.0595317482948303,-0.0216588079929351
Jeff Fisher,OTI,Defensive,2004,-0.0216588079929351,-0.1287954449653625
Jeff Fisher,OTI,Defensive,2005,-0.1287954449653625,0.1071067154407501
Jeff Fisher,OTI,Defensive,2006,0.1071067154407501,0.0292639732360839
Jeff Fisher,OTI,Defensive,2007,0.0292639732360839,0.0403102040290832
Jeff Fisher,OTI,Defensive,2008,0.0403102040290832,-0.032605767250061
Jeff Fisher,OTI,Defensive,2009,-0.032605767250061,-0.047435313463211
Jerry Glanville,OTI,Defensive,1986,-0.0625174045562744,0.1458801388740539
Jerry Glanville,OTI,Defensive,1987,0.1458801388740539,0.0217382311820983
Jerry Glanville,OTI,Defensive,1988,0.0217382311820983,-0.0575315952301025
Ken Whisenhunt,OTI,Offensive,2014,-0.1135013699531555,-0.1726940175056457
Mike Mularkey,OTI,Offensive,2016,0.0402301549911499,-0.0704967975616455
Mike Munchak,OTI,Offensive,2011,0.0023841261863708,0.0069222450256347
Mike Munchak,OTI,Offensive,2012,0.0069222450256347,0.0153056979179382
Mike Vrabel,OTI,Defensive,2018,0.14597749710083,0.0415018796920776
Mike Vrabel,OTI,Defensive,2019,0.0415018796920776,0.1450166702270507
Mike Vrabel,OTI,Defensive,2020,0.1450166702270507,0.1504806741714477
Mike Vrabel,OTI,Defensive,2021,0.1504806741714477,0.0006092219829559
Mike Vrabel,OTI,Defensive,2022,0.0006092219829559,0.0505162493228912
Andy Reid,PHI,Offensive,1999,-0.1073913276195526,-0.000133454799652
Andy Reid,PHI,Offensive,2000,-0.000133454799652,0.0924728512763977
Andy Reid,PHI,Offensive,2001,0.0924728512763977,0.1202728152275085
Andy Reid,PHI,Offensive,2002,0.1202728152275085,0.1321061253547668
Andy Reid,PHI,Offensive,2003,0.1321061253547668,0.0752952098846435
Andy Reid,PHI,Offensive,2004,0.0752952098846435,0.0857590436935424
Andy Reid,PHI,Offensive,2005,0.0857590436935424,-0.0398886799812316
Andy Reid,PHI,Offensive,2006,-0.0398886799812316,0.0132630765438079
Andy Reid,PHI,Offensive,2007,0.0132630765438079,-0.0474393450736999
Andy Reid,PHI,Offensive,2008,-0.0474393450736999,0.0785541534423828
Andy Reid,PHI,Offensive,2009,0.0785541534423828,0.0118799805641174
Andy Reid,PHI,Offensive,2010,0.0118799805641174,-0.0548347234725952
Andy Reid,PHI,Offensive,2011,-0.0548347234725952,-0.0438749194145202
Buddy Ryan,PHI,Defensive,1986,-0.1196703695774078,0.0534232978343963
Buddy Ryan,PHI,Defensive,1987,0.0534232978343963,-0.0449200272560119
Buddy Ryan,PHI,Defensive,1988,-0.0449200272560119,0.0176171064376831
Buddy Ryan,PHI,Defensive,1989,0.0176171064376831,0.0259305238723754
Dick Vermeil,PHI,Offensive,1976,-0.0469330184936523,-0.2466155985832214
Dick Vermeil,PHI,Offensive,1977,-0.2466155985832214,-0.0598232746124267
Dick Vermeil,PHI,Offensive,1978,-0.0598232746124267,-0.0225027799606323
Dick Vermeil,PHI,Offensive,1979,-0.0225027799606323,0.0330765843391418
Dick Vermeil,PHI,Offensive,1980,0.0330765843391418,-0.0198022723197937
Dick Vermeil,PHI,Offensive,1981,-0.0198022723197937,-0.0978065077781677
Doug Pederson,PHI,Offensive,2016,-0.0518890023231506,0.1987578868865966
Doug Pederson,PHI,Offensive,2017,0.1987578868865966,0.0537617802619934
Doug Pederson,PHI,Offensive,2018,0.0537617802619934,0.0675631761550903
Doug Pederson,PHI,Offensive,2019,0.0675631761550903,-0.0521190977573394
Marion Campbell,PHI,Defensive,1983,-0.1052031517028808,-0.0585557139396667
Marion Campbell,PHI,Defensive,1984,-0.0585557139396667,-0.0305917620658874
Mike McCormack,PHI,Offensive,1973,-0.0087528129577636,0.040924072265625
Mike McCormack,PHI,Offensive,1974,0.040924072265625,-0.1981154911994934
Nick Sirianni,PHI,Offensive,2021,-0.0513148218154907,0.0443966016769409
Nick Sirianni,PHI,Offensive,2022,0.0443966016769409,0.0694560094833374
Nick Sirianni,PHI,Offensive,2023,0.0694560094833374,0.0893296227455139
Ray Rhodes,PHI,Defensive,1995,0.0793817639350891,0.0794472098350524
Ray Rhodes,PHI,Defensive,1996,0.0794472098350524,0.0568253182888031
Ray Rhodes,PHI,Defensive,1997,0.0568253182888031,-0.0564860850572586
Rich Kotite,PHI,Offensive,1991,0.0949524641036987,-0.0483249425888061
Rich Kotite,PHI,Offensive,1992,-0.0483249425888061,0.0275005102157592
Rich Kotite,PHI,Offensive,1993,0.0275005102157592,-0.2259407043457031
Bill Cowher,PIT,Defensive,1992,0.0578779578208923,-0.0900686979293823
Bill Cowher,PIT,Defensive,1993,-0.0900686979293823,0.0396233201026916
Bill Cowher,PIT,Defensive,1994,0.0396233201026916,0.1551317572593689
Bill Cowher,PIT,Defensive,1995,0.1551317572593689,-0.0297874808311462
Bill Cowher,PIT,Defensive,1996,-0.0297874808311462,0.070259153842926
Bill Cowher,PIT,Defensive,1997,0.070259153842926,-0.1016336679458618
Bill Cowher,PIT,Defensive,1998,-0.1016336679458618,-0.0313855111598968
Bill Cowher,PIT,Defensive,1999,-0.0313855111598968,-0.0081180334091186
Bill Cowher,PIT,Defensive,2000,-0.0081180334091186,0.1695556640625
Bill Cowher,PIT,Defensive,2001,0.1695556640625,0.0986919486045837
Bill Cowher,PIT,Defensive,2002,0.0986919486045837,-0.0810995101928711
Bill Cowher,PIT,Defensive,2003,-0.0810995101928711,0.2874031066894531
Bill Cowher,PIT,Defensive,2004,0.2874031066894531,0.1210238933563232
Bill Cowher,PIT,Defensive,2005,0.1210238933563232,-0.0360603928565979
Mike Tomlin,PIT,Defensive,2007,0.020546019077301,0.1927288174629211
Mike Tomlin,PIT,Defensive,2008,0.1927288174629211,-0.0773196816444397
Mike Tomlin,PIT,Defensive,2009,-0.0773196816444397,0.0209079384803771
Mike Tomlin,PIT,Defensive,2010,0.0209079384803771,0.1533796191215515
Mike Tomlin,PIT,Defensive,2011,0.1533796191215515,0.0696619153022766
Mike Tomlin,PIT,Defensive,2012,0.0696619153022766,-0.026168406009674
Mike Tomlin,PIT,Defensive,2013,-0.026168406009674,-0.0289528369903564
Mike Tomlin,PIT,Defensive,2014,-0.0289528369903564,0.1764038503170013
Mike Tomlin,PIT,Defensive,2015,0.1764038503170013,0.1418928503990173
Mike Tomlin,PIT,Defensive,2016,0.1418928503990173,0.2068135738372802
Mike Tomlin,PIT,Defensive,2017,0.2068135738372802,0.1045506811618804
Mike Tomlin,PIT,Defensive,2018,0.1045506811618804,0.1135026812553405
Mike Tomlin,PIT,Defensive,2019,0.1135026812553405,0.1195998191833496
Mike Tomlin,PIT,Defensive,2020,0.1195998191833496,-0.0344226777076721
Mike Tomlin,PIT,Defensive,2021,-0.0344226777076721,-0.0405158906936645
Mike Tomlin,PIT,Defensive,2022,-0.0405158906936645,-0.0852675168991089
Mike Tomlin,PIT,Defensive,2023,-0.0852675168991089,-0.01378974609375
Art Shell,RAI,Offensive,1990,0.1187599301338195,0.0787521302700042
Art Shell,RAI,Offensive,1991,0.0787521302700042,0.0450626909732818
Art Shell,RAI,Offensive,1992,0.0450626909732818,0.0316109657287597
Art Shell,RAI,Offensive,1993,0.0316109657287597,0.0216200351715087
Bill Callahan,RAI,Offensive,2002,0.0032137632369995,-0.066188246011734
Dennis Allen,RAI,Defensive,2012,-0.1454564332962036,-0.0215030014514923
Dennis Allen,RAI,Defensive,2013,-0.0215030014514923,-0.3147936761379242
Jack Del Rio,RAI,Defensive,2015,0.0277496874332427,0.0671994686126709
Jack Del Rio,RAI,Defensive,2016,0.0671994686126709,-0.0555637776851654
John Madden,RAI,Defensive,1970,0.1025518874168396,0.0210437277793884
John Madden,RAI,Defensive,1971,0.0210437277793884,0.0460895299911499
John Madden,RAI,Defensive,1972,0.0460895299911499,0.0768767462730407
John Madden,RAI,Defensive,1973,0.0768767462730407,0.1675652762413024
John Madden,RAI,Defensive,1974,0.1675652762413024,0.0955807334899901
John Madden,RAI,Defensive,1975,0.0955807334899901,0.304489241695404
John Madden,RAI,Defensive,1976,0.304489241695404,0.1151275999069213
John Madden,RAI,Defensive,1977,0.1151275999069213,-0.0176594257354736
Jon Gruden,RAI,Offensive,1998,-0.0439236760139465,-0.109808325767517
Jon Gruden,RAI,Offensive,1999,-0.109808325767517,-0.008958101272583
Jon Gruden,RAI,Offensive,2000,-0.008958101272583,-0.0018037557601928
Jon Gruden,RAI,Offensive,2018,-0.167163997888565,-0.0120220482349395
Jon Gruden,RAI,Offensive,2019,-0.0120220482349395,0.010794848203659
Jon Gruden,RAI,Offensive,2020,0.010794848203659,0.1177212953567504
Josh McDaniels,RAI,Offensive,2022,0.0118923799037933,-0.0405317246913909
Lane Kiffin,RAI,Offensive,2007,-0.051166832447052,-0.2505959272384643
Mike Shanahan,RAI,Offensive,1988,0.0439538359642028,-0.1318357288837433
Norv Turner,RAI,Offensive,2004,0.0083042979240417,-0.1531873941421508
Tom Cable,RAI,Offensive,2009,0.0506970286369323,0.0394791066646575
Tom Flores,RAI,Offensive,1979,-0.0142311453819274,0.0582939982414245
Tom Flores,RAI,Offensive,1980,0.0582939982414245,-0.0164803862571716
Tom Flores,RAI,Offensive,1981,-0.0164803862571716,0.2913542570114136
Tom Flores,RAI,Offensive,1982,0.2913542570114136,0.1575892567634582
Tom Flores,RAI,Offensive,1983,0.1575892567634582,0.1553681492805481
Tom Flores,RAI,Offensive,1984,0.1553681492805481,0.2291489243507385
Tom Flores,RAI,Offensive,1985,0.2291489243507385,-0.0422784090042114
Tom Flores,RAI,Offensive,1986,-0.0422784090042114,0.062579488325119
Chuck Knox,RAM,Offensive,1973,0.0825632115364074,0.0553177230834961
Chuck Knox,RAM,Offensive,1974,0.0553177230834961,0.1025118132591247
Chuck Knox,RAM,Offensive,1975,0.1025118132591247,0.0550112128257751
Chuck Knox,RAM,Offensive,1976,0.0550112128257751,-0.0234328872680663
Chuck Knox,RAM,Offensive,1992,-0.0703728795051574,0.0378644168376922
Chuck Knox,RAM,Offensive,1993,0.0378644168376922,-0.0704324543476104
Dick Vermeil,RAM,Offensive,1997,-0.1392739117145538,-0.1435831785202026
Dick Vermeil,RAM,Offensive,1998,-0.1435831785202026,0.0543658733367919
Jeff Fisher,RAM,Defensive,2012,-0.0863506876945495,0.0068458616733551
Jeff Fisher,RAM,Defensive,2013,0.0068458616733551,0.0845696032047271
Jeff Fisher,RAM,Defensive,2014,0.0845696032047271,0.0544012486934661
Jeff Fisher,RAM,Defensive,2015,0.0544012486934661,-0.0207054100513458
John Robinson,RAM,Offensive,1983,0.0273096561431884,0.1374075710773468
John Robinson,RAM,Offensive,1984,0.1374075710773468,-0.0490723848342895
John Robinson,RAM,Offensive,1985,-0.0490723848342895,-0.0422362685203552
John Robinson,RAM,Offensive,1986,-0.0422362685203552,0.0910645067691803
John Robinson,RAM,Offensive,1987,0.0910645067691803,-0.0466965436935424
John Robinson,RAM,Offensive,1988,-0.0466965436935424,0.0625603795051574
John Robinson,RAM,Offensive,1989,0.0625603795051574,-0.1554080247879028
John Robinson,RAM,Offensive,1990,-0.1554080247879028,-0.1096000969409942
Mike Martz,RAM,Offensive,2000,0.0478717684745788,0.1661702394485473
Mike Martz,RAM,Offensive,2001,0.1661702394485473,0.145483911037445
Mike Martz,RAM,Offensive,2002,0.145483911037445,0.1271166205406189
Mike Martz,RAM,Offensive,2003,0.1271166205406189,0.0846196413040161
Mike Martz,RAM,Offensive,2004,0.0846196413040161,0.0956028044223785
Ray Malavasi,RAM,Defensive,1978,0.0784167051315307,0.1498031318187713
Ray Malavasi,RAM,Defensive,1979,0.1498031318187713,0.085004985332489
Ray Malavasi,RAM,Defensive,1980,0.085004985332489,0.0299624502658844
Ray Malavasi,RAM,Defensive,1981,0.0299624502658844,-0.0849206808090209
Rich Brooks,RAM,Defensive,1995,-0.0902698040008544,-0.1052785813808441
Scott Linehan,RAM,Offensive,2006,-0.1078746914863586,-0.1323337852954864
Scott Linehan,RAM,Offensive,2007,-0.1323337852954864,-0.3365848362445831
Sean McVay,RAM,Offensive,2017,-0.0093938708305358,0.1212728023529052
Sean McVay,RAM,Offensive,2018,0.1212728023529052,-0.0039469599723815
Sean McVay,RAM,Offensive,2019,-0.0039469599723815,0.0581654906272888
Sean McVay,RAM,Offensive,2020,0.0581654906272888,0.1525230273246764
Sean McVay,RAM,Offensive,2021,0.1525230273246764,-0.0842487677574158
Sean McVay,RAM,Offensive,2022,-0.0842487677574158,0.0702886850357055
Sean McVay,RAM,Offensive,2023,0.0702886850357055,-0.0503666131973267
Steve Spagnuolo,RAM,Defensive,2009,-0.1013219058513641,-0.0366747677326202
Steve Spagnuolo,RAM,Defensive,2010,-0.0366747677326202,-0.2830073237419128
Brian Billick,RAV,Offensive,1999,-0.0469407439231872,0.0771329998970031
Brian Billick,RAV,Offensive,2000,0.0771329998970031,0.1556760370731353
Brian Billick,RAV,Offensive,2001,0.1556760370731353,-0.098897099494934
Brian Billick,RAV,Offensive,2002,-0.098897099494934,0.0368961095809936
Brian Billick,RAV,Offensive,2003,0.0368961095809936,-0.1053991317749023
Brian Billick,RAV,Offensive,2004,-0.1053991317749023,0.0089216232299804
Brian Billick,RAV,Offensive,2005,0.0089216232299804,0.1287460327148437
Brian Billick,RAV,Offensive,2006,0.1287460327148437,-0.1061491966247558
Ted Marchibroda,RAV,Offensive,1996,-0.1740712523460388,-0.1534149563789367
Ted Marchibroda,RAV,Offensive,1997,-0.1534149563789367,-0.1674836277961731
Al Saunders,SDG,Offensive,1987,0.2352420266151428,0.0604726076126098
Anthony Lynn,SDG,Offensive,2017,-0.1368844509124755,0.1499764919281005
Anthony Lynn,SDG,Offensive,2018,0.1499764919281005,-0.1687470376491546
Anthony Lynn,SDG,Offensive,2019,-0.1687470376491546,-0.0396139323711395
Bobby Ross,SDG,Offensive,1992,0.0764088034629821,-0.0410274267196655
Bobby Ross,SDG,Offensive,1993,-0.0410274267196655,0.0372832417488098
Bobby Ross,SDG,Offensive,1994,0.0372832417488098,0.1075709164142608
Bobby Ross,SDG,Offensive,1995,0.1075709164142608,0.0661424398422241
Brandon Staley,SDG,Defensive,2021,0.0385286301612853,-0.0715067713737488
Brandon Staley,SDG,Defensive,2022,-0.0715067713737488,-0.0364078382492065
Dan Henning,SDG,Offensive,1989,-0.0952319204807281,-0.0086757540702819
Dan Henning,SDG,Offensive,1990,-0.0086757540702819,-0.2703706622123718
Harland Svare,SDG,Defensive,1972,-0.1759733127117156,-0.0997170805931091
Marty Schottenheimer,SDG,Defensive,2002,-0.0843815803527832,-0.0693751871585846
Marty Schottenheimer,SDG,Defensive,2003,-0.0693751871585846,0.0970436930656433
Marty Schottenheimer,SDG,Defensive,2004,0.0970436930656433,0.0918037295341491
Marty Schottenheimer,SDG,Defensive,2005,0.0918037295341491,0.2303436994552612
Mike McCoy,SDG,Offensive,2013,0.079942911863327,0.2142290472984314
Mike McCoy,SDG,Offensive,2014,0.2142290472984314,-0.0838428437709808
Mike McCoy,SDG,Offensive,2015,-0.0838428437709808,-0.0839387476444244
Mike Riley,SDG,Defensive,1999,0.1353692412376403,-0.2238298058509826
Mike Riley,SDG,Defensive,2000,-0.2238298058509826,-0.242857813835144
Norv Turner,SDG,Offensive,2007,0.133672297000885,-0.1690092086791992
Norv Turner,SDG,Offensive,2008,-0.1690092086791992,0.1718857288360595
Norv Turner,SDG,Offensive,2009,0.1718857288360595,-0.0699620246887207
Norv Turner,SDG,Offensive,2010,-0.0699620246887207,-0.113034188747406
Norv Turner,SDG,Offensive,2011,-0.113034188747406,-0.0145081877708435
Chuck Knox,SEA,Offensive,1983,0.0887486636638641,0.139531135559082
Chuck Knox,SEA,Offensive,1984,0.139531135559082,-0.0997542142868042
Chuck Knox,SEA,Offensive,1985,-0.0997542142868042,-0.0448992848396301
Chuck Knox,SEA,Offensive,1986,-0.0448992848396301,0.2260223984718322
Chuck Knox,SEA,Offensive,1987,0.2260223984718322,0.0670996308326721
Chuck Knox,SEA,Offensive,1988,0.0670996308326721,0.0784422159194946
Chuck Knox,SEA,Offensive,1989,0.0784422159194946,0.1011605858802795
Chuck Knox,SEA,Offensive,1990,0.1011605858802795,0.0682125389575958
Dennis Erickson,SEA,Offensive,1995,0.0377054214477539,0.0961498916149139
Dennis Erickson,SEA,Offensive,1996,0.0961498916149139,0.0790073871612548
Dennis Erickson,SEA,Offensive,1997,0.0790073871612548,0.0031086802482604
Jack Patera,SEA,Defensive,1976,-0.2409140070438385,-0.1368487278461456
Jack Patera,SEA,Defensive,1977,-0.1368487278461456,-0.0695252418518066
Jack Patera,SEA,Defensive,1978,-0.0695252418518066,0.0807702541351318
Jack Patera,SEA,Defensive,1979,0.0807702541351318,-0.2216845154762268
Jack Patera,SEA,Defensive,1980,-0.2216845154762268,-0.1416248083114624
Jack Patera,SEA,Defensive,1981,-0.1416248083114624,-0.4190043210983276
Mike Holmgren,SEA,Offensive,1999,-0.0733967423439025,-0.0052900314331054
Mike Holmgren,SEA,Offensive,2000,-0.0052900314331054,0.107435256242752
Mike Holmgren,SEA,Offensive,2001,0.107435256242752,-0.0324724018573761
Mike Holmgren,SEA,Offensive,2002,-0.0324724018573761,0.1014842987060546
Mike Holmgren,SEA,Offensive,2003,0.1014842987060546,-0.0330554842948913
Mike Holmgren,SEA,Offensive,2004,-0.0330554842948913,0.1732277274131775
Mike Holmgren,SEA,Offensive,2005,0.1732277274131775,0.1736753582954406
Mike Holmgren,SEA,Offensive,2006,0.1736753582954406,-0.1154311895370483
Mike Holmgren,SEA,Offensive,2007,-0.1154311895370483,-0.0920003354549408
Pete Carroll,SEA,Defensive,2010,-0.0174822807312011,-0.1561324000358581
Pete Carroll,SEA,Defensive,2011,-0.1561324000358581,0.0670628547668457
Pete Carroll,SEA,Defensive,2012,0.0670628547668457,0.2462311387062072
Pete Carroll,SEA,Defensive,2013,0.2462311387062072,0.1225152611732482
Pete Carroll,SEA,Defensive,2014,0.1225152611732482,0.0115197300910949
Pete Carroll,SEA,Defensive,2015,0.0115197300910949,0.1315273725509643
Pete Carroll,SEA,Defensive,2016,0.1315273725509643,0.0685050189495086
Pete Carroll,SEA,Defensive,2017,0.0685050189495086,0.0336936712265014
Pete Carroll,SEA,Defensive,2018,0.0336936712265014,0.0480566620826721
Pete Carroll,SEA,Defensive,2019,0.0480566620826721,0.1452935934066772
Pete Carroll,SEA,Defensive,2020,0.1452935934066772,-0.1382432848930359
Pete Carroll,SEA,Defensive,2021,-0.1382432848930359,0.0884727627277374
Pete Carroll,SEA,Defensive,2022,0.0884727627277374,0.0245463937759399
Tom Flores,SEA,Offensive,1992,-0.2825442254543304,-0.1749315857887268
Tom Flores,SEA,Offensive,1993,-0.1749315857887268,-0.2368255853652954
Bill Walsh,SFO,Offensive,1979,-0.3166315853595733,0.0727132856845855
Bill Walsh,SFO,Offensive,1980,0.0727132856845855,0.1057003736495971
Bill Walsh,SFO,Offensive,1981,0.1057003736495971,-0.0990541820049286
Bill Walsh,SFO,Offensive,1982,-0.0990541820049286,-0.0658577680587768
Bill Walsh,SFO,Offensive,1983,-0.0658577680587768,0.1458579897880554
Bill Walsh,SFO,Offensive,1984,0.1458579897880554,-0.0379164814949035
Bill Walsh,SFO,Offensive,1985,-0.0379164814949035,0.0752837740898132
Bill Walsh,SFO,Offensive,1986,0.0752837740898132,0.2880293194770813
Bill Walsh,SFO,Offensive,1987,0.2880293194770813,-0.0876422524452209
Dennis Erickson,SFO,Offensive,2003,-0.0453385114669799,-0.0875624269247055
George Seifert,SFO,Defensive,1989,0.1768697500228881,0.2087554335594177
George Seifert,SFO,Defensive,1990,0.2087554335594177,0.1329750120639801
George Seifert,SFO,Defensive,1991,0.1329750120639801,0.1532834768295288
George Seifert,SFO,Defensive,1992,0.1532834768295288,0.0016266703605651
George Seifert,SFO,Defensive,1993,0.0016266703605651,0.0527887344360351
George Seifert,SFO,Defensive,1994,0.0527887344360351,-0.0194387435913085
George Seifert,SFO,Defensive,1995,-0.0194387435913085,0.101444661617279
Jim Harbaugh,SFO,Offensive,2011,0.1455761790275573,0.1004707730293273
Jim Harbaugh,SFO,Offensive,2012,0.1004707730293273,0.0969327092170715
Jim Harbaugh,SFO,Offensive,2013,0.0969327092170715,-0.0328565239906311
Kyle Shanahan,SFO,Offensive,2017,0.0981949865818023,0.0236672312021255
Kyle Shanahan,SFO,Offensive,2018,0.0236672312021255,0.2689619660377502
Kyle Shanahan,SFO,Offensive,2019,0.2689619660377502,0.108785331249237
Kyle Shanahan,SFO,Offensive,2020,0.108785331249237,0.1096509367942809
Kyle Shanahan,SFO,Offensive,2021,0.1096509367942809,0.0340521976470947
Kyle Shanahan,SFO,Offensive,2022,0.0340521976470947,0.0046538576126098
Kyle Shanahan,SFO,Offensive,2023,0.0046538576126098,-0.0185347183704376
Mike Nolan,SFO,Defensive,2005,-0.036695510149002,-0.0898241996765136
Mike Nolan,SFO,Defensive,2006,-0.0898241996765136,-0.0321191549301147
Mike Nolan,SFO,Defensive,2007,-0.0321191549301147,-0.1750307016849517
Mike Singletary,SFO,Defensive,2009,-0.0876750946044921,-0.0761975292682647
Steve Mariucci,SFO,Offensive,1997,0.0713158249855041,0.1039366722106933
Steve Mariucci,SFO,Offensive,1998,0.1039366722106933,-0.0541501939296722
Steve Mariucci,SFO,Offensive,1999,-0.0541501939296722,-0.2004773616790771
Steve Mariucci,SFO,Offensive,2000,-0.2004773616790771,0.0559840202331543
Steve Mariucci,SFO,Offensive,2001,0.0559840202331543,-0.008965253829956
Bruce Arians,TAM,Offensive,2019,0.024555891752243,0.0174977779388427
Bruce Arians,TAM,Offensive,2020,0.0174977779388427,0.0973886892318726
Dirk Koetter,TAM,Offensive,2016,0.0555101037025451,-0.08797487616539
Dirk Koetter,TAM,Offensive,2017,-0.08797487616539,-0.1074669957160949
Greg Schiano,TAM,Defensive,2012,0.0108670592308044,-0.2655196189880371
Jon Gruden,TAM,Offensive,2002,0.0343896746635437,-0.1465372443199157
Jon Gruden,TAM,Offensive,2003,-0.1465372443199157,-0.1705841124057769
Jon Gruden,TAM,Offensive,2004,-0.1705841124057769,0.066304326057434
Jon Gruden,TAM,Offensive,2005,0.066304326057434,-0.0657752752304077
Jon Gruden,TAM,Offensive,2006,-0.0657752752304077,-0.0625328421592712
Jon Gruden,TAM,Offensive,2007,-0.0625328421592712,-0.0125584006309509
Leeman Bennett,TAM,Offensive,1985,-0.1757217943668365,-0.218214750289917
Lovie Smith,TAM,Defensive,2014,-0.1890991628170013,-0.0388989448547363
Ray Perkins,TAM,Offensive,1987,-0.0950730736732483,-0.1011494696140289
Ray Perkins,TAM,Offensive,1988,-0.1011494696140289,-0.0946919322013855
Ray Perkins,TAM,Offensive,1989,-0.0946919322013855,-0.0663954750537872
Sam Wyche,TAM,Offensive,1992,-0.0863627791404724,0.0263608396053314
Sam Wyche,TAM,Offensive,1993,0.0263608396053314,-0.0418544709682464
Sam Wyche,TAM,Offensive,1994,-0.0418544709682464,0.0500102043151855
Todd Bowles,TAM,Defensive,2022,-0.0830375045776367,-0.0396723061561584
Todd Bowles,TAM,Defensive,2023,-0.0396723061561584,0.1613351673603057
Tony Dungy,TAM,Defensive,1996,-0.0498628914356231,0.0129753351211547
Tony Dungy,TAM,Defensive,1997,0.0129753351211547,0.0133596360683441
Tony Dungy,TAM,Defensive,1998,0.0133596360683441,0.0826641321182251
Tony Dungy,TAM,Defensive,1999,0.0826641321182251,-0.0879881381988525
Tony Dungy,TAM,Defensive,2000,-0.0879881381988525,-0.1379722952842712
George Allen,WAS,Defensive,1971,-0.0232624544143676,0.1208291418075561
George Allen,WAS,Defensive,1972,0.1208291418075561,0.034574293422699
George Allen,WAS,Defensive,1973,0.034574293422699,0.0303867691040039
George Allen,WAS,Defensive,1974,0.0303867691040039,0.0234455598831176
George Allen,WAS,Defensive,1975,0.0234455598831176,0.0831287138938904
George Allen,WAS,Defensive,1976,0.0831287138938904,0.0654984215736389
Jack Pardee,WAS,Defensive,1978,-0.0186603069305419,-0.0896161794662475
Jack Pardee,WAS,Defensive,1979,-0.0896161794662475,-0.231736958026886
Jay Gruden,WAS,Offensive,2014,-0.0409152209758758,0.0296221375465393
Jay Gruden,WAS,Offensive,2015,0.0296221375465393,-0.0936879432678222
Jay Gruden,WAS,Offensive,2016,-0.0936879432678222,-0.0076763033866882
Jay Gruden,WAS,Offensive,2017,-0.0076763033866882,0.077186644077301
Jay Gruden,WAS,Offensive,2018,0.077186644077301,-0.3051139116287231
Jim Zorn,WAS,Offensive,2008,-0.0981842279434204,-0.1576999127864837
Joe Gibbs,WAS,Offensive,1981,-0.0297649502754211,0.375211137676239
Joe Gibbs,WAS,Offensive,1982,0.375211137676239,0.1609074473381042
Joe Gibbs,WAS,Offensive,1983,0.1609074473381042,0.0656291842460632
Joe Gibbs,WAS,Offensive,1984,0.0656291842460632,0.1682807207107544
Joe Gibbs,WAS,Offensive,1985,0.1682807207107544,0.2259814143180847
Joe Gibbs,WAS,Offensive,1986,0.2259814143180847,0.1806909139633178
Joe Gibbs,WAS,Offensive,1987,0.1806909139633178,0.0866104662418365
Joe Gibbs,WAS,Offensive,1988,0.0866104662418365,0.0390470623970031
Joe Gibbs,WAS,Offensive,1989,0.0390470623970031,0.0308956503868103
Joe Gibbs,WAS,Offensive,1990,0.0308956503868103,0.1033104658126831
Joe Gibbs,WAS,Offensive,1991,0.1033104658126831,-0.0205854773521423
Joe Gibbs,WAS,Offensive,2004,-0.1015436053276062,-0.0353761315345764
Joe Gibbs,WAS,Offensive,2005,-0.0353761315345764,-0.0966695845127105
Joe Gibbs,WAS,Offensive,2006,-0.0966695845127105,0.0370916724205017
Mike Shanahan,WAS,Offensive,2010,-0.0331744849681854,-0.1229074299335479
Mike Shanahan,WAS,Offensive,2011,-0.1229074299335479,0.0250758528709411
Mike Shanahan,WAS,Offensive,2012,0.0250758528709411,-0.3265142440795898
Norv Turner,WAS,Offensive,1994,-0.2694196999073028,-0.0279008746147155
Norv Turner,WAS,Offensive,1995,-0.0279008746147155,-0.0774178504943847
Norv Turner,WAS,Offensive,1996,-0.0774178504943847,0.0171558343887329
Norv Turner,WAS,Offensive,1997,0.0171558343887329,-0.1444143652915954
Norv Turner,WAS,Offensive,1998,-0.1444143652915954,-0.0365743041038513
Norv Turner,WAS,Offensive,1999,-0.0365743041038513,0.0037078747749328
Ron Rivera,WAS,Defensive,2020,-0.0078136324882507,0.0690439968585968
Ron Rivera,WAS,Defensive,2021,0.0690439968585968,0.0849011242389679
Ron Rivera,WAS,Defensive,2022,0.0849011242389679,-0.1100506231307983
Steve Spurrier,WAS,Offensive,2002,0.0696538984775543,-0.0743555128574371
