Coach,Team,Year_N,Predictor,Outcome,Background
Arthur Smith,ATL,2021,-0.1247166068077087,-0.0182886988639831,Offensive
Arthur Smith,ATL,2022,-0.0182886988639831,-0.0527292162895202,Offensive
Dan Henning,ATL,1983,-0.0122696161270141,-0.0899777710437774,Offensive
Dan Henning,ATL,1984,-0.0899777710437774,-0.091093361377716,Offensive
Dan Henning,ATL,1985,-0.091093361377716,0.0276477253913879,Offensive
Dan Quinn,ATL,2015,-0.0626770257949829,0.0319371819496154,Defensive
Dan Quinn,ATL,2016,0.0319371819496154,0.0228088498115539,Defensive
Dan Quinn,ATL,2017,0.0228088498115539,-0.1849768161773681,Defensive
Dan Quinn,ATL,2018,-0.1849768161773681,-0.0477257370948791,Defensive
Dan Quinn,ATL,2019,-0.0477257370948791,-0.5407525300979614,Defensive
Dan Reeves,ATL,1997,-0.1570367813110351,0.1921172142028808,Offensive
Dan Reeves,ATL,1998,0.1921172142028808,-0.0478734672069549,Offensive
Dan Reeves,ATL,1999,-0.0478734672069549,-0.0536603331565856,Offensive
Dan Reeves,ATL,2000,-0.0536603331565856,0.0025051236152648,Offensive
Dan Reeves,ATL,2001,0.0025051236152648,-0.0384173476219177,Offensive
Dan Reeves,ATL,2002,-0.0384173476219177,-0.0749303428649902,Offensive
Jerry Glanville,ATL,1990,-0.0968622863292694,0.2187332808971405,Defensive
Jerry Glanville,ATL,1991,0.2187332808971405,0.0264277756214141,Defensive
Jerry Glanville,ATL,1992,0.0264277756214141,-0.0357109606266021,Defensive
Jim Mora Jr,ATL,2004,0.0526846051216125,-0.1306765675544738,Defensive
Jim Mora Jr,ATL,2005,-0.1306765675544738,-0.1360363364219665,Defensive
June Jones,ATL,1994,0.0088628232479095,0.0062209367752075,Offensive
June Jones,ATL,1995,0.0062209367752075,-0.0379083007574081,Offensive
Leeman Bennett,ATL,1977,-0.1888415217399597,0.0514534711837768,Offensive
Leeman Bennett,ATL,1978,0.0514534711837768,0.0325069725513458,Offensive
Leeman Bennett,ATL,1979,0.0325069725513458,0.0522706508636474,Offensive
Leeman Bennett,ATL,1980,0.0522706508636474,-0.0765871405601501,Offensive
Leeman Bennett,ATL,1981,-0.0765871405601501,0.0514056807518005,Offensive
Marion Campbell,ATL,1975,-0.1308804684162139,-0.0768539488315582,Defensive
Marion Campbell,ATL,1987,-0.0482509464025497,-0.1371230483055114,Defensive
Marion Campbell,ATL,1988,-0.1371230483055114,-0.1404032409191131,Defensive
Mike Smith,ATL,2008,0.0224594473838806,0.0448362231254577,Defensive
Mike Smith,ATL,2009,0.0448362231254577,0.0444747805595397,Defensive
Mike Smith,ATL,2010,0.0444747805595397,-0.0550358295440673,Defensive
Mike Smith,ATL,2011,-0.0550358295440673,0.1840152740478515,Defensive
Mike Smith,ATL,2012,0.1840152740478515,-0.1320071220397949,Defensive
Mike Smith,ATL,2013,-0.1320071220397949,-0.1291852593421936,Defensive
Norm Van Brocklin,ATL,1970,0.0171231826305389,0.0917487210750579,Offensive
Norm Van Brocklin,ATL,1971,0.0917487210750579,-0.0893038511276245,Offensive
Norm Van Brocklin,ATL,1972,-0.0893038511276245,-0.0094854732513427,Offensive
Norm Van Brocklin,ATL,1973,-0.0094854732513427,-0.0044771432876586,Offensive
Chuck Knox,BUF,1978,-0.073917418718338,-0.1375056505203247,Offensive
Chuck Knox,BUF,1979,-0.1375056505203247,0.0793762803077697,Offensive
Chuck Knox,BUF,1980,0.0793762803077697,0.0885816216468811,Offensive
Chuck Knox,BUF,1981,0.0885816216468811,0.0150875622272491,Offensive
Dick Jauron,BUF,2006,-0.0416882932186126,0.0166366696357727,Defensive
Dick Jauron,BUF,2007,0.0166366696357727,-0.0101131796836853,Defensive
Dick Jauron,BUF,2008,-0.0101131796836853,-0.0531947259426117,Defensive
Doug Marrone,BUF,2013,-0.0912384986877441,-0.0059106349945068,Offensive
Gregg Williams,BUF,2001,-0.0951068401336669,-0.0610566139221191,Defensive
Gregg Williams,BUF,2002,-0.0610566139221191,0.0143094360828399,Defensive
Kay Stephenson,BUF,1983,0.0722004473209381,-0.1580646932125091,Offensive
Kay Stephenson,BUF,1984,-0.1580646932125091,-0.2172645926475525,Offensive
Lou Saban,BUF,1972,-0.0124565230369567,0.2162788013458252,Other
Lou Saban,BUF,1973,0.2162788013458252,0.1869357625484466,Other
Lou Saban,BUF,1974,0.1869357625484466,-0.0310217009544372,Other
Lou Saban,BUF,1975,-0.0310217009544372,-0.0473783373832702,Other
Marv Levy,BUF,1987,0.1075895254135131,0.1266670823097229,Other
Marv Levy,BUF,1988,0.1266670823097229,-0.0414381027221679,Other
Marv Levy,BUF,1989,-0.0414381027221679,0.0980134606361389,Other
Marv Levy,BUF,1990,0.0980134606361389,0.1021844148635864,Other
Marv Levy,BUF,1991,0.1021844148635864,-0.0173078179359436,Other
Marv Levy,BUF,1992,-0.0173078179359436,0.17106294631958,Other
Marv Levy,BUF,1993,0.17106294631958,-0.1065483689308166,Other
Marv Levy,BUF,1994,-0.1065483689308166,0.0560598373413085,Other
Marv Levy,BUF,1995,0.0560598373413085,0.1019448637962341,Other
Marv Levy,BUF,1996,0.1019448637962341,-0.0333910286426544,Other
Mike Mularkey,BUF,2004,-0.0099991559982299,-0.098716914653778,Offensive
Rex Ryan,BUF,2015,-0.013706624507904,-0.0608448560714721,Defensive
Sean McDermott,BUF,2017,0.0085555911064147,-0.0365201830863952,Defensive
Sean McDermott,BUF,2018,-0.0365201830863952,-0.069421648979187,Defensive
Sean McDermott,BUF,2019,-0.069421648979187,0.1349321007728576,Defensive
Sean McDermott,BUF,2020,0.1349321007728576,-0.00075897731781,Defensive
Sean McDermott,BUF,2021,-0.00075897731781,0.1835145354270935,Defensive
Sean McDermott,BUF,2022,0.1835145354270935,0.0339055939674377,Defensive
Sean McDermott,BUF,2023,0.0339055939674377,0.0630240485191345,Defensive
Wade Phillips,BUF,1998,0.0052018761634826,0.114264965057373,Defensive
Wade Phillips,BUF,1999,0.114264965057373,-0.0438923835754394,Defensive
Dom Capers,CAR,1995,-0.0424998104572296,0.0357038378715515,Defensive
Dom Capers,CAR,1996,0.0357038378715515,-0.0088915526866912,Defensive
Dom Capers,CAR,1997,-0.0088915526866912,-0.1332252621650695,Defensive
George Seifert,CAR,1999,-0.1067336201667785,-0.0081173181533813,Defensive
George Seifert,CAR,2000,-0.0081173181533813,-0.2871533036231994,Defensive
John Fox,CAR,2002,-0.0323130786418914,0.039372980594635,Defensive
John Fox,CAR,2003,0.039372980594635,-0.1649112701416015,Defensive
John Fox,CAR,2004,-0.1649112701416015,-0.03925621509552,Defensive
John Fox,CAR,2005,-0.03925621509552,0.0741823017597198,Defensive
John Fox,CAR,2006,0.0741823017597198,0.0920072495937347,Defensive
John Fox,CAR,2007,0.0920072495937347,0.0892253518104553,Defensive
John Fox,CAR,2008,0.0892253518104553,-0.024043321609497,Defensive
John Fox,CAR,2009,-0.024043321609497,-0.1592509448528289,Defensive
Ron Rivera,CAR,2011,-0.1597231030464172,-0.0657629370689392,Defensive
Ron Rivera,CAR,2012,-0.0657629370689392,0.1751381754875183,Defensive
Ron Rivera,CAR,2013,0.1751381754875183,0.0308143413543701,Defensive
Ron Rivera,CAR,2014,0.0308143413543701,0.1779907941818237,Defensive
Ron Rivera,CAR,2015,0.1779907941818237,-0.0784071087837219,Defensive
Ron Rivera,CAR,2016,-0.0784071087837219,0.1581352353096008,Defensive
Ron Rivera,CAR,2017,0.1581352353096008,-0.0164214074611663,Defensive
Ron Rivera,CAR,2018,-0.0164214074611663,0.0841308776855468,Defensive
Dave Wannstedt,CHI,1993,-0.1281197667121887,0.1062707901000976,Defensive
Dave Wannstedt,CHI,1994,0.1062707901000976,-0.0990656018257141,Defensive
Dave Wannstedt,CHI,1995,-0.0990656018257141,0.0464385747909545,Defensive
Dave Wannstedt,CHI,1996,0.0464385747909545,-0.0560613274574279,Defensive
Dave Wannstedt,CHI,1997,-0.0560613274574279,-0.1054523587226867,Defensive
Dick Jauron,CHI,1999,-0.031191736459732,-0.0016853511333465,Defensive
Dick Jauron,CHI,2000,-0.0016853511333465,0.1289533376693725,Defensive
Dick Jauron,CHI,2001,0.1289533376693725,-0.0505808293819427,Defensive
Dick Jauron,CHI,2002,-0.0505808293819427,0.0881414413452148,Defensive
Jack Pardee,CHI,1975,0.0305969185352325,0.06402587890625,Defensive
Jack Pardee,CHI,1976,0.06402587890625,0.0626424054145813,Defensive
John Fox,CHI,2015,0.048938512802124,-0.0285480916500091,Defensive
John Fox,CHI,2016,-0.0285480916500091,0.0474509894847869,Defensive
Lovie Smith,CHI,2004,-0.0614801943302154,0.0864747762680053,Defensive
Lovie Smith,CHI,2005,0.0864747762680053,0.1383600831031799,Defensive
Lovie Smith,CHI,2006,0.1383600831031799,-0.0093410313129425,Defensive
Lovie Smith,CHI,2007,-0.0093410313129425,-0.0274728536605834,Defensive
Lovie Smith,CHI,2008,-0.0274728536605834,-0.0223788022994995,Defensive
Lovie Smith,CHI,2009,-0.0223788022994995,-0.0180988311767578,Defensive
Lovie Smith,CHI,2010,-0.0180988311767578,0.0219568610191345,Defensive
Lovie Smith,CHI,2011,0.0219568610191345,0.0022412538528442,Defensive
Marc Trestman,CHI,2013,-0.0943361520767211,-0.0285301208496093,Offensive
Matt Eberflus,CHI,2022,-0.1648358032703399,-0.1160352499008178,Defensive
Matt Eberflus,CHI,2023,-0.1160352499008178,-0.2614926044464111,Defensive
Matt Nagy,CHI,2018,0.1194403171539306,0.0339952707290649,Offensive
Matt Nagy,CHI,2019,0.0339952707290649,0.0411914885044097,Offensive
Matt Nagy,CHI,2020,0.0411914885044097,0.091359438085556,Offensive
Mike Ditka,CHI,1982,-0.108905399274826,0.0012118518352508,Offensive
Mike Ditka,CHI,1983,0.0012118518352508,-0.0625489354133606,Offensive
Mike Ditka,CHI,1984,-0.0625489354133606,0.139523446559906,Offensive
Mike Ditka,CHI,1985,0.139523446559906,0.1038019061088562,Offensive
Mike Ditka,CHI,1986,0.1038019061088562,0.3551184232711791,Offensive
Mike Ditka,CHI,1987,0.3551184232711791,0.0098170042037963,Offensive
Mike Ditka,CHI,1988,0.0098170042037963,-0.0993596315383911,Offensive
Mike Ditka,CHI,1989,-0.0993596315383911,-0.008914291858673,Offensive
Mike Ditka,CHI,1990,-0.008914291858673,0.0638236403465271,Offensive
Mike Ditka,CHI,1991,0.0638236403465271,-0.0325120389461517,Offensive
Neill Armstrong,CHI,1978,0.0608299970626831,-0.0178358554840087,Defensive
Neill Armstrong,CHI,1979,-0.0178358554840087,-0.0696728825569152,Defensive
Neill Armstrong,CHI,1980,-0.0696728825569152,-0.0124138593673706,Defensive
Bill Johnson,CIN,1976,-0.0502032405853271,0.0309163464546203,Offensive
Bill Johnson,CIN,1977,0.0309163464546203,-0.2697403132915497,Offensive
Bruce Coslet,CIN,1997,-0.0869082808494567,-0.1764848828315735,Offensive
Bruce Coslet,CIN,1998,-0.1764848828315735,-0.0879907310009002,Offensive
Bruce Coslet,CIN,1999,-0.0879907310009002,-0.3084686994552612,Offensive
David Shula,CIN,1992,-0.1126896739006042,-0.1360737085342407,Offensive
David Shula,CIN,1993,-0.1360737085342407,-0.0228975415229797,Offensive
David Shula,CIN,1994,-0.0228975415229797,-0.0303130149841308,Offensive
David Shula,CIN,1995,-0.0303130149841308,-0.4186788698196411,Offensive
Dick LeBeau,CIN,2001,0.1009054183959961,-0.1144177019596099,Defensive
Forrest Gregg,CIN,1980,0.0498161017894744,0.1309239268302917,Offensive
Forrest Gregg,CIN,1981,0.1309239268302917,0.0617213609695435,Offensive
Forrest Gregg,CIN,1982,0.0617213609695435,-0.0681471824645996,Offensive
Marvin Lewis,CIN,2003,-0.0676085352897644,0.0397047102451324,Defensive
Marvin Lewis,CIN,2004,0.0397047102451324,-0.0784957408905029,Defensive
Marvin Lewis,CIN,2005,-0.0784957408905029,-0.1477059721946716,Defensive
Marvin Lewis,CIN,2006,-0.1477059721946716,-0.1583643555641174,Defensive
Marvin Lewis,CIN,2007,-0.1583643555641174,0.0341921233654022,Defensive
Marvin Lewis,CIN,2008,0.0341921233654022,-0.0009093284606933,Defensive
Marvin Lewis,CIN,2009,-0.0009093284606933,-0.1985202729701995,Defensive
Marvin Lewis,CIN,2010,-0.1985202729701995,-0.0227628350257873,Defensive
Marvin Lewis,CIN,2011,-0.0227628350257873,0.1417404413223266,Defensive
Marvin Lewis,CIN,2012,0.1417404413223266,0.1281784772872924,Defensive
Marvin Lewis,CIN,2013,0.1281784772872924,0.018347033214569,Defensive
Marvin Lewis,CIN,2014,0.018347033214569,0.0740082859992981,Defensive
Marvin Lewis,CIN,2015,0.0740082859992981,-0.2335410631179809,Defensive
Marvin Lewis,CIN,2016,-0.2335410631179809,-0.0097913742065429,Defensive
Marvin Lewis,CIN,2017,-0.0097913742065429,0.0286420285701751,Defensive
Paul Brown,CIN,1970,-0.0856510268211364,-0.3089420431137085,Other
Paul Brown,CIN,1971,-0.3089420431137085,-0.04150043592453,Other
Paul Brown,CIN,1972,-0.04150043592453,0.1085618370056152,Other
Paul Brown,CIN,1973,0.1085618370056152,0.0400449037551879,Other
Paul Brown,CIN,1974,0.0400449037551879,0.0834082729339599,Other
Sam Wyche,CIN,1984,0.0400842428207397,-0.2411929965019226,Offensive
Sam Wyche,CIN,1985,-0.2411929965019226,0.1062982082366943,Offensive
Sam Wyche,CIN,1986,0.1062982082366943,-0.0488512511730194,Offensive
Sam Wyche,CIN,1987,-0.0488512511730194,0.0177878141403198,Offensive
Sam Wyche,CIN,1988,0.0177878141403198,-0.1992882490158081,Offensive
Sam Wyche,CIN,1989,-0.1992882490158081,0.068910926580429,Offensive
Sam Wyche,CIN,1990,0.068910926580429,-0.0951468050479888,Offensive
Zac Taylor,CIN,2019,-0.1715821325778961,-0.0472836113452911,Offensive
Zac Taylor,CIN,2020,-0.0472836113452911,-0.0334832995414734,Offensive
Zac Taylor,CIN,2021,-0.0334832995414734,0.1095595359802246,Offensive
Zac Taylor,CIN,2022,0.1095595359802246,0.0770202368736266,Offensive
Zac Taylor,CIN,2023,0.0770202368736266,-0.0140092879295349,Offensive
Bill Belichick,CLE,1991,-0.1160678565502166,0.1076692938804626,Defensive
Bill Belichick,CLE,1992,0.1076692938804626,0.0567588210105896,Defensive
Bill Belichick,CLE,1993,0.0567588210105896,0.0430879592895507,Defensive
Bill Belichick,CLE,1994,0.0430879592895507,-0.1081408262252807,Defensive
Bud Carson,CLE,1989,-0.0629358374595642,-0.0776532354831695,Defensive
Chris Palmer,CLE,1999,-0.1892237961292266,-0.087197333574295,Offensive
Eric Mangini,CLE,2009,-0.0708449482917785,-0.0979858338832855,Defensive
Forrest Gregg,CLE,1975,0.0148192130804061,0.1498671869277954,Offensive
Forrest Gregg,CLE,1976,0.1498671869277954,-0.0185148010253906,Offensive
Hue Jackson,CLE,2016,-0.1958534121513366,-0.1803456246852874,Offensive
Hue Jackson,CLE,2017,-0.1803456246852874,-0.1379187405109405,Offensive
Kevin Stefanski,CLE,2020,0.1612114906311035,0.1225225537776947,Offensive
Kevin Stefanski,CLE,2021,0.1225225537776947,0.0242227643013,Offensive
Kevin Stefanski,CLE,2022,0.0242227643013,0.2637430711746216,Offensive
Kevin Stefanski,CLE,2023,0.2637430711746216,-0.0222659633159637,Offensive
Marty Schottenheimer,CLE,1985,-0.0447043180465698,0.0660027861595153,Defensive
Marty Schottenheimer,CLE,1986,0.0660027861595153,0.0500695054054259,Defensive
Marty Schottenheimer,CLE,1987,0.0500695054054259,0.0543532371520996,Defensive
Mike Pettine,CLE,2014,-0.0076493322849273,-0.1074902713298797,Defensive
Pat Shurmur,CLE,2011,-0.2457832396030426,-0.1767173707485199,Offensive
Romeo Crennel,CLE,2005,-0.0685387551784515,-0.0833323895931243,Defensive
Romeo Crennel,CLE,2006,-0.0833323895931243,-0.0121301412582397,Defensive
Romeo Crennel,CLE,2007,-0.0121301412582397,-0.1458525955677032,Defensive
Chuck Pagano,CLT,2012,0.2492112219333648,0.0837824940681457,Defensive
Chuck Pagano,CLT,2013,0.0837824940681457,0.2300783097743988,Defensive
Chuck Pagano,CLT,2014,0.2300783097743988,-0.0384401679039001,Defensive
Chuck Pagano,CLT,2015,-0.0384401679039001,0.1178095340728759,Defensive
Chuck Pagano,CLT,2016,0.1178095340728759,-0.1636719107627868,Defensive
Don McCafferty,CLT,1970,0.0993045104980469,-0.0604755646705627,Offensive
Don McCafferty,CLT,1971,-0.0604755646705627,-0.3568677186965942,Offensive
Frank Kush,CLT,1982,-0.1267970228433609,0.0588668286800384,Offensive
Frank Kush,CLT,1983,0.0588668286800384,0.0062717501640319,Offensive
Frank Reich,CLT,2018,0.1298249661922454,-0.1150928139686584,Offensive
Frank Reich,CLT,2019,-0.1150928139686584,0.0163846015930175,Offensive
Frank Reich,CLT,2020,0.0163846015930175,-0.1075154453277588,Offensive
Frank Reich,CLT,2021,-0.1075154453277588,0.0846883834838867,Offensive
Howard Schnellenberger,CLT,1973,-0.0340989165782928,-0.1799088567495346,Offensive
Jim Caldwell,CLT,2009,0.2835623025894165,0.1963546276092529,Offensive
Jim Caldwell,CLT,2010,0.1963546276092529,-0.3391137421131134,Offensive
Jim Mora Sr,CLT,1998,-0.024231418967247,0.2172447443008422,Defensive
Jim Mora Sr,CLT,1999,0.2172447443008422,0.0454751253128051,Defensive
Jim Mora Sr,CLT,2000,0.0454751253128051,-0.0323813259601593,Defensive
Lindy Infante,CLT,1996,0.1227725744247436,-0.1583964228630066,Offensive
Mike McCormack,CLT,1980,-0.0884660482406616,-0.1387852728366851,Offensive
Rod Dowhower,CLT,1985,0.0043938755989074,-0.2318941205739975,Offensive
Ron Meyer,CLT,1987,0.1247010290622711,0.1435840129852295,Other
Ron Meyer,CLT,1988,0.1435840129852295,-0.0488309860229492,Other
Ron Meyer,CLT,1989,-0.0488309860229492,0.1762599050998687,Other
Ron Meyer,CLT,1990,0.1762599050998687,-0.3096218407154083,Other
Shane Steichen,CLT,2023,0.0501611918449401,0.0209085255622863,Offensive
Ted Marchibroda,CLT,1975,0.0228640072822571,0.0520813233375548,Offensive
Ted Marchibroda,CLT,1976,0.0520813233375548,0.0016724699020386,Offensive
Ted Marchibroda,CLT,1977,0.0016724699020386,0.0721983611583709,Offensive
Ted Marchibroda,CLT,1978,0.0721983611583709,-0.0857681632041931,Offensive
Ted Marchibroda,CLT,1992,0.1853205263614654,-0.0372488796710968,Offensive
Ted Marchibroda,CLT,1993,-0.0372488796710968,-0.0218832492828369,Offensive
Ted Marchibroda,CLT,1994,-0.0218832492828369,-0.0302191376686096,Offensive
Tony Dungy,CLT,2002,0.1105068325996398,0.0977746248245239,Defensive
Tony Dungy,CLT,2003,0.0977746248245239,0.0279979705810546,Defensive
Tony Dungy,CLT,2004,0.0279979705810546,0.105093240737915,Defensive
Tony Dungy,CLT,2005,0.105093240737915,0.0478042960166931,Defensive
Tony Dungy,CLT,2006,0.0478042960166931,0.0639126896858215,Defensive
Tony Dungy,CLT,2007,0.0639126896858215,0.2172634005546569,Defensive
Bob Hollway,CRD,1971,-0.1657490001678466,0.007920367860794,Defensive
Bruce Arians,CRD,2013,0.0845048427581787,0.1759350895881652,Offensive
Bruce Arians,CRD,2014,0.1759350895881652,0.1013218760490417,Offensive
Bruce Arians,CRD,2015,0.1013218760490417,-0.0177006804466247,Offensive
Bruce Arians,CRD,2016,-0.0177006804466247,0.0622816681861877,Offensive
Bud Wilkinson,CRD,1978,-0.0360909402370452,-0.1761342613220214,Other
Buddy Ryan,CRD,1994,0.0135332942008972,-0.0769992172718048,Defensive
Dave McGinnis,CRD,2001,-0.1241582036018371,-0.0035164058208465,Defensive
Dave McGinnis,CRD,2002,-0.0035164058208465,-0.0116942822933197,Defensive
Dennis Green,CRD,2004,-0.0110664963722229,-0.0337727963924407,Offensive
Dennis Green,CRD,2005,-0.0337727963924407,-0.0776146352291107,Offensive
Don Coryell,CRD,1973,-0.0334491299152374,0.1292721264839172,Other
Don Coryell,CRD,1974,0.1292721264839172,0.1281373269081115,Other
Don Coryell,CRD,1975,0.1281373269081115,0.1027716629981995,Other
Don Coryell,CRD,1976,0.1027716629981995,0.036927044391632,Other
Gene Stallings,CRD,1986,0.0060613238334655,0.0242172901153564,Defensive
Gene Stallings,CRD,1987,0.0242172901153564,0.067070335149765,Defensive
Gene Stallings,CRD,1988,0.067070335149765,0.2401753915548324,Defensive
Jim Hanifan,CRD,1980,0.0033597946166992,0.1072600483894348,Offensive
Jim Hanifan,CRD,1981,0.1072600483894348,0.0934981828689575,Offensive
Jim Hanifan,CRD,1982,0.0934981828689575,0.0263735734939575,Offensive
Jim Hanifan,CRD,1983,0.0263735734939575,-0.0589389204978942,Offensive
Jim Hanifan,CRD,1984,-0.0589389204978942,0.0073310136795043,Offensive
Joe Bugel,CRD,1990,-0.0401811301708221,-0.0165723860263824,Offensive
Joe Bugel,CRD,1991,-0.0165723860263824,-0.0756085515022277,Offensive
Joe Bugel,CRD,1992,-0.0756085515022277,-0.0086224973201751,Offensive
Jonathan Gannon,CRD,2023,-0.0339684531211852,0.0651287048816681,Defensive
Ken Whisenhunt,CRD,2007,0.0340234637260437,0.031750202178955,Offensive
Ken Whisenhunt,CRD,2008,0.031750202178955,0.0535224080085754,Offensive
Ken Whisenhunt,CRD,2009,0.0535224080085754,-0.1114681363105773,Offensive
Ken Whisenhunt,CRD,2010,-0.1114681363105773,0.0247114300727844,Offensive
Ken Whisenhunt,CRD,2011,0.0247114300727844,-0.0976547598838806,Offensive
Kliff Kingsbury,CRD,2019,-0.0223357164382934,0.1184368729591369,Offensive
Kliff Kingsbury,CRD,2020,0.1184368729591369,0.0349924250602722,Offensive
Kliff Kingsbury,CRD,2021,0.0349924250602722,-0.0509445414066314,Offensive
Vince Tobin,CRD,1996,0.0498432517051696,-0.0843894481658935,Defensive
Vince Tobin,CRD,1997,-0.0843894481658935,0.003450334072113,Defensive
Vince Tobin,CRD,1998,0.003450334072113,0.0303020775318145,Defensive
Vince Tobin,CRD,1999,0.0303020775318145,-0.0182419949054717,Defensive
Barry Switzer,DAL,1994,0.0743051171302795,0.0775838494300842,Offensive
Barry Switzer,DAL,1995,0.0775838494300842,0.0366934537887573,Offensive
Barry Switzer,DAL,1996,0.0366934537887573,-0.0057460963726043,Offensive
Bill Parcells,DAL,2003,0.1360438168048858,0.1206099689006805,Defensive
Bill Parcells,DAL,2004,0.1206099689006805,0.110209971666336,Defensive
Bill Parcells,DAL,2005,0.110209971666336,0.0201796293258667,Defensive
Dave Campo,DAL,2000,-0.0298221111297607,-0.0075310468673706,Defensive
Dave Campo,DAL,2001,-0.0075310468673706,-0.166378378868103,Defensive
Jason Garrett,DAL,2011,-0.1300855875015258,0.0261317789554595,Offensive
Jason Garrett,DAL,2012,0.0261317789554595,0.0273965597152709,Offensive
Jason Garrett,DAL,2013,0.0273965597152709,0.0256111621856689,Offensive
Jason Garrett,DAL,2014,0.0256111621856689,-0.015744149684906,Offensive
Jason Garrett,DAL,2015,-0.015744149684906,0.1915783882141113,Offensive
Jason Garrett,DAL,2016,0.1915783882141113,0.0768898725509643,Offensive
Jason Garrett,DAL,2017,0.0768898725509643,0.1129313707351684,Offensive
Jason Garrett,DAL,2018,0.1129313707351684,0.0008794963359832,Offensive
Jimmy Johnson,DAL,1989,-0.0561568215489387,0.0651995241641998,Defensive
Jimmy Johnson,DAL,1990,0.0651995241641998,0.1574358344078064,Defensive
Jimmy Johnson,DAL,1991,0.1574358344078064,0.132455825805664,Defensive
Jimmy Johnson,DAL,1992,0.132455825805664,0.0448935031890869,Defensive
Mike McCarthy,DAL,2020,0.0942661166191101,0.0371746286392211,Offensive
Mike McCarthy,DAL,2021,0.0371746286392211,0.1726848348617553,Offensive
Mike McCarthy,DAL,2022,0.1726848348617553,-0.0115652814865112,Offensive
Mike McCarthy,DAL,2023,-0.0115652814865112,0.0264093308925628,Offensive
Tom Landry,DAL,1970,0.0409445994377136,0.0523601538658141,Defensive
Tom Landry,DAL,1971,0.0523601538658141,0.066441261100769,Defensive
Tom Landry,DAL,1972,0.066441261100769,0.1144216888427734,Defensive
Tom Landry,DAL,1973,0.1144216888427734,0.1094453169345855,Defensive
Tom Landry,DAL,1974,0.1094453169345855,0.0898387663841248,Defensive
Tom Landry,DAL,1975,0.0898387663841248,0.1506600148200988,Defensive
Tom Landry,DAL,1976,0.1506600148200988,0.0975850125312804,Defensive
Tom Landry,DAL,1977,0.0975850125312804,0.065172791481018,Defensive
Tom Landry,DAL,1978,0.065172791481018,0.0499458312988281,Defensive
Tom Landry,DAL,1979,0.0499458312988281,0.0590472221374511,Defensive
Tom Landry,DAL,1980,0.0590472221374511,-0.0122773051261901,Defensive
Tom Landry,DAL,1981,-0.0122773051261901,-0.050367539691925,Defensive
Tom Landry,DAL,1982,-0.050367539691925,0.0799843668937683,Defensive
Tom Landry,DAL,1983,0.0799843668937683,0.0825510919094085,Defensive
Tom Landry,DAL,1984,0.0825510919094085,0.0329693555831909,Defensive
Tom Landry,DAL,1985,0.0329693555831909,0.0591773688793182,Defensive
Tom Landry,DAL,1986,0.0591773688793182,-0.0124668355464935,Defensive
Tom Landry,DAL,1987,-0.0124668355464935,-0.1117601096630096,Defensive
Wade Phillips,DAL,2007,0.1956860423088073,0.1941494047641754,Defensive
Wade Phillips,DAL,2008,0.1941494047641754,0.067264437675476,Defensive
Wade Phillips,DAL,2009,0.067264437675476,-0.366425096988678,Defensive
Dan Reeves,DEN,1981,-0.0271136760711669,-0.0858674707889556,Offensive
Dan Reeves,DEN,1982,-0.0858674707889556,0.0490856766700744,Offensive
Dan Reeves,DEN,1983,0.0490856766700744,0.1580179929733276,Offensive
Dan Reeves,DEN,1984,0.1580179929733276,0.0496951937675476,Offensive
Dan Reeves,DEN,1985,0.0496951937675476,0.0782734155654907,Offensive
Dan Reeves,DEN,1986,0.0782734155654907,0.1755748510360717,Offensive
Dan Reeves,DEN,1987,0.1755748510360717,0.0872152149677276,Offensive
Dan Reeves,DEN,1988,0.0872152149677276,0.0629238486289978,Offensive
Dan Reeves,DEN,1989,0.0629238486289978,-0.0423542559146881,Offensive
Dan Reeves,DEN,1990,-0.0423542559146881,0.0883598923683166,Offensive
Dan Reeves,DEN,1991,0.0883598923683166,0.2266210913658142,Offensive
Gary Kubiak,DEN,2015,0.2229573726654052,0.0756889879703521,Offensive
John Fox,DEN,2011,-0.0030800700187683,0.0546614527702331,Defensive
John Fox,DEN,2012,0.0546614527702331,0.0951261520385742,Defensive
John Fox,DEN,2013,0.0951261520385742,0.0553948283195495,Defensive
John Ralston,DEN,1972,0.1137394954919814,0.0982321335315704,Offensive
John Ralston,DEN,1973,0.0982321335315704,0.061503118944168,Offensive
John Ralston,DEN,1974,0.061503118944168,0.1368107067108154,Offensive
John Ralston,DEN,1975,0.1368107067108154,0.1496364573478699,Offensive
Josh McDaniels,DEN,2009,-0.0396176576614379,-0.2109608054161071,Offensive
Lou Saban,DEN,1970,-0.036887516593933,0.0127243164062499,Other
Mike Shanahan,DEN,1995,0.0500507354736328,0.1225229501724243,Offensive
Mike Shanahan,DEN,1996,0.1225229501724243,-0.0058022737503051,Offensive
Mike Shanahan,DEN,1997,-0.0058022737503051,0.1154618859291076,Offensive
Mike Shanahan,DEN,1998,0.1154618859291076,-0.031754732131958,Offensive
Mike Shanahan,DEN,1999,-0.031754732131958,-0.058647334575653,Offensive
Mike Shanahan,DEN,2000,-0.058647334575653,-0.0798313021659851,Offensive
Mike Shanahan,DEN,2001,-0.0798313021659851,0.0552948117256164,Offensive
Mike Shanahan,DEN,2002,0.0552948117256164,0.0649887323379516,Offensive
Mike Shanahan,DEN,2003,0.0649887323379516,0.0052724480628967,Offensive
Mike Shanahan,DEN,2004,0.0052724480628967,0.0533878207206726,Offensive
Mike Shanahan,DEN,2005,0.0533878207206726,0.0382419228553772,Offensive
Mike Shanahan,DEN,2006,0.0382419228553772,0.023881584405899,Offensive
Mike Shanahan,DEN,2007,0.023881584405899,0.1153358221054077,Offensive
Red Miller,DEN,1977,0.1572436591148376,-0.058128535747528,Offensive
Red Miller,DEN,1978,-0.058128535747528,0.1511801183223724,Offensive
Red Miller,DEN,1979,0.1511801183223724,0.0465163588523864,Offensive
Sean Payton,DEN,2023,-0.1126336544990539,-0.0473339884757996,Offensive
Vance Joseph,DEN,2017,-0.0170460045337677,-0.0645892024040222,Defensive
Vic Fangio,DEN,2019,0.0895002782344818,0.0376899242401123,Defensive
Vic Fangio,DEN,2020,0.0376899242401123,-0.0190841824531555,Defensive
Wade Phillips,DEN,1993,-0.0286874771118164,-0.0849145054817199,Defensive
Bobby Ross,DET,1997,-0.0051829814910888,-0.0929276645183563,Offensive
Bobby Ross,DET,1998,-0.0929276645183563,-0.0336461663246154,Offensive
Bobby Ross,DET,1999,-0.0336461663246154,0.0387517934799194,Offensive
Dan Campbell,DET,2021,-0.1574915483951568,-0.0879561811447143,Offensive
Dan Campbell,DET,2022,-0.0879561811447143,0.071943210029602,Offensive
Dan Campbell,DET,2023,0.071943210029602,0.2880049585342407,Offensive
Darryl Rogers,DET,1985,0.0445294380187988,-0.1307941079139709,Defensive
Darryl Rogers,DET,1986,-0.1307941079139709,-0.0630208249568939,Defensive
Darryl Rogers,DET,1987,-0.0630208249568939,-0.0803312737464904,Defensive
Jim Caldwell,DET,2014,0.0216445922851562,-0.071562647819519,Offensive
Jim Caldwell,DET,2015,-0.071562647819519,-0.0431481599807739,Offensive
Jim Caldwell,DET,2016,-0.0431481599807739,-0.0301219224929809,Offensive
Jim Schwartz,DET,2009,-0.1259890496730804,0.0064420998096466,Defensive
Jim Schwartz,DET,2010,0.0064420998096466,-0.0568641424179077,Defensive
Jim Schwartz,DET,2011,-0.0568641424179077,-0.2376232147216797,Defensive
Jim Schwartz,DET,2012,-0.2376232147216797,-0.1333313584327697,Defensive
Joe Schmidt,DET,1970,0.0404376619338989,-0.1281617515563965,Defensive
Joe Schmidt,DET,1971,-0.1281617515563965,0.0633187790870666,Defensive
Marty Mornhinweg,DET,2001,-0.2459703981876373,-0.0659891068935394,Offensive
Monte Clark,DET,1978,-0.0202993154525756,-0.0825619548559188,Offensive
Monte Clark,DET,1979,-0.0825619548559188,-0.0649642348289489,Offensive
Monte Clark,DET,1980,-0.0649642348289489,-0.0465174317359924,Offensive
Monte Clark,DET,1981,-0.0465174317359924,-0.0648859268188476,Offensive
Monte Clark,DET,1982,-0.0648859268188476,0.0628457963466644,Offensive
Monte Clark,DET,1983,0.0628457963466644,-0.047874203968048,Offensive
Rick Forzano,DET,1974,0.0268590450286865,-0.0107284188270568,Offensive
Rick Forzano,DET,1975,-0.0107284188270568,-0.3267610669136047,Offensive
Rod Marinelli,DET,2006,-0.2318329215049743,-0.0562818050384521,Defensive
Rod Marinelli,DET,2007,-0.0562818050384521,-0.1885173916816711,Defensive
Steve Mariucci,DET,2003,0.0582683384418487,-0.1088788211345672,Offensive
Steve Mariucci,DET,2004,-0.1088788211345672,-0.0445848561763763,Offensive
Wayne Fontes,DET,1989,0.092018574476242,0.0008942186832427,Defensive
Wayne Fontes,DET,1990,0.0008942186832427,0.1926784515380859,Defensive
Wayne Fontes,DET,1991,0.1926784515380859,-0.1191961467266082,Defensive
Wayne Fontes,DET,1992,-0.1191961467266082,0.0914461612701416,Defensive
Wayne Fontes,DET,1993,0.0914461612701416,-0.0105244517326354,Defensive
Wayne Fontes,DET,1994,-0.0105244517326354,-0.1113782525062561,Defensive
Wayne Fontes,DET,1995,-0.1113782525062561,-0.2177393436431884,Defensive
Bart Starr,GNB,1975,0.004706210565567,0.0473956962585448,Offensive
Bart Starr,GNB,1976,0.0473956962585448,-0.0795941584587097,Offensive
Bart Starr,GNB,1977,-0.0795941584587097,-0.0321443593978881,Offensive
Bart Starr,GNB,1978,-0.0321443593978881,-0.0748180150985717,Offensive
Bart Starr,GNB,1979,-0.0748180150985717,0.0517054117202758,Offensive
Bart Starr,GNB,1980,0.0517054117202758,0.0188401639461517,Offensive
Bart Starr,GNB,1981,0.0188401639461517,0.0619002400398254,Offensive
Bart Starr,GNB,1982,0.0619002400398254,0.0891653895378112,Offensive
Dan Devine,GNB,1971,-0.0738878349304199,0.0908194416046143,Other
Dan Devine,GNB,1972,0.0908194416046143,0.0866052375793456,Other
Dan Devine,GNB,1973,0.0866052375793456,-0.0230107141971588,Other
Forrest Gregg,GNB,1984,0.0139543116092681,0.1899001002311706,Offensive
Forrest Gregg,GNB,1985,0.1899001002311706,0.0387734025716781,Offensive
Forrest Gregg,GNB,1986,0.0387734025716781,-0.0538372631549834,Offensive
Lindy Infante,GNB,1988,-0.073385089635849,-0.026730477809906,Offensive
Lindy Infante,GNB,1989,-0.026730477809906,-0.071826696395874,Offensive
Lindy Infante,GNB,1990,-0.071826696395874,-0.1606466174125671,Offensive
Matt LaFleur,GNB,2019,0.0701102018356323,0.1125108003616333,Offensive
Matt LaFleur,GNB,2020,0.1125108003616333,0.0417386338233948,Offensive
Matt LaFleur,GNB,2021,0.0417386338233948,-0.1702392190933227,Offensive
Matt LaFleur,GNB,2022,-0.1702392190933227,0.0712525636196136,Offensive
Matt LaFleur,GNB,2023,0.0712525636196136,0.1015901251792907,Offensive
Mike Holmgren,GNB,1992,0.0852160453796386,0.0490177869796752,Offensive
Mike Holmgren,GNB,1993,0.0490177869796752,-0.1267806887626648,Offensive
Mike Holmgren,GNB,1994,-0.1267806887626648,0.1863428354263305,Offensive
Mike Holmgren,GNB,1995,0.1863428354263305,0.0609527826309204,Offensive
Mike Holmgren,GNB,1996,0.0609527826309204,0.1058177351951599,Offensive
Mike Holmgren,GNB,1997,0.1058177351951599,0.2136296033859253,Offensive
Mike McCarthy,GNB,2006,0.0335240960121154,0.1288489699363708,Offensive
Mike McCarthy,GNB,2007,0.1288489699363708,-0.2470888495445251,Offensive
Mike McCarthy,GNB,2008,-0.2470888495445251,-0.0783397555351257,Offensive
Mike McCarthy,GNB,2009,-0.0783397555351257,-0.0614734888076782,Offensive
Mike McCarthy,GNB,2010,-0.0614734888076782,0.1780165433883667,Offensive
Mike McCarthy,GNB,2011,0.1780165433883667,-0.0177130699157714,Offensive
Mike McCarthy,GNB,2012,-0.0177130699157714,0.0886211776256561,Offensive
Mike McCarthy,GNB,2013,0.0886211776256561,-0.0278363823890686,Offensive
Mike McCarthy,GNB,2014,-0.0278363823890686,-0.0449946522712707,Offensive
Mike McCarthy,GNB,2015,-0.0449946522712707,-0.0242267847061157,Offensive
Mike McCarthy,GNB,2016,-0.0242267847061157,0.155870258808136,Offensive
Mike McCarthy,GNB,2017,0.155870258808136,-0.0297253727912902,Offensive
Mike Sherman,GNB,2000,-0.0749844908714294,0.041595458984375,Offensive
Mike Sherman,GNB,2001,0.041595458984375,0.1532096266746521,Offensive
Mike Sherman,GNB,2002,0.1532096266746521,0.0192465782165527,Offensive
Mike Sherman,GNB,2003,0.0192465782165527,0.1949522495269775,Offensive
Mike Sherman,GNB,2004,0.1949522495269775,-0.1061515212059021,Offensive
Bill O'Brien,HTX,2014,-0.0158843994140625,0.179421067237854,Offensive
Bill O'Brien,HTX,2015,0.179421067237854,0.1744705438613891,Offensive
Bill O'Brien,HTX,2016,0.1744705438613891,-0.0077378749847412,Offensive
Bill O'Brien,HTX,2017,-0.0077378749847412,0.0423958897590637,Offensive
Bill O'Brien,HTX,2018,0.0423958897590637,0.1736240088939666,Offensive
Bill O'Brien,HTX,2019,0.1736240088939666,-0.340683102607727,Offensive
DeMeco Ryans,HTX,2023,0.1026409537315368,-0.0113966196060181,Defensive
Dom Capers,HTX,2002,-0.0628147721290588,0.0192420184612274,Defensive
Dom Capers,HTX,2003,0.0192420184612274,-0.1981935501098632,Defensive
Dom Capers,HTX,2004,-0.1981935501098632,-0.2563785016536712,Defensive
Gary Kubiak,HTX,2006,-0.0588948428630828,0.1481768786907196,Offensive
Gary Kubiak,HTX,2007,0.1481768786907196,0.0607436895370483,Offensive
Gary Kubiak,HTX,2008,0.0607436895370483,0.0032541751861572,Offensive
Gary Kubiak,HTX,2009,0.0032541751861572,-0.181793212890625,Offensive
Gary Kubiak,HTX,2010,-0.181793212890625,-0.0341440439224243,Offensive
Gary Kubiak,HTX,2011,-0.0341440439224243,0.063497245311737,Offensive
Gary Kubiak,HTX,2012,0.063497245311737,-0.0500460075855255,Offensive
Doug Marrone,JAX,2017,-0.0385351777076721,-0.0810848176479339,Offensive
Doug Marrone,JAX,2018,-0.0810848176479339,-0.0174250900745391,Offensive
Doug Marrone,JAX,2019,-0.0174250900745391,-0.186083510518074,Offensive
Doug Pederson,JAX,2022,-0.1099215656280517,-0.0529094248771667,Offensive
Doug Pederson,JAX,2023,-0.0529094248771667,-0.0431135937690734,Offensive
Gus Bradley,JAX,2013,-0.0203181207180023,-0.0393396317958831,Defensive
Gus Bradley,JAX,2014,-0.0393396317958831,-0.1546534895896911,Defensive
Gus Bradley,JAX,2015,-0.1546534895896911,-0.1972209414005279,Defensive
Jack Del Rio,JAX,2003,-0.0139762163162231,-0.0048075318336486,Defensive
Jack Del Rio,JAX,2004,-0.0048075318336486,0.0457220673561096,Defensive
Jack Del Rio,JAX,2005,0.0457220673561096,-0.0625306367874145,Defensive
Jack Del Rio,JAX,2006,-0.0625306367874145,0.0489063262939453,Defensive
Jack Del Rio,JAX,2007,0.0489063262939453,-0.099366694688797,Defensive
Jack Del Rio,JAX,2008,-0.099366694688797,0.0156636238098144,Defensive
Jack Del Rio,JAX,2009,0.0156636238098144,0.1524535417556762,Defensive
Jack Del Rio,JAX,2010,0.1524535417556762,-0.1651085136413574,Defensive
Tom Coughlin,JAX,1995,-0.1225909292697906,0.0591156482696533,Offensive
Tom Coughlin,JAX,1996,0.0591156482696533,0.0143858194351196,Offensive
Tom Coughlin,JAX,1997,0.0143858194351196,0.1279391050338745,Offensive
Tom Coughlin,JAX,1998,0.1279391050338745,0.1369280219078064,Offensive
Tom Coughlin,JAX,1999,0.1369280219078064,-0.057676762342453,Offensive
Tom Coughlin,JAX,2000,-0.057676762342453,-0.1837937235832214,Offensive
Tom Coughlin,JAX,2001,-0.1837937235832214,-0.1922281384468078,Offensive
Andy Reid,KAN,2013,0.0119428038597106,0.0570443272590637,Offensive
Andy Reid,KAN,2014,0.0570443272590637,0.0423769950866699,Offensive
Andy Reid,KAN,2015,0.0423769950866699,0.1064305305480957,Offensive
Andy Reid,KAN,2016,0.1064305305480957,-0.0179955959320068,Offensive
Andy Reid,KAN,2017,-0.0179955959320068,0.1201476454734802,Offensive
Andy Reid,KAN,2018,0.1201476454734802,0.107475996017456,Offensive
Andy Reid,KAN,2019,0.107475996017456,0.1849697828292846,Offensive
Andy Reid,KAN,2020,0.1849697828292846,0.1026751860618591,Offensive
Andy Reid,KAN,2021,0.1026751860618591,0.1760103330612182,Offensive
Andy Reid,KAN,2022,0.1760103330612182,0.1235025211334228,Offensive
Andy Reid,KAN,2023,0.1235025211334228,0.2567873238563537,Offensive
Dick Vermeil,KAN,2001,-0.0105195045471191,-0.0609896779060363,Offensive
Dick Vermeil,KAN,2002,-0.0609896779060363,0.0462344288825988,Offensive
Dick Vermeil,KAN,2003,0.0462344288825988,-0.0829325914382934,Offensive
Dick Vermeil,KAN,2004,-0.0829325914382934,0.0434386134147644,Offensive
Frank Gansz,KAN,1987,-0.0962844188690185,-0.130412868309021,Offensive
Gunther Cunningham,KAN,1999,-0.016689121723175,-0.1439462900161743,Defensive
Hank Stram,KAN,1970,-0.0913662181854247,-0.0173054933547973,Other
Hank Stram,KAN,1971,-0.0173054933547973,0.0120513571739196,Other
Hank Stram,KAN,1972,0.0120513571739196,-0.048000680065155,Other
Hank Stram,KAN,1973,-0.048000680065155,-0.0628434816837311,Other
John Mackovic,KAN,1983,-0.1685841679573059,-0.0653531551361084,Offensive
John Mackovic,KAN,1984,-0.0653531551361084,-0.1032838523387909,Offensive
John Mackovic,KAN,1985,-0.1032838523387909,0.0327069163322448,Offensive
Marty Schottenheimer,KAN,1989,0.1476615750312805,-0.0303069949150085,Defensive
Marty Schottenheimer,KAN,1990,-0.0303069949150085,0.0737337470054626,Defensive
Marty Schottenheimer,KAN,1991,0.0737337470054626,0.0044354200363159,Defensive
Marty Schottenheimer,KAN,1992,0.0044354200363159,0.1141613125801086,Defensive
Marty Schottenheimer,KAN,1993,0.1141613125801086,0.0626319348812103,Defensive
Marty Schottenheimer,KAN,1994,0.0626319348812103,0.1180989742279052,Defensive
Marty Schottenheimer,KAN,1995,0.1180989742279052,0.0258535742759704,Defensive
Marty Schottenheimer,KAN,1996,0.0258535742759704,0.1369507312774658,Defensive
Marty Schottenheimer,KAN,1997,0.1369507312774658,0.0421430170536041,Defensive
Marv Levy,KAN,1978,-0.1873176991939544,-0.0462745726108551,Other
Marv Levy,KAN,1979,-0.0462745726108551,-0.0351744890213012,Other
Marv Levy,KAN,1980,-0.0351744890213012,0.0599905252456665,Other
Marv Levy,KAN,1981,0.0599905252456665,-0.1294482295036316,Other
Paul Wiggin,KAN,1975,-0.06902025141716,-0.1683994034767151,Defensive
Paul Wiggin,KAN,1976,-0.1683994034767151,-0.2164060076236724,Defensive
Todd Haley,KAN,2009,-0.108932614326477,0.0484693050384521,Offensive
Todd Haley,KAN,2010,0.0484693050384521,-0.1575816706657409,Offensive
Adam Gase,MIA,2016,0.1655351221561432,0.0588466823101043,Offensive
Adam Gase,MIA,2017,0.0588466823101043,-0.0310674309730529,Offensive
Brian Flores,MIA,2019,0.0127593576908111,0.1085322499275207,Defensive
Brian Flores,MIA,2020,0.1085322499275207,0.0371200233936309,Defensive
Dave Wannstedt,MIA,2000,-0.00049889087677,0.1564630270004272,Defensive
Dave Wannstedt,MIA,2001,0.1564630270004272,-0.0970505475997924,Defensive
Dave Wannstedt,MIA,2002,-0.0970505475997924,0.0203114748001098,Defensive
Dave Wannstedt,MIA,2003,0.0203114748001098,-0.1315931411027908,Defensive
Don Shula,MIA,1970,0.0548406475067139,0.0514791011810302,Defensive
Don Shula,MIA,1971,0.0514791011810302,0.141763687133789,Defensive
Don Shula,MIA,1972,0.141763687133789,0.1150280734062194,Defensive
Don Shula,MIA,1973,0.1150280734062194,0.1912504798889159,Defensive
Don Shula,MIA,1974,0.1912504798889159,0.0933982365608215,Defensive
Don Shula,MIA,1975,0.0933982365608215,-0.0172770751953125,Defensive
Don Shula,MIA,1976,-0.0172770751953125,0.1625541680335999,Defensive
Don Shula,MIA,1977,0.1625541680335999,0.0756785869598388,Defensive
Don Shula,MIA,1978,0.0756785869598388,0.1010016798973083,Defensive
Don Shula,MIA,1979,0.1010016798973083,0.0931593775749206,Defensive
Don Shula,MIA,1980,0.0931593775749206,0.1318647182464599,Defensive
Don Shula,MIA,1981,0.1318647182464599,0.1554084184646607,Defensive
Don Shula,MIA,1982,0.1554084184646607,0.0750526785850524,Defensive
Don Shula,MIA,1983,0.0750526785850524,0.0722365975379943,Defensive
Don Shula,MIA,1984,0.0722365975379943,0.1610838770866394,Defensive
Don Shula,MIA,1985,0.1610838770866394,-0.0150210261344909,Defensive
Don Shula,MIA,1986,-0.0150210261344909,0.0888139482021331,Defensive
Don Shula,MIA,1987,0.0888139482021331,0.0294228494167327,Defensive
Don Shula,MIA,1988,0.0294228494167327,0.1354176700115203,Defensive
Don Shula,MIA,1989,0.1354176700115203,0.0967260003089904,Defensive
Don Shula,MIA,1990,0.0967260003089904,0.084276795387268,Defensive
Don Shula,MIA,1991,0.084276795387268,0.0634733438491821,Defensive
Don Shula,MIA,1992,0.0634733438491821,0.1626977622509002,Defensive
Don Shula,MIA,1993,0.1626977622509002,0.0074480772018432,Defensive
Don Shula,MIA,1994,0.0074480772018432,0.1606097221374511,Defensive
Jimmy Johnson,MIA,1996,-0.0591968894004821,0.0733942687511444,Defensive
Jimmy Johnson,MIA,1997,0.0733942687511444,0.0188605785369873,Defensive
Jimmy Johnson,MIA,1998,0.0188605785369873,0.0695025622844696,Defensive
Joe Philbin,MIA,2012,-0.0247434675693511,-0.0121761560440063,Offensive
Joe Philbin,MIA,2013,-0.0121761560440063,0.0153132379055023,Offensive
Joe Philbin,MIA,2014,0.0153132379055023,-0.1912705898284912,Offensive
Mike McDaniel,MIA,2022,0.1837090343475341,0.1084316655158996,Offensive
Mike McDaniel,MIA,2023,0.1084316655158996,0.0588456302642822,Offensive
Nick Saban,MIA,2005,0.0095235109329223,-0.0126404464244842,Defensive
Tony Sparano,MIA,2008,-0.0317926406860351,0.117352157831192,Offensive
Tony Sparano,MIA,2009,0.117352157831192,0.0636844933032989,Offensive
Tony Sparano,MIA,2010,0.0636844933032989,-0.3090373061180115,Offensive
Brad Childress,MIN,2006,-0.2060681581497192,-0.1261966824531555,Offensive
Brad Childress,MIN,2007,-0.1261966824531555,0.0088996291160583,Offensive
Brad Childress,MIN,2008,0.0088996291160583,0.0204465985298156,Offensive
Brad Childress,MIN,2009,0.0204465985298156,-0.1556486904621124,Offensive
Bud Grant,MIN,1970,0.0303257604598998,0.0834007627487182,Other
Bud Grant,MIN,1971,0.0834007627487182,-0.1284830570220947,Other
Bud Grant,MIN,1972,-0.1284830570220947,0.0781614681243896,Other
Bud Grant,MIN,1973,0.0781614681243896,-0.045962906551361,Other
Bud Grant,MIN,1974,-0.045962906551361,-0.0547717908859253,Other
Bud Grant,MIN,1975,-0.0547717908859253,0.130311383152008,Other
Bud Grant,MIN,1976,0.130311383152008,0.1119133333206177,Other
Bud Grant,MIN,1977,0.1119133333206177,0.1006115161895752,Other
Bud Grant,MIN,1978,0.1006115161895752,-0.1063663363456726,Other
Bud Grant,MIN,1979,-0.1063663363456726,-0.0717946887016296,Other
Bud Grant,MIN,1980,-0.0717946887016296,0.006388634443283,Other
Bud Grant,MIN,1981,0.006388634443283,0.0288882380485534,Other
Bud Grant,MIN,1982,0.0288882380485534,0.0050180852413177,Other
Dennis Green,MIN,1992,0.0201984643936157,-0.0668290853500366,Offensive
Dennis Green,MIN,1993,-0.0668290853500366,0.0985252261161804,Offensive
Dennis Green,MIN,1994,0.0985252261161804,-0.0906545519828796,Offensive
Dennis Green,MIN,1995,-0.0906545519828796,0.0124528408050537,Offensive
Dennis Green,MIN,1996,0.0124528408050537,0.139322429895401,Offensive
Dennis Green,MIN,1997,0.139322429895401,0.1962597966194152,Offensive
Dennis Green,MIN,1998,0.1962597966194152,0.0395362973213195,Offensive
Dennis Green,MIN,1999,0.0395362973213195,0.1296905279159546,Offensive
Dennis Green,MIN,2000,0.1296905279159546,-0.0139995162010193,Offensive
Kevin O'Connell,MIN,2022,0.1745051190376282,0.0769011705398559,Offensive
Kevin O'Connell,MIN,2023,0.0769011705398559,0.1093217358589172,Offensive
Leslie Frazier,MIN,2011,-0.1918241083621978,0.042561650276184,Defensive
Leslie Frazier,MIN,2012,0.042561650276184,-0.1184274935245514,Defensive
Mike Tice,MIN,2002,-0.1340978145599365,-0.0616192817687988,Offensive
Mike Tice,MIN,2003,-0.0616192817687988,-0.1174635291099548,Offensive
Mike Tice,MIN,2004,-0.1174635291099548,0.0819769501686096,Offensive
Bum Phillips,NOR,1981,-0.0278579294681549,0.0509953075885772,Defensive
Bum Phillips,NOR,1982,0.0509953075885772,0.0480633676052093,Defensive
Bum Phillips,NOR,1983,0.0480633676052093,0.0801986753940582,Defensive
Bum Phillips,NOR,1984,0.0801986753940582,0.0327751095771789,Defensive
Dennis Allen,NOR,2022,0.0771007864952087,-0.0405341893196106,Defensive
Dennis Allen,NOR,2023,-0.0405341893196106,-0.1573556128025054,Defensive
Hank Stram,NOR,1976,-0.0350828998565673,-0.0728356010437011,Other
J.D. Roberts,NOR,1970,-0.1834099789619445,-0.139032105588913,Defensive
J.D. Roberts,NOR,1971,-0.139032105588913,-0.0780438615322113,Defensive
Jim Haslett,NOR,2000,-0.0128445625305175,-0.0136803388595581,Defensive
Jim Haslett,NOR,2001,-0.0136803388595581,-0.0862997770309448,Defensive
Jim Haslett,NOR,2002,-0.0862997770309448,-0.1142691373825073,Defensive
Jim Haslett,NOR,2003,-0.1142691373825073,-0.0213212370872497,Defensive
Jim Haslett,NOR,2004,-0.0213212370872497,-0.1764107346534729,Defensive
Jim Mora Sr,NOR,1986,-0.1163767576217651,0.1252760767936707,Defensive
Jim Mora Sr,NOR,1987,0.1252760767936707,0.1220260858535766,Defensive
Jim Mora Sr,NOR,1988,0.1220260858535766,-0.042285680770874,Defensive
Jim Mora Sr,NOR,1989,-0.042285680770874,0.0808187127113342,Defensive
Jim Mora Sr,NOR,1990,0.0808187127113342,0.0490795969963073,Defensive
Jim Mora Sr,NOR,1991,0.0490795969963073,0.0996398329734802,Defensive
Jim Mora Sr,NOR,1992,0.0996398329734802,0.0402339994907379,Defensive
Jim Mora Sr,NOR,1993,0.0402339994907379,-0.0130102336406707,Defensive
Jim Mora Sr,NOR,1994,-0.0130102336406707,-0.1629090905189514,Defensive
Jim Mora Sr,NOR,1995,-0.1629090905189514,-0.0879730880260467,Defensive
John North,NOR,1973,-0.0182276765346527,0.0519633790016174,Offensive
John North,NOR,1974,0.0519633790016174,-0.1835001762390136,Offensive
Mike Ditka,NOR,1997,0.0889953076839447,-0.0456927418708801,Offensive
Mike Ditka,NOR,1998,-0.0456927418708801,-0.1150554120540618,Offensive
Sean Payton,NOR,2006,0.0648858547210693,-0.0722398161888122,Offensive
Sean Payton,NOR,2007,-0.0722398161888122,0.0044626593589782,Offensive
Sean Payton,NOR,2008,0.0044626593589782,0.0654534697532653,Offensive
Sean Payton,NOR,2009,0.0654534697532653,0.0965650677680969,Offensive
Sean Payton,NOR,2010,0.0965650677680969,0.2369664907455444,Offensive
Sean Payton,NOR,2013,0.1606042981147766,-0.1174752712249755,Offensive
Sean Payton,NOR,2014,-0.1174752712249755,-0.063775897026062,Offensive
Sean Payton,NOR,2015,-0.063775897026062,0.0016864240169525,Offensive
Sean Payton,NOR,2016,0.0016864240169525,0.0932233929634094,Offensive
Sean Payton,NOR,2017,0.0932233929634094,0.1499697566032409,Offensive
Sean Payton,NOR,2018,0.1499697566032409,0.1777542233467102,Offensive
Sean Payton,NOR,2019,0.1777542233467102,0.0987064242362976,Offensive
Sean Payton,NOR,2020,0.0987064242362976,0.1176837176322936,Offensive
Bill Belichick,NWE,2000,0.0171900987625122,0.0269582271575927,Defensive
Bill Belichick,NWE,2001,0.0269582271575927,0.0364333391189575,Defensive
Bill Belichick,NWE,2002,0.0364333391189575,0.1132059693336486,Defensive
Bill Belichick,NWE,2003,0.1132059693336486,0.1508296132087707,Defensive
Bill Belichick,NWE,2004,0.1508296132087707,0.1911598145961761,Defensive
Bill Belichick,NWE,2005,0.1911598145961761,0.1176570057868957,Defensive
Bill Belichick,NWE,2006,0.1176570057868957,0.169792354106903,Defensive
Bill Belichick,NWE,2007,0.169792354106903,0.133044421672821,Defensive
Bill Belichick,NWE,2008,0.133044421672821,-0.0101745724678039,Defensive
Bill Belichick,NWE,2009,-0.0101745724678039,0.1797284483909607,Defensive
Bill Belichick,NWE,2010,0.1797284483909607,0.1002315878868103,Defensive
Bill Belichick,NWE,2011,0.1002315878868103,0.0378903746604919,Defensive
Bill Belichick,NWE,2012,0.0378903746604919,0.2255223989486694,Defensive
Bill Belichick,NWE,2013,0.2255223989486694,0.045179545879364,Defensive
Bill Belichick,NWE,2014,0.045179545879364,0.210511565208435,Defensive
Bill Belichick,NWE,2015,0.210511565208435,0.1816545724868774,Defensive
Bill Belichick,NWE,2016,0.1816545724868774,0.2268134951591491,Defensive
Bill Belichick,NWE,2017,0.2268134951591491,-0.0389080047607421,Defensive
Bill Belichick,NWE,2018,-0.0389080047607421,0.0476777553558349,Defensive
Bill Belichick,NWE,2019,0.0476777553558349,-0.0370272397994995,Defensive
Bill Belichick,NWE,2020,-0.0370272397994995,-0.0561778872489929,Defensive
Bill Belichick,NWE,2021,-0.0561778872489929,-0.0299729794502258,Defensive
Bill Belichick,NWE,2022,-0.0299729794502258,-0.0262017592906951,Defensive
Bill Parcells,NWE,1993,0.0279900729656219,0.2002191841602325,Defensive
Bill Parcells,NWE,1994,0.2002191841602325,-0.0228897035121917,Defensive
Bill Parcells,NWE,1995,-0.0228897035121917,0.0418638586997985,Defensive
Chuck Fairbanks,NWE,1973,-0.0160009364128113,-0.0666258931159973,Other
Chuck Fairbanks,NWE,1974,-0.0666258931159973,0.0316184543848037,Other
Chuck Fairbanks,NWE,1975,0.0316184543848037,0.1712968713760375,Other
Chuck Fairbanks,NWE,1976,0.1712968713760375,0.0257765749931335,Other
Chuck Fairbanks,NWE,1977,0.0257765749931335,0.2056874330520629,Other
Dick MacPherson,NWE,1991,0.0595016479492187,-0.1317449212074279,Defensive
Pete Carroll,NWE,1997,-0.0122075676918029,-0.065852403640747,Defensive
Pete Carroll,NWE,1998,-0.065852403640747,-0.0636975765228271,Defensive
Raymond Berry,NWE,1985,0.0646436214447021,0.0364409089088439,Offensive
Raymond Berry,NWE,1986,0.0364409089088439,0.0824564273834228,Offensive
Raymond Berry,NWE,1987,0.0824564273834228,0.1487916707992553,Offensive
Raymond Berry,NWE,1988,0.1487916707992553,-0.0103966891765594,Offensive
Ron Erhardt,NWE,1979,0.0403113961219787,-0.0061337947845458,Offensive
Ron Erhardt,NWE,1980,-0.0061337947845458,-0.2062842845916748,Offensive
Ron Meyer,NWE,1982,0.0213028913497924,0.0131245553493499,Other
Ron Meyer,NWE,1983,0.0131245553493499,0.0818532109260559,Other
Alex Webster,NYG,1970,0.0176659921646118,0.0591786421060562,Offensive
Alex Webster,NYG,1971,0.0591786421060562,-0.0821289883613586,Offensive
Alex Webster,NYG,1972,-0.0821289883613586,-0.1002783609867095,Offensive
Ben McAdoo,NYG,2016,0.0656605958938598,-0.1874935384273529,Offensive
Bill Arnsparger,NYG,1974,-0.0724337746858596,-0.0028690794944763,Defensive
Bill Arnsparger,NYG,1975,-0.0028690794944763,-0.206483781337738,Defensive
Bill Parcells,NYG,1983,-0.0497256898403167,0.111556589603424,Defensive
Bill Parcells,NYG,1984,0.111556589603424,0.0144362449645996,Defensive
Bill Parcells,NYG,1985,0.0144362449645996,0.2542561292648315,Defensive
Bill Parcells,NYG,1986,0.2542561292648315,0.0576508581638336,Defensive
Bill Parcells,NYG,1987,0.0576508581638336,0.0761827230453491,Defensive
Bill Parcells,NYG,1988,0.0761827230453491,0.1653832197189331,Defensive
Bill Parcells,NYG,1989,0.1653832197189331,0.1605408191680908,Defensive
Brian Daboll,NYG,2022,0.101887750673294,-0.062217472410202,Offensive
Brian Daboll,NYG,2023,-0.062217472410202,-0.1010978446006775,Offensive
Dan Reeves,NYG,1993,0.0502175092697143,0.1172552406787872,Offensive
Dan Reeves,NYG,1994,0.1172552406787872,-0.2137841582298278,Offensive
Dan Reeves,NYG,1995,-0.2137841582298278,-0.123677521944046,Offensive
Jim Fassel,NYG,1997,-0.0332328594207763,-0.0956895947456359,Offensive
Jim Fassel,NYG,1998,-0.0956895947456359,-0.04244926571846,Offensive
Jim Fassel,NYG,1999,-0.04244926571846,0.0199664831161499,Offensive
Jim Fassel,NYG,2000,0.0199664831161499,-0.1006261706352233,Offensive
Jim Fassel,NYG,2001,-0.1006261706352233,0.0789613723754882,Offensive
Jim Fassel,NYG,2002,0.0789613723754882,-0.1396108865737915,Offensive
Joe Judge,NYG,2020,-0.1303560733795166,-0.0515894934654235,Offensive
John McVay,NYG,1977,0.0464668472766875,0.0662335157394409,Other
Pat Shurmur,NYG,2018,-0.2592793703079223,-0.0935799181461334,Offensive
Ray Perkins,NYG,1979,-0.0435433685779571,0.0014401525259017,Offensive
Ray Perkins,NYG,1980,0.0014401525259017,0.1404978036880493,Offensive
Ray Perkins,NYG,1981,0.1404978036880493,-0.0798335200309753,Offensive
Tom Coughlin,NYG,2004,-0.0134011507034301,0.0751449465751648,Offensive
Tom Coughlin,NYG,2005,0.0751449465751648,-0.0163264870643615,Offensive
Tom Coughlin,NYG,2006,-0.0163264870643615,0.1486395895481109,Offensive
Tom Coughlin,NYG,2007,0.1486395895481109,0.0189461112022399,Offensive
Tom Coughlin,NYG,2008,0.0189461112022399,0.0647136270999908,Offensive
Tom Coughlin,NYG,2009,0.0647136270999908,0.0918466448783874,Offensive
Tom Coughlin,NYG,2010,0.0918466448783874,-0.1069154143333435,Offensive
Tom Coughlin,NYG,2011,-0.1069154143333435,-0.0646170973777771,Offensive
Tom Coughlin,NYG,2012,-0.0646170973777771,0.0050347745418548,Offensive
Tom Coughlin,NYG,2013,0.0050347745418548,-0.122661143541336,Offensive
Tom Coughlin,NYG,2014,-0.122661143541336,-0.1059438586235046,Offensive
Adam Gase,NYJ,2019,0.1415409445762634,-0.1016085296869278,Offensive
Bill Parcells,NYJ,1997,0.0913683772087097,0.0720775127410888,Defensive
Bill Parcells,NYJ,1998,0.0720775127410888,0.0182879865169525,Defensive
Bruce Coslet,NYJ,1990,-0.2022216320037841,-0.1116394996643066,Offensive
Bruce Coslet,NYJ,1991,-0.1116394996643066,-0.1149232685565948,Offensive
Bruce Coslet,NYJ,1992,-0.1149232685565948,-0.0432012677192688,Offensive
Charley Winner,NYJ,1974,0.1459905207157135,-0.0721713963031768,Defensive
Eric Mangini,NYJ,2006,0.0392351150512695,-0.1295243203639984,Defensive
Eric Mangini,NYJ,2007,-0.1295243203639984,0.0229235291481018,Defensive
Joe Walton,NYJ,1983,-0.0282921493053436,0.0294288098812103,Offensive
Joe Walton,NYJ,1984,0.0294288098812103,-0.0049414634704589,Offensive
Joe Walton,NYJ,1985,-0.0049414634704589,0.1043231487274169,Offensive
Joe Walton,NYJ,1986,0.1043231487274169,-0.1069859027862548,Offensive
Joe Walton,NYJ,1987,-0.1069859027862548,-0.1215899503707885,Offensive
Joe Walton,NYJ,1988,-0.1215899503707885,-0.0296083688735961,Offensive
Rex Ryan,NYJ,2009,0.0164301395416259,0.1468965411186218,Defensive
Rex Ryan,NYJ,2010,0.1468965411186218,-0.1607298254966735,Defensive
Rex Ryan,NYJ,2011,-0.1607298254966735,-0.0691261291503906,Defensive
Rex Ryan,NYJ,2012,-0.0691261291503906,0.1722435653209686,Defensive
Rex Ryan,NYJ,2013,0.1722435653209686,-0.1138266026973724,Defensive
Rich Kotite,NYJ,1995,-0.0509889274835586,-0.1834418326616287,Offensive
Robert Saleh,NYJ,2021,0.0425585761547088,0.0354414611339569,Defensive
Robert Saleh,NYJ,2022,0.0354414611339569,-0.0160876185417175,Defensive
Robert Saleh,NYJ,2023,-0.0160876185417175,-0.051528251171112,Defensive
Todd Bowles,NYJ,2015,-0.0284339785575866,0.0705074369907379,Defensive
Todd Bowles,NYJ,2016,0.0705074369907379,-0.0845947563648223,Defensive
Todd Bowles,NYJ,2017,-0.0845947563648223,-0.0178534090518951,Defensive
Walt Michaels,NYJ,1977,-0.0271693236351013,0.1365903913974762,Defensive
Walt Michaels,NYJ,1978,0.1365903913974762,0.1364616155624389,Defensive
Walt Michaels,NYJ,1979,0.1364616155624389,-0.0659343898296356,Defensive
Walt Michaels,NYJ,1980,-0.0659343898296356,-0.0255691922187805,Defensive
Walt Michaels,NYJ,1981,-0.0255691922187805,-0.0571978743553162,Defensive
Weeb Ewbank,NYJ,1970,-0.1948222451686859,0.0716420577526092,Offensive
Weeb Ewbank,NYJ,1971,0.0716420577526092,-0.0803132057189941,Offensive
Weeb Ewbank,NYJ,1972,-0.0803132057189941,-0.058021181154251,Offensive
Bill Peterson,OTI,1972,-0.0856733487606048,-0.1815081089735031,Offensive
Bum Phillips,OTI,1975,0.1058748000144959,0.0304718812465667,Defensive
Bum Phillips,OTI,1976,0.0304718812465667,0.1026096178531646,Defensive
Bum Phillips,OTI,1977,0.1026096178531646,0.0911990404129028,Defensive
Bum Phillips,OTI,1978,0.0911990404129028,0.0809006094932556,Defensive
Bum Phillips,OTI,1979,0.0809006094932556,0.1506893634796142,Defensive
Ed Biles,OTI,1981,-0.0340841114521026,-0.1311848045825958,Defensive
Ed Biles,OTI,1982,-0.1311848045825958,-0.2161330729722976,Defensive
Hugh Campbell,OTI,1984,-0.2075978517532348,-0.0293279389381408,Other
Jack Pardee,OTI,1990,-0.0338180661201477,0.0980609059333801,Defensive
Jack Pardee,OTI,1991,0.0980609059333801,0.0624448060989379,Defensive
Jack Pardee,OTI,1992,0.0624448060989379,0.1722868084907531,Defensive
Jack Pardee,OTI,1993,0.1722868084907531,-0.2106383085250854,Defensive
Jeff Fisher,OTI,1995,-0.1207106709480285,-0.1208798289299011,Defensive
Jeff Fisher,OTI,1996,-0.1208798289299011,0.014217585325241,Defensive
Jeff Fisher,OTI,1997,0.014217585325241,-0.089361548423767,Defensive
Jeff Fisher,OTI,1998,-0.089361548423767,0.1299881339073181,Defensive
Jeff Fisher,OTI,1999,0.1299881339073181,0.0841996073722839,Defensive
Jeff Fisher,OTI,2000,0.0841996073722839,0.0670822858810424,Defensive
Jeff Fisher,OTI,2001,0.0670822858810424,0.0943018794059753,Defensive
Jeff Fisher,OTI,2002,0.0943018794059753,0.0415433645248413,Defensive
Jeff Fisher,OTI,2003,0.0415433645248413,-0.0183543264865875,Defensive
Jeff Fisher,OTI,2004,-0.0183543264865875,-0.0523725450038909,Defensive
Jeff Fisher,OTI,2005,-0.0523725450038909,0.0995231568813324,Defensive
Jeff Fisher,OTI,2006,0.0995231568813324,0.1008942127227783,Defensive
Jeff Fisher,OTI,2007,0.1008942127227783,0.0473340153694152,Defensive
Jeff Fisher,OTI,2008,0.0473340153694152,-0.0473312139511108,Defensive
Jeff Fisher,OTI,2009,-0.0473312139511108,-0.0694347321987152,Defensive
Jerry Glanville,OTI,1986,-0.0642221271991729,0.1187243223190307,Defensive
Jerry Glanville,OTI,1987,0.1187243223190307,0.088762879371643,Defensive
Jerry Glanville,OTI,1988,0.088762879371643,-0.0068649649620056,Defensive
Ken Whisenhunt,OTI,2014,-0.0890507847070694,-0.0972637583971023,Offensive
Mike Mularkey,OTI,2016,0.0350642800331115,-0.0187047719955444,Offensive
Mike Munchak,OTI,2011,-0.0323679447174072,-0.0634531080722808,Offensive
Mike Munchak,OTI,2012,-0.0634531080722808,-0.042797714471817,Offensive
Mike Vrabel,OTI,2018,0.2215011119842529,0.0122898817062377,Defensive
Mike Vrabel,OTI,2019,0.0122898817062377,0.0955996513366699,Defensive
Mike Vrabel,OTI,2020,0.0955996513366699,0.0852692588806152,Defensive
Mike Vrabel,OTI,2021,0.0852692588806152,-0.002269265127182,Defensive
Mike Vrabel,OTI,2022,-0.002269265127182,0.0931946949005126,Defensive
Andy Reid,PHI,1999,-0.1213682293891906,0.0159666538238525,Offensive
Andy Reid,PHI,2000,0.0159666538238525,0.029103934764862,Offensive
Andy Reid,PHI,2001,0.029103934764862,0.0094945430755615,Offensive
Andy Reid,PHI,2002,0.0094945430755615,0.1340413689613342,Offensive
Andy Reid,PHI,2003,0.1340413689613342,0.0162177085876464,Offensive
Andy Reid,PHI,2004,0.0162177085876464,-0.0394530892372131,Offensive
Andy Reid,PHI,2005,-0.0394530892372131,-0.0243370532989501,Offensive
Andy Reid,PHI,2006,-0.0243370532989501,0.0168336033821105,Offensive
Andy Reid,PHI,2007,0.0168336033821105,-0.0673183285713195,Offensive
Andy Reid,PHI,2008,-0.0673183285713195,0.0928331017494201,Offensive
Andy Reid,PHI,2009,0.0928331017494201,0.0740876793861389,Offensive
Andy Reid,PHI,2010,0.0740876793861389,-0.0326673984527587,Offensive
Andy Reid,PHI,2011,-0.0326673984527587,-0.0594143569469451,Offensive
Buddy Ryan,PHI,1986,-0.1108851813793182,0.0134548966407775,Defensive
Buddy Ryan,PHI,1987,0.0134548966407775,-0.0332286357879638,Defensive
Buddy Ryan,PHI,1988,-0.0332286357879638,0.0108165144920349,Defensive
Buddy Ryan,PHI,1989,0.0108165144920349,0.011048138141632,Defensive
Dick Vermeil,PHI,1976,0.0284975237369537,-0.077875653886795,Offensive
Dick Vermeil,PHI,1977,-0.077875653886795,-0.0269729495048522,Offensive
Dick Vermeil,PHI,1978,-0.0269729495048522,0.0282457470893859,Offensive
Dick Vermeil,PHI,1979,0.0282457470893859,0.0204207897186279,Offensive
Dick Vermeil,PHI,1980,0.0204207897186279,-0.0223869681358337,Offensive
Dick Vermeil,PHI,1981,-0.0223869681358337,-0.1818842832565307,Offensive
Doug Pederson,PHI,2016,-0.1238191723823547,0.1953884959220886,Offensive
Doug Pederson,PHI,2017,0.1953884959220886,0.0599811673164367,Offensive
Doug Pederson,PHI,2018,0.0599811673164367,0.0571929216384887,Offensive
Doug Pederson,PHI,2019,0.0571929216384887,0.0250761889934539,Offensive
Marion Campbell,PHI,1983,-0.0269452333450317,-0.0350788152694702,Defensive
Marion Campbell,PHI,1984,-0.0350788152694702,-0.006269609928131,Defensive
Mike McCormack,PHI,1973,-0.0244786044120788,0.0072226822376251,Offensive
Mike McCormack,PHI,1974,0.0072226822376251,-0.1838279896259307,Offensive
Nick Sirianni,PHI,2021,0.0157018989562988,0.0787611231803894,Offensive
Nick Sirianni,PHI,2022,0.0787611231803894,0.1206850095748901,Offensive
Nick Sirianni,PHI,2023,0.1206850095748901,0.1762235984802246,Offensive
Ray Rhodes,PHI,1995,0.0440053939819335,0.0861430168151855,Defensive
Ray Rhodes,PHI,1996,0.0861430168151855,-0.0080015576362609,Defensive
Ray Rhodes,PHI,1997,-0.0080015576362609,-0.0995131134986877,Defensive
Rich Kotite,PHI,1991,0.0465325713157653,0.0428134202957153,Offensive
Rich Kotite,PHI,1992,0.0428134202957153,0.035385638475418,Offensive
Rich Kotite,PHI,1993,0.035385638475418,-0.259808599948883,Offensive
Bill Cowher,PIT,1992,0.0416989922523498,-0.0214553475379943,Defensive
Bill Cowher,PIT,1993,-0.0214553475379943,0.0568423867225647,Defensive
Bill Cowher,PIT,1994,0.0568423867225647,0.168279230594635,Defensive
Bill Cowher,PIT,1995,0.168279230594635,0.0103224515914917,Defensive
Bill Cowher,PIT,1996,0.0103224515914917,0.09206223487854,Defensive
Bill Cowher,PIT,1997,0.09206223487854,-0.0478427708148956,Defensive
Bill Cowher,PIT,1998,-0.0478427708148956,-0.0456086695194244,Defensive
Bill Cowher,PIT,1999,-0.0456086695194244,-0.0929473042488098,Defensive
Bill Cowher,PIT,2000,-0.0929473042488098,0.2129726409912109,Defensive
Bill Cowher,PIT,2001,0.2129726409912109,0.0492134177207946,Defensive
Bill Cowher,PIT,2002,0.0492134177207946,-0.0845644474029541,Defensive
Bill Cowher,PIT,2003,-0.0845644474029541,0.2726851105690002,Defensive
Bill Cowher,PIT,2004,0.2726851105690002,0.0825591087341308,Defensive
Bill Cowher,PIT,2005,0.0825591087341308,-0.0433747768402099,Defensive
Mike Tomlin,PIT,2007,0.037369966506958,0.1268315315246582,Defensive
Mike Tomlin,PIT,2008,0.1268315315246582,-0.0470563173294067,Defensive
Mike Tomlin,PIT,2009,-0.0470563173294067,0.0586149096488952,Defensive
Mike Tomlin,PIT,2010,0.0586149096488952,0.1077694296836853,Defensive
Mike Tomlin,PIT,2011,0.1077694296836853,0.0653120279312133,Defensive
Mike Tomlin,PIT,2012,0.0653120279312133,-0.0117900371551513,Defensive
Mike Tomlin,PIT,2013,-0.0117900371551513,-0.0012810230255126,Defensive
Mike Tomlin,PIT,2014,-0.0012810230255126,0.2365220189094543,Defensive
Mike Tomlin,PIT,2015,0.2365220189094543,0.1958687901496887,Defensive
Mike Tomlin,PIT,2016,0.1958687901496887,0.1888436675071716,Defensive
Mike Tomlin,PIT,2017,0.1888436675071716,0.0790127432823181,Defensive
Mike Tomlin,PIT,2018,0.0790127432823181,0.0689512193202972,Defensive
Mike Tomlin,PIT,2019,0.0689512193202972,0.1347180008888244,Defensive
Mike Tomlin,PIT,2020,0.1347180008888244,-0.0109869658470154,Defensive
Mike Tomlin,PIT,2021,-0.0109869658470154,-0.0261257201194763,Defensive
Mike Tomlin,PIT,2022,-0.0261257201194763,-0.0392311542510986,Defensive
Mike Tomlin,PIT,2023,-0.0392311542510986,-0.0110181897163391,Defensive
Art Shell,RAI,1990,0.1050386428833007,0.1083605587482452,Offensive
Art Shell,RAI,1991,0.1083605587482452,-0.0142147243022918,Offensive
Art Shell,RAI,1992,-0.0142147243022918,0.1045529246330261,Offensive
Art Shell,RAI,1993,0.1045529246330261,0.0635028779506683,Offensive
Bill Callahan,RAI,2002,-0.0127096772193908,-0.1096731424331665,Offensive
Dennis Allen,RAI,2012,-0.1805850565433502,-0.049656331539154,Defensive
Dennis Allen,RAI,2013,-0.049656331539154,-0.293832778930664,Defensive
Jack Del Rio,RAI,2015,0.0198102295398712,0.0808066725730896,Defensive
Jack Del Rio,RAI,2016,0.0808066725730896,-0.1200282275676727,Defensive
John Madden,RAI,1970,0.1094773510932922,0.0793007711410522,Defensive
John Madden,RAI,1971,0.0793007711410522,0.0749797821044921,Defensive
John Madden,RAI,1972,0.0749797821044921,0.1272234188079833,Defensive
John Madden,RAI,1973,0.1272234188079833,0.2407604952812194,Defensive
John Madden,RAI,1974,0.2407604952812194,0.1371147400856017,Defensive
John Madden,RAI,1975,0.1371147400856017,0.284272538280487,Defensive
John Madden,RAI,1976,0.284272538280487,0.1416308648109435,Defensive
John Madden,RAI,1977,0.1416308648109435,0.0984452366828918,Defensive
Jon Gruden,RAI,1998,-0.0468664169311523,-0.1194479465484619,Offensive
Jon Gruden,RAI,1999,-0.1194479465484619,0.0065868496894836,Offensive
Jon Gruden,RAI,2000,0.0065868496894836,0.0182650685310363,Offensive
Jon Gruden,RAI,2018,-0.1657653450965881,0.0097350478172302,Offensive
Jon Gruden,RAI,2019,0.0097350478172302,0.0054007470607757,Offensive
Jon Gruden,RAI,2020,0.0054007470607757,0.1320454537868499,Offensive
Josh McDaniels,RAI,2022,0.0060730592250823,-0.033227115869522,Offensive
Lane Kiffin,RAI,2007,-0.0818265378475189,-0.1963823735713958,Offensive
Mike Shanahan,RAI,1988,0.0445404946804046,-0.1945773065090179,Offensive
Norv Turner,RAI,2004,-0.0696401000022888,-0.1002987921237945,Offensive
Tom Cable,RAI,2009,0.0117157101631164,0.0077434480190277,Offensive
Tom Flores,RAI,1979,0.0226041674613952,0.0877079367637634,Offensive
Tom Flores,RAI,1980,0.0877079367637634,-0.013352632522583,Offensive
Tom Flores,RAI,1981,-0.013352632522583,0.1873440326690674,Offensive
Tom Flores,RAI,1982,0.1873440326690674,0.1750494241714477,Offensive
Tom Flores,RAI,1983,0.1750494241714477,0.1344833374023437,Offensive
Tom Flores,RAI,1984,0.1344833374023437,0.2190970182418823,Offensive
Tom Flores,RAI,1985,0.2190970182418823,-0.0384917855262756,Offensive
Tom Flores,RAI,1986,-0.0384917855262756,0.001253997850418,Offensive
Chuck Knox,RAM,1973,0.0720476408958434,-0.0331020719528197,Offensive
Chuck Knox,RAM,1974,-0.0331020719528197,0.0534922977447509,Offensive
Chuck Knox,RAM,1975,0.0534922977447509,0.0034490227699279,Offensive
Chuck Knox,RAM,1976,0.0034490227699279,-0.0451594359397887,Offensive
Chuck Knox,RAM,1992,-0.0180270969867706,-0.0223445892333984,Offensive
Chuck Knox,RAM,1993,-0.0223445892333984,-0.0847561061382293,Offensive
Dick Vermeil,RAM,1997,-0.2008195519447326,-0.0194061696529388,Offensive
Dick Vermeil,RAM,1998,-0.0194061696529388,0.0242305994033813,Offensive
Jeff Fisher,RAM,2012,-0.1218068086624145,0.0307604968547821,Defensive
Jeff Fisher,RAM,2013,0.0307604968547821,0.0574495494365692,Defensive
Jeff Fisher,RAM,2014,0.0574495494365692,0.1006391048431396,Defensive
Jeff Fisher,RAM,2015,0.1006391048431396,-0.0417410216808319,Defensive
John Robinson,RAM,1983,0.0179774165153503,0.0924705266952514,Offensive
John Robinson,RAM,1984,0.0924705266952514,0.041143000125885,Offensive
John Robinson,RAM,1985,0.041143000125885,0.0315175056457519,Offensive
John Robinson,RAM,1986,0.0315175056457519,0.0223384141921997,Offensive
John Robinson,RAM,1987,0.0223384141921997,-0.0732026696205139,Offensive
John Robinson,RAM,1988,-0.0732026696205139,0.0264140963554382,Offensive
John Robinson,RAM,1989,0.0264140963554382,-0.1353068351745605,Offensive
John Robinson,RAM,1990,-0.1353068351745605,-0.0589099824428558,Offensive
Mike Martz,RAM,2000,0.0006031990051269,0.203713834285736,Offensive
Mike Martz,RAM,2001,0.203713834285736,0.075941115617752,Offensive
Mike Martz,RAM,2002,0.075941115617752,0.0998934507369995,Offensive
Mike Martz,RAM,2003,0.0998934507369995,0.1523333489894867,Offensive
Mike Martz,RAM,2004,0.1523333489894867,-0.0343690574169158,Offensive
Ray Malavasi,RAM,1978,0.1666113138198852,0.1053277254104614,Defensive
Ray Malavasi,RAM,1979,0.1053277254104614,0.054194688796997,Defensive
Ray Malavasi,RAM,1980,0.054194688796997,0.0528259873390197,Defensive
Ray Malavasi,RAM,1981,0.0528259873390197,-0.2012576225280761,Defensive
Rich Brooks,RAM,1995,-0.0522258877754211,-0.0617690980434417,Defensive
Scott Linehan,RAM,2006,-0.0861600637435913,-0.1708584129810333,Offensive
Scott Linehan,RAM,2007,-0.1708584129810333,-0.3011214435100555,Offensive
Sean McVay,RAM,2017,0.0180676579475402,0.0713138580322265,Offensive
Sean McVay,RAM,2018,0.0713138580322265,0.047990083694458,Offensive
Sean McVay,RAM,2019,0.047990083694458,0.0716209411621093,Offensive
Sean McVay,RAM,2020,0.0716209411621093,0.1133520468711852,Offensive
Sean McVay,RAM,2021,0.1133520468711852,-0.1004748805999756,Offensive
Sean McVay,RAM,2022,-0.1004748805999756,0.1173202664375304,Offensive
Sean McVay,RAM,2023,0.1173202664375304,-0.0542786448478699,Offensive
Steve Spagnuolo,RAM,2009,-0.1487468630075454,-0.1384341120719909,Defensive
Steve Spagnuolo,RAM,2010,-0.1384341120719909,-0.3108012974262237,Defensive
Tommy Prothro,RAM,1971,0.0058948298454284,-0.0553002721786499,Other
Brian Billick,RAV,1999,-0.0943657159805297,0.064033031463623,Offensive
Brian Billick,RAV,2000,0.064033031463623,0.0641499757766723,Offensive
Brian Billick,RAV,2001,0.0641499757766723,-0.0952122807502746,Offensive
Brian Billick,RAV,2002,-0.0952122807502746,0.0554024577140808,Offensive
Brian Billick,RAV,2003,0.0554024577140808,-0.0481007099151611,Offensive
Brian Billick,RAV,2004,-0.0481007099151611,-0.0348442494869232,Offensive
Brian Billick,RAV,2005,-0.0348442494869232,0.1200539469718933,Offensive
Brian Billick,RAV,2006,0.1200539469718933,-0.1379561722278595,Offensive
Ted Marchibroda,RAV,1996,-0.0676166713237762,-0.1391627109527587,Offensive
Ted Marchibroda,RAV,1997,-0.1391627109527587,-0.1593961119651794,Offensive
Al Saunders,SDG,1987,0.1739814455986023,0.0529393255710601,Offensive
Anthony Lynn,SDG,2017,-0.1336453557014465,0.0823888182640075,Offensive
Anthony Lynn,SDG,2018,0.0823888182640075,-0.185034304857254,Offensive
Anthony Lynn,SDG,2019,-0.185034304857254,0.0376050174236297,Offensive
Bobby Ross,SDG,1992,0.0932961106300354,-0.0503745675086975,Offensive
Bobby Ross,SDG,1993,-0.0503745675086975,0.0711891055107116,Offensive
Bobby Ross,SDG,1994,0.0711891055107116,0.0475125908851623,Offensive
Bobby Ross,SDG,1995,0.0475125908851623,0.0525997281074523,Offensive
Brandon Staley,SDG,2021,0.0135542243957519,-0.0862381189346314,Defensive
Brandon Staley,SDG,2022,-0.0862381189346314,-0.0307493010997772,Defensive
Dan Henning,SDG,1989,-0.078077346086502,-0.0437491536140441,Offensive
Dan Henning,SDG,1990,-0.0437491536140441,-0.1466248929500579,Offensive
Don Coryell,SDG,1979,0.1596853137016296,0.1224634051322937,Other
Don Coryell,SDG,1980,0.1224634051322937,-0.0102521777153015,Other
Don Coryell,SDG,1981,-0.0102521777153015,-0.0537241752624512,Other
Don Coryell,SDG,1982,-0.0537241752624512,0.0766883194446563,Other
Don Coryell,SDG,1983,0.0766883194446563,0.0170365571975708,Other
Don Coryell,SDG,1984,0.0170365571975708,0.0172486305236816,Other
Don Coryell,SDG,1985,0.0172486305236816,-0.1350754797458648,Other
Harland Svare,SDG,1972,-0.1270094381332397,-0.046258345246315,Defensive
Marty Schottenheimer,SDG,2002,-0.0330730676651001,-0.0584964454174041,Defensive
Marty Schottenheimer,SDG,2003,-0.0584964454174041,0.088566243648529,Defensive
Marty Schottenheimer,SDG,2004,0.088566243648529,0.1067692041397094,Defensive
Marty Schottenheimer,SDG,2005,0.1067692041397094,0.2239073514938354,Defensive
Mike McCoy,SDG,2013,0.011290431022644,0.1796972155570984,Offensive
Mike McCoy,SDG,2014,0.1796972155570984,-0.0960201919078826,Offensive
Mike McCoy,SDG,2015,-0.0960201919078826,-0.123244434595108,Offensive
Mike Riley,SDG,1999,0.1321315765380859,-0.1741231083869934,Defensive
Mike Riley,SDG,2000,-0.1741231083869934,-0.1500095427036285,Defensive
Norv Turner,SDG,2007,-0.0051820278167724,-0.1891287565231323,Offensive
Norv Turner,SDG,2008,-0.1891287565231323,0.1296930313110351,Offensive
Norv Turner,SDG,2009,0.1296930313110351,-0.062631070613861,Offensive
Norv Turner,SDG,2010,-0.062631070613861,-0.0784442424774169,Offensive
Norv Turner,SDG,2011,-0.0784442424774169,-0.0395677983760833,Offensive
Tommy Prothro,SDG,1974,0.0202490588188171,-0.1685895820617675,Other
Tommy Prothro,SDG,1975,-0.1685895820617675,0.0093256698608398,Other
Tommy Prothro,SDG,1976,0.0093256698608398,0.0995755493640899,Other
Tommy Prothro,SDG,1977,0.0995755493640899,-0.1606587171554565,Other
Chuck Knox,SEA,1983,0.0494349002838134,0.1633832454681396,Offensive
Chuck Knox,SEA,1984,0.1633832454681396,-0.0371213555335998,Offensive
Chuck Knox,SEA,1985,-0.0371213555335998,0.0416560769081115,Offensive
Chuck Knox,SEA,1986,0.0416560769081115,0.1627190768718719,Offensive
Chuck Knox,SEA,1987,0.1627190768718719,0.0278140902519226,Offensive
Chuck Knox,SEA,1988,0.0278140902519226,0.1586829423904419,Offensive
Chuck Knox,SEA,1989,0.1586829423904419,0.093426913022995,Offensive
Chuck Knox,SEA,1990,0.093426913022995,-0.0088587999343872,Offensive
Dennis Erickson,SEA,1995,0.0336042642593383,0.0305297076702117,Offensive
Dennis Erickson,SEA,1996,0.0305297076702117,0.0420077145099639,Offensive
Dennis Erickson,SEA,1997,0.0420077145099639,-0.1299269199371338,Offensive
Jack Patera,SEA,1976,-0.1930937369823455,-0.1114123264789581,Defensive
Jack Patera,SEA,1977,-0.1114123264789581,-0.0454984903335571,Defensive
Jack Patera,SEA,1978,-0.0454984903335571,-0.0302146673202514,Defensive
Jack Patera,SEA,1979,-0.0302146673202514,-0.1014789342880249,Defensive
Jack Patera,SEA,1980,-0.1014789342880249,-0.2008965611457824,Defensive
Jack Patera,SEA,1981,-0.2008965611457824,-0.427787035703659,Defensive
Mike Holmgren,SEA,1999,-0.0388897061347961,-0.0021711289882659,Offensive
Mike Holmgren,SEA,2000,-0.0021711289882659,-0.0017120838165283,Offensive
Mike Holmgren,SEA,2001,-0.0017120838165283,-0.1693909168243408,Offensive
Mike Holmgren,SEA,2002,-0.1693909168243408,0.0091230273246765,Offensive
Mike Holmgren,SEA,2003,0.0091230273246765,-0.0183259844779968,Offensive
Mike Holmgren,SEA,2004,-0.0183259844779968,0.1024261116981506,Offensive
Mike Holmgren,SEA,2005,0.1024261116981506,0.1192066669464111,Offensive
Mike Holmgren,SEA,2006,0.1192066669464111,-0.0790190696716308,Offensive
Mike Holmgren,SEA,2007,-0.0790190696716308,-0.0787910223007202,Offensive
Pete Carroll,SEA,2010,0.014927715063095,-0.1382801532745361,Defensive
Pete Carroll,SEA,2011,-0.1382801532745361,0.0377721786499023,Defensive
Pete Carroll,SEA,2012,0.0377721786499023,0.1879088878631591,Defensive
Pete Carroll,SEA,2013,0.1879088878631591,0.1596757173538208,Defensive
Pete Carroll,SEA,2014,0.1596757173538208,0.0212805271148681,Defensive
Pete Carroll,SEA,2015,0.0212805271148681,0.1194285833358764,Defensive
Pete Carroll,SEA,2016,0.1194285833358764,0.0893006920814514,Defensive
Pete Carroll,SEA,2017,0.0893006920814514,0.0939140319824218,Defensive
Pete Carroll,SEA,2018,0.0939140319824218,0.1012932658195495,Defensive
Pete Carroll,SEA,2019,0.1012932658195495,0.1135410666465759,Defensive
Pete Carroll,SEA,2020,0.1135410666465759,-0.1442054779052734,Defensive
Pete Carroll,SEA,2021,-0.1442054779052734,0.0314133256912231,Defensive
Pete Carroll,SEA,2022,0.0314133256912231,0.0230274886131286,Defensive
Tom Flores,SEA,1992,-0.2172268033027649,-0.1255083680152893,Offensive
Tom Flores,SEA,1993,-0.1255083680152893,-0.2491440773010254,Offensive
Bill Walsh,SFO,1979,-0.2662742137908935,0.0544230043888092,Offensive
Bill Walsh,SFO,1980,0.0544230043888092,0.0678139328956604,Offensive
Bill Walsh,SFO,1981,0.0678139328956604,-0.2768987361907959,Offensive
Bill Walsh,SFO,1982,-0.2768987361907959,-0.0604982376098632,Offensive
Bill Walsh,SFO,1983,-0.0604982376098632,0.1313955783843994,Offensive
Bill Walsh,SFO,1984,0.1313955783843994,-0.0511172413825988,Offensive
Bill Walsh,SFO,1985,-0.0511172413825988,-0.0100123799324035,Offensive
Bill Walsh,SFO,1986,-0.0100123799324035,0.2009537879943848,Offensive
Bill Walsh,SFO,1987,0.2009537879943848,-0.024646520614624,Offensive
Dennis Erickson,SFO,2003,-0.1008382439613342,-0.1177219897508621,Offensive
George Seifert,SFO,1989,0.2398228645324707,0.2063921689987182,Defensive
George Seifert,SFO,1990,0.2063921689987182,-0.0013238787651062,Defensive
George Seifert,SFO,1991,-0.0013238787651062,0.1418182253837585,Defensive
George Seifert,SFO,1992,0.1418182253837585,-0.0480180382728576,Defensive
George Seifert,SFO,1993,-0.0480180382728576,0.0172092318534851,Defensive
George Seifert,SFO,1994,0.0172092318534851,-0.0216917991638183,Defensive
George Seifert,SFO,1995,-0.0216917991638183,0.0924590229988098,Defensive
Jim Harbaugh,SFO,2011,0.0901290774345398,0.0700904047966003,Offensive
Jim Harbaugh,SFO,2012,0.0700904047966003,0.0835536122322082,Offensive
Jim Harbaugh,SFO,2013,0.0835536122322082,-0.0759628415107727,Offensive
Kyle Shanahan,SFO,2017,0.1191051602363586,0.0336193293333053,Offensive
Kyle Shanahan,SFO,2018,0.0336193293333053,0.2619445323944092,Offensive
Kyle Shanahan,SFO,2019,0.2619445323944092,0.1191779673099517,Offensive
Kyle Shanahan,SFO,2020,0.1191779673099517,0.102441874217987,Offensive
Kyle Shanahan,SFO,2021,0.102441874217987,0.0786827251434326,Offensive
Kyle Shanahan,SFO,2022,0.0786827251434326,0.0455432995796203,Offensive
Kyle Shanahan,SFO,2023,0.0455432995796203,-0.0007140620708465,Offensive
Mike Nolan,SFO,2005,-0.0190199315547943,-0.0729727149009704,Defensive
Mike Nolan,SFO,2006,-0.0729727149009704,-0.1283775866031646,Defensive
Mike Nolan,SFO,2007,-0.1283775866031646,-0.2378611796379089,Defensive
Mike Singletary,SFO,2009,-0.12513267993927,-0.1746714059829712,Defensive
Steve Mariucci,SFO,1997,0.0635297894477844,0.0743254423141479,Offensive
Steve Mariucci,SFO,1998,0.0743254423141479,-0.0824569761753082,Offensive
Steve Mariucci,SFO,1999,-0.0824569761753082,-0.1475676894187927,Offensive
Steve Mariucci,SFO,2000,-0.1475676894187927,-0.0391241312026977,Offensive
Steve Mariucci,SFO,2001,-0.0391241312026977,0.0260958671569824,Offensive
Bruce Arians,TAM,2019,0.0263175070285797,0.0008550286293029,Offensive
Bruce Arians,TAM,2020,0.0008550286293029,0.057161633682251,Offensive
Dirk Koetter,TAM,2016,0.0180230736732482,-0.073322057723999,Offensive
Dirk Koetter,TAM,2017,-0.073322057723999,-0.1003953516483306,Offensive
Greg Schiano,TAM,2012,-0.0660070180892944,-0.2029419541358947,Defensive
John McKay,TAM,1976,-0.1914510428905487,-0.2141840656757354,Other
John McKay,TAM,1977,-0.2141840656757354,-0.1873464882373809,Other
John McKay,TAM,1978,-0.1873464882373809,0.1382391452789306,Other
John McKay,TAM,1979,0.1382391452789306,-0.1478581213474273,Other
John McKay,TAM,1980,-0.1478581213474273,-0.0962215662002563,Other
John McKay,TAM,1981,-0.0962215662002563,0.1153819089889526,Other
John McKay,TAM,1982,0.1153819089889526,-0.1900704801082611,Other
John McKay,TAM,1983,-0.1900704801082611,-0.027254045009613,Other
Jon Gruden,TAM,2002,0.0179789662361145,-0.1160860061645507,Offensive
Jon Gruden,TAM,2003,-0.1160860061645507,-0.0690536499023437,Offensive
Jon Gruden,TAM,2004,-0.0690536499023437,0.0399199724197387,Offensive
Jon Gruden,TAM,2005,0.0399199724197387,-0.0840309858322143,Offensive
Jon Gruden,TAM,2006,-0.0840309858322143,-0.1081054806709289,Offensive
Jon Gruden,TAM,2007,-0.1081054806709289,0.0275322794914245,Offensive
Leeman Bennett,TAM,1985,-0.125597208738327,-0.1618960499763488,Offensive
Lovie Smith,TAM,2014,-0.1784406900405883,0.0047233402729034,Defensive
Ray Perkins,TAM,1987,-0.0836908812999725,0.0241534113883972,Offensive
Ray Perkins,TAM,1988,0.0241534113883972,0.0217364132404327,Offensive
Ray Perkins,TAM,1989,0.0217364132404327,0.0029382868766784,Offensive
Sam Wyche,TAM,1992,-0.0440819561481475,0.0961002558469772,Offensive
Sam Wyche,TAM,1993,0.0961002558469772,0.0566269159317016,Offensive
Sam Wyche,TAM,1994,0.0566269159317016,0.1643305122852325,Offensive
Todd Bowles,TAM,2022,-0.1152320593833923,0.0103872508049011,Defensive
Todd Bowles,TAM,2023,0.0103872508049011,0.182675895166397,Defensive
Tony Dungy,TAM,1996,-0.0708591043949127,-0.0116775631904602,Defensive
Tony Dungy,TAM,1997,-0.0116775631904602,-0.0199336409568786,Defensive
Tony Dungy,TAM,1998,-0.0199336409568786,0.0034416913986206,Defensive
Tony Dungy,TAM,1999,0.0034416913986206,-0.1104506850242614,Defensive
Tony Dungy,TAM,2000,-0.1104506850242614,-0.1292313933372497,Defensive
George Allen,WAS,1971,-0.0144552124977112,0.1666565901756286,Defensive
George Allen,WAS,1972,0.1666565901756286,0.0299510591506958,Defensive
George Allen,WAS,1973,0.0299510591506958,0.0450361602783203,Defensive
George Allen,WAS,1974,0.0450361602783203,0.0400599969863891,Defensive
George Allen,WAS,1975,0.0400599969863891,0.1007719271659851,Defensive
George Allen,WAS,1976,0.1007719271659851,0.0439006785392761,Defensive
Jack Pardee,WAS,1978,0.0108904838562011,-0.0096327066421508,Defensive
Jack Pardee,WAS,1979,-0.0096327066421508,-0.1734563112258911,Defensive
Jay Gruden,WAS,2014,-0.0203168988227844,0.1396436393260955,Offensive
Jay Gruden,WAS,2015,0.1396436393260955,-0.0519011533737182,Offensive
Jay Gruden,WAS,2016,-0.0519011533737182,-0.0240156650543212,Offensive
Jay Gruden,WAS,2017,-0.0240156650543212,0.0607801377773284,Offensive
Jay Gruden,WAS,2018,0.0607801377773284,-0.3134486377239227,Offensive
Jim Zorn,WAS,2008,-0.1479588747024536,-0.1642208397388458,Offensive
Joe Gibbs,WAS,1981,-0.065373957157135,0.2134568871498108,Offensive
Joe Gibbs,WAS,1982,0.2134568871498108,0.1006955504417419,Offensive
Joe Gibbs,WAS,1983,0.1006955504417419,0.1034988760948181,Offensive
Joe Gibbs,WAS,1984,0.1034988760948181,0.1584591269493103,Offensive
Joe Gibbs,WAS,1985,0.1584591269493103,0.1882452368736267,Offensive
Joe Gibbs,WAS,1986,0.1882452368736267,0.1463269885063171,Offensive
Joe Gibbs,WAS,1987,0.1463269885063171,0.0515653491020202,Offensive
Joe Gibbs,WAS,1988,0.0515653491020202,-0.0347434282302856,Offensive
Joe Gibbs,WAS,1989,-0.0347434282302856,0.025266945362091,Offensive
Joe Gibbs,WAS,1990,0.025266945362091,0.0969205498695373,Offensive
Joe Gibbs,WAS,1991,0.0969205498695373,0.0066796541213989,Offensive
Joe Gibbs,WAS,2004,-0.0796925723552703,-0.0114856362342834,Offensive
Joe Gibbs,WAS,2005,-0.0114856362342834,-0.1633989810943603,Offensive
Joe Gibbs,WAS,2006,-0.1633989810943603,0.0272802114486694,Offensive
Mike Shanahan,WAS,2010,-0.065542459487915,-0.1191720068454742,Offensive
Mike Shanahan,WAS,2011,-0.1191720068454742,-0.0256114602088928,Offensive
Mike Shanahan,WAS,2012,-0.0256114602088928,-0.2674311995506286,Offensive
Norv Turner,WAS,1994,-0.1782883703708648,-0.0703986287117004,Offensive
Norv Turner,WAS,1995,-0.0703986287117004,-0.163045048713684,Offensive
Norv Turner,WAS,1996,-0.163045048713684,0.023752101612091,Offensive
Norv Turner,WAS,1997,0.023752101612091,-0.044691115617752,Offensive
Norv Turner,WAS,1998,-0.044691115617752,-0.074858546257019,Offensive
Norv Turner,WAS,1999,-0.074858546257019,-0.0280158629417419,Offensive
Ron Rivera,WAS,2020,0.0345341265201568,0.0938497512817382,Defensive
Ron Rivera,WAS,2021,0.0938497512817382,0.0838610231876373,Defensive
Ron Rivera,WAS,2022,0.0838610231876373,-0.0643691763401031,Defensive
Steve Spurrier,WAS,2002,0.0032332241535186,-0.1272962987422943,Offensive
