Primary_Coach,Seasons,XGB_AvgWAR_games,Mixed_SHAP_effect_games,Mixed_PCA_effect_games
John Madden,9,2.2992,1.4619110627593839,1.260705651184017
Kevin O'Connell,3,1.9232,0.7317556469668207,0.14812655931618246
Mike McDaniel,3,1.872,0.3546705606592113,-0.09484491617376546
John Ralston,5,1.792,0.6350302839287669,0.4839059011328961
Kevin Stefanski,5,1.7584,1.1309051306901383,0.5661423946354215
Nick Sirianni,4,1.5648,0.6903362657006537,0.3495665807901474
Don Shula,26,1.5216,0.9648915627235968,0.47341485233359404
Kyle Shanahan,8,1.52,1.741100323554212,0.7380528116498103
Bill Parcells,19,1.352,1.3614220582213,0.9180306453122867
Gene Stallings,4,1.3504,0.21004640235157584,0.2774204865276824
Mike Vrabel,6,1.3488,1.6521572893343595,0.8288978708231716
Mike Martz,6,1.328,-0.017418352209519927,0.35709513517183283
Chuck Pagano,6,1.2768,1.0289825632306873,0.7109793331723923
Red Miller,4,1.1872,0.6417100777091839,0.5232276569509283
Matt Nagy,4,1.144,0.11541802855033755,0.4640611940834802
Bill Belichick,29,1.1008,1.2228670534549126,0.6823400223487801
Bum Phillips,11,1.0848,0.9109877186710027,0.8640897478699132
Raymond Berry,5,1.0304,0.32116107646639314,0.13095781798539757
Mike Tomlin,18,1.024,0.5133123617138637,0.43480498147339997
Bruce Arians,8,0.9808,1.0338917638067575,0.7113797286434131
Chuck Fairbanks,6,0.9376,0.12336085053034875,0.5220871063498764
John Harbaugh,17,0.9152,0.8758666977253048,0.5811916068748461
Marty Schottenheimer,20,0.8608,1.334377736816176,0.9401003596002131
Brian Flores,3,0.8448,0.6006377089844637,0.695227544775702
George Allen,8,0.8208,0.05873737912794923,0.33025911038685485
Tom Landry,19,0.8112,0.2905326811274634,0.2472442742464714
Andy Reid,26,0.8096,0.8114777031136193,0.9482802387733916
Sean Payton,17,0.8048,1.4952836253549289,0.7393490218703558
Jimmy Johnson,9,0.7936,0.8365611975255951,0.6893553087990717
Chuck Noll,22,0.7712,0.6143438032823229,0.551213291350721
Joe Gibbs,16,0.7632,0.7967048112712845,0.6571442963428488
Adam Gase,5,0.7456,0.377343377099767,0.3081616469637647
Forrest Gregg,11,0.7408,0.7540911366198478,0.6066595255805468
Barry Switzer,4,0.7312,0.16272321282390395,-0.03011996673241296
Bill Cowher,15,0.6944,0.6333764014302931,0.5404035309779172
Don Coryell,13,0.6864,0.1385243305964327,0.5864170721538479
Lou Saban,7,0.6592,0.6652434184370876,0.6590015104285889
Sean McDermott,8,0.6352,0.4153850563475248,0.18848343650261876
Mike Sherman,6,0.608,0.19548657220385915,0.25958860002714346
Matt LaFleur,6,0.6048,0.8470164043111197,0.07539747541594788
Vic Fangio,3,0.576,0.2984868111866882,-0.04671569616218038
Sean McVay,8,0.5696,0.8545643707655008,0.45903024631411654
Ray Malavasi,5,0.568,-0.09199077503570871,-0.18914257630639833
Jason Garrett,9,0.5616,0.46348597467175895,0.0520273414628279
Ron Rivera,13,0.5584,0.8756581470606422,0.7357411320728231
Jim Harbaugh,5,0.5248,1.1813369299293808,0.8603841843486651
Jerry Glanville,8,0.4976,0.33108676743692034,0.4183529621048692
Jim Hanifan,6,0.4768,0.00866358004699322,-0.018927211070126786
Pete Carroll,18,0.472,0.9156028400317447,0.4699915142543062
Bill O'Brien,7,0.4704,0.51518738502705,0.21653992179089335
Dan Campbell,4,0.4576,0.28413281771959586,0.005051935454312654
Art Shell,6,0.432,0.03733284118073572,0.14595332427977972
Dennis Green,13,0.4208,0.2295456906301484,0.23972821971775382
Tony Dungy,13,0.408,0.1459049127068103,0.17948432187066463
Ron Meyer,8,0.4048,0.6552389339220234,0.5855832937000964
Gary Kubiak,10,0.3984,0.33657255230978883,0.4249593435159682
Chuck Knox,22,0.3984,-0.19049374980003994,0.0870370675317581
Mike Holmgren,17,0.392,0.08653601816274412,0.4169655971217851
Nick Skorich,4,0.3536,0.17899368578946148,0.4420508940884843
Mike McCarthy,18,0.3312,1.0569622916105226,0.5062522707825248
Mike Ditka,14,0.3312,-0.022293578966659396,-0.10143394735482476
Dan Reeves,23,0.3296,-0.042089173453851714,0.23573457993346023
George Seifert,11,0.3264,-0.35377533787646964,-0.3002654309888899
Dan Devine,4,0.3216,0.296738332173255,0.10715640576117522
Kliff Kingsbury,4,0.32,0.22394153493142532,0.15434364901941333
Jim Mora Sr,15,0.32,0.050849600623157576,0.3999193908001155
Mike Zimmer,8,0.296,0.6894030462698014,0.06589090946159895
Walt Michaels,6,0.2592,0.1589890284969682,-0.06826826874086644
Tom Flores,12,0.2448,-0.0749272070430892,0.14887391325126692
Marv Levy,16,0.2272,0.39587642105543625,0.2206034852064275
Bud Grant,15,0.224,-0.7160205339446646,-0.19761841204426592
Bobby Ross,9,0.216,0.4372335465063212,0.299896499787338
Bart Starr,9,0.1552,0.11242819157159825,0.26799990712044064
John Fox,16,0.1456,0.3248938166993937,-0.002971107312667217
Jeff Fisher,21,0.1424,0.5027600604243141,0.33011110674186017
Jack Pardee,11,0.1072,0.23940263038579193,-0.19102766644168837
Wade Phillips,9,0.0928,-0.2536215218432844,-0.29033396919158805
Charley Winner,3,0.0912,0.09810372535413925,0.15711975644512488
Dick Jauron,9,0.08,0.09448312622939474,0.05735620395550872
Robert Saleh,4,0.0416,0.08705367215182029,-0.0857985156620703
Jim Caldwell,7,0.04,0.09578852016609145,0.07276482627516594
Todd Bowles,7,0.04,-0.4660397668697698,-0.7989567850262812
Norm Van Brocklin,5,0.0176,0.6209924334431534,0.16678343705392143
Doug Pederson,8,0.016,-0.18893837826069038,0.04562709487497882
Ray Perkins,8,-0.032,0.4159291662711801,0.3712271566143178
Mike Smith,7,-0.0464,0.1638201549158327,-0.013432282488795614
Vince Tobin,5,-0.0608,-0.16013580209418857,-0.20381860939958688
John Robinson,9,-0.064,0.18767201450023757,-0.0031935393493481385
Ray Rhodes,5,-0.0848,-0.1281959882373546,-0.11002938250867239
Dick Nolan,9,-0.096,-0.37672596587602997,-0.34490267403965735
Sam Wyche,12,-0.104,0.2254316010667165,-0.34442662911915556
Mike McCoy,4,-0.1136,0.2391624771559694,0.06920245689209548
June Jones,3,-0.1216,-0.20167695804983773,0.19054827025526086
Mike Shanahan,20,-0.128,-0.331525476585453,-0.3366332998168034
Joe Schmidt,3,-0.1296,0.07883454249771932,0.0878112739127055
Jack Del Rio,12,-0.136,0.0021280581747455656,0.2805934906758056
Neill Armstrong,4,-0.1568,-0.78381690922061,-0.44592031727255754
Wayne Fontes,8,-0.1632,0.11481645954234432,-0.15910324186415853
Rex Ryan,8,-0.1648,-0.3930840570764972,-0.4846314952848921
Brian Billick,9,-0.1904,0.19425605715357933,0.43464516326431457
Tom Coughlin,20,-0.1952,-0.21909721918767597,0.2719795869938082
Zac Taylor,6,-0.2128,-0.19383388576164198,-0.5973924283411993
Ted Marchibroda,12,-0.2768,0.06838114303573156,0.19468113609643506
Brian Daboll,3,-0.328,0.03626602805331259,0.14933550345165372
Frank Kush,3,-0.3296,0.5781339840128852,0.30161900269550884
Monte Clark,8,-0.3328,-0.4370202044318473,-0.35605880378824584
Steve Mariucci,9,-0.3568,-0.3870053852886718,0.008888701450812504
Joe Walton,7,-0.36,0.09821642670705877,-0.06250245288515756
Bill Walsh,10,-0.376,-0.4060620957518138,-0.24027966324468045
Buddy Ryan,7,-0.3936,0.287357599796335,-0.039089549883725476
Dave Wannstedt,11,-0.4192,-0.20328280950433142,-0.3299832526199409
Matt Rhule,3,-0.4192,-0.15091191907558582,-0.15650154653426798
Alex Webster,4,-0.4224,-0.31477054297219004,0.09715615467106634
Lovie Smith,12,-0.44,-0.362347261260898,-0.06343382583123498
Marvin Lewis,16,-0.4528,-0.1422724136120305,0.036818873217585354
Jon Gruden,15,-0.4816,-0.4829536089514218,-0.33697329310724156
Ken Whisenhunt,8,-0.5024,-0.5783613284795641,-0.33929608688200974
Dick Vermeil,15,-0.5248,-0.3866452205089834,-0.3476498505904439
Matt Patricia,3,-0.5248,-0.31466867843004265,-0.5336885034732395
Chan Gailey,5,-0.5296,-0.27092763234020195,-0.48060440442891095
Jerry Burns,6,-0.5312,-0.29318757409276863,-0.3082336364638926
Paul Brown,6,-0.544,-0.03624709403052571,-0.12461120762897877
Brandon Staley,3,-0.552,-0.08663391879747917,-0.10564614089537694
Jay Gruden,6,-0.5584,0.2677544580455544,0.1102457572339462
Tommy Prothro,7,-0.5696,-0.3821255623443671,-0.16469889699228188
Frank Reich,6,-0.5872,-0.17521374637210593,-0.5658185123727761
Tony Sparano,4,-0.6384,0.15948527853054215,0.009095289862314136
Dennis Erickson,6,-0.6464,-0.036598277009546286,0.052416717830940464
Jim Fassel,7,-0.7152,-0.04605401501429537,0.0421424126781759
Hank Stram,7,-0.7216,-0.2560301590456069,-0.0324558490488016
Leeman Bennett,8,-0.7312,-1.0576453668376702,-0.6075383386075088
Mike Munchak,3,-0.7392,-0.029072063894014732,-0.42506774195649555
Dave McGinnis,3,-0.744,-0.2480971437648739,-0.20338493654939752
Eric Mangini,5,-0.7552,-0.0929480666372366,-0.05387878008542739
Gregg Williams,3,-0.7568,-0.4978028804273287,-0.2634506240385525
Raheem Morris,4,-0.7904,-0.1408256542246984,-0.02093831925548889
Anthony Lynn,4,-0.7952,-0.44161696085939084,-0.12861660001807193
John North,3,-0.7984,-0.07738100707929087,0.12259805994692151
Dirk Koetter,3,-0.8304,-0.6919768329558292,-0.3040892466988123
Joe Philbin,4,-0.8512,-0.5487827286911865,-0.3500916366913214
Butch Davis,4,-0.8752,-0.1577863235528171,-0.0752369662776453
Darryl Rogers,4,-0.9184,-0.1473833028585305,-0.31241903586339753
Ron Erhardt,3,-0.9184,-1.207130947892685,-0.5523700955701039
Mike Tice,4,-0.9248,-0.2598216254189134,-0.23653196205193722
Mike Mularkey,5,-0.9696,-0.33495895408858856,-0.29078558497536416
Lindy Infante,6,-0.9824,-0.6260631119183047,-0.5770277961165161
Rich Kotite,6,-0.9856,-0.6850883839631258,-0.4556720462691826
Dan Henning,7,-0.992,-0.4520480509398416,-0.6262342809836139
Norv Turner,15,-1.0144,-0.7789376281156075,-0.7403014630985567
Mike Riley,3,-1.024,-0.4963296198275344,-0.32265573018077587
Sam Rutigliano,7,-1.0272,-0.6696019719644459,-0.37661687668969257
Arthur Smith,3,-1.0432,-1.0559166694014155,-0.7284975368400957
Weeb Ewbank,4,-1.0464,-0.7868115341740671,-0.2067760106192947
Chip Kelly,4,-1.0592,-0.20534222465214952,-0.19596533034959984
Dave Campo,3,-1.0864,-0.3353784472841717,-0.3298379278952414
Josh McDaniels,4,-1.1104,-0.6576084579251437,-0.41069353414168464
Doug Marrone,6,-1.12,-0.286255012349748,0.04896344210911284
Jim Haslett,6,-1.1328,-0.763376742412284,-0.36848011159312505
Todd Haley,3,-1.1632,-0.2862885564790679,-0.2944942873493062
Marion Campbell,8,-1.2032,-0.8080983654122622,-0.5512525758558363
John Mackovic,4,-1.2176,-0.5017139213048395,-0.056966389890754754
Jim Mora Jr,4,-1.2576,-0.5529445278028385,-0.3285250365304925
Joe Bugel,5,-1.2672,-1.0306379223003181,-0.6755665111874394
Dom Capers,8,-1.2944,-1.1393334250329912,-0.7012304235708737
Don McCafferty,4,-1.3376,-0.8072437693926356,-0.7102688740896161
Mike McCormack,5,-1.3712,-0.4272847217254455,-0.24828321941196524
John McKay,9,-1.424,-0.8318265121589022,-0.45930214197914054
Leslie Frazier,3,-1.4272,-0.31647602347558945,0.08083995355394434
Dan Quinn,7,-1.4656,-0.8495281479822471,-0.796586987020984
Brad Childress,5,-1.4672,-0.7824808173905023,-0.6680436832608471
Herm Edwards,8,-1.4752,-0.7911716995012619,-0.47208171603177734
Bill Arnsparger,3,-1.5024,-0.9454549345399631,-0.6316336841092163
Romeo Crennel,5,-1.5392,-0.9757121623571936,-0.39735508191647506
Bill Johnson,3,-1.5408,-0.8838614068790615,-0.6380473281428667
Kay Stephenson,3,-1.616,-0.899376048768469,-0.5860134116497105
Gus Bradley,4,-1.6464,-1.3590993186185927,-0.832915284520154
Rick Forzano,3,-1.656,-0.1858841985516117,-0.2940941797003417
Dennis Allen,6,-1.72,-0.7661377794125501,-0.9420190284031225
Jim Schwartz,5,-1.752,-1.5174382269089908,-0.45911621379080064
Mike Nolan,4,-1.8336,-1.0887096602376427,-0.7390782904871186
Hue Jackson,4,-1.9168,-0.6720009391643577,-0.24700279578298148
Ed Biles,3,-2.0336,-1.094000537439961,-0.9711941884678237
Abe Gibron,3,-2.0688,-0.3619367992757466,-0.29335364990480883
J.D. Roberts,3,-2.136,-0.3792962165786776,0.06662691229653915
Bruce Coslet,8,-2.264,-1.3026702839246251,-0.8843208301804685
David Shula,5,-2.3056,-1.168175156704866,-0.9699116421089308
Paul Wiggin,3,-2.4208,-0.37843303738043327,-0.3229930302976972
Jack Patera,7,-2.5376,-1.6622504377299974,-0.7820812100452517
Rod Marinelli,3,-2.5424,-0.8019958659686871,-0.5159260258974535
Matt Eberflus,3,-2.8928,-0.8837531716513554,-0.3078565139745266
Scott Linehan,3,-2.976,-1.6755657619242605,-1.0698283634315695
Pat Shurmur,4,-3.1008,-1.501922626127317,-1.0794881323256589
Steve Spagnuolo,3,-3.1888,-1.1459329606411508,-0.885098548965605
