Team,Year,Actual_Win_Pct,Predicted_With_Coach,Predicted_Replacement,Coaching_Impact,Actual_vs_Replacement,Prediction_Error_Coach,Prediction_Error_Replacement,Primary_Coach,Combined_Coach,Impact_Percentile
CLT,2009,0.875,0.692684,0.4502357,0.2424483,0.4247643053531647,0.18231600522994995,0.4247643053531647,Jim Caldwell,Jim Caldwell,100.0
CLT,2010,0.625,0.5119079,0.30648357,0.20542431,0.31851643323898315,0.11309212446212769,0.31851643323898315,Jim Caldwell,Jim Caldwell,99.94058229352348
SFO,1987,0.8667,0.80653954,0.6211288,0.18541074,0.2455712024688721,0.06016046447753909,0.2455712024688721,Bill Walsh,Bill Walsh,99.88116458704694
SDG,1982,0.6667,0.66323775,0.4779885,0.18524924,0.18871148867607113,0.0034622494697570394,0.18871148867607113,Don Coryell,Don Coryell,99.8217468805704
MIA,1982,0.7778,0.7202037,0.5362713,0.18393242,0.24152872591018681,0.057596302318573045,0.24152872591018681,Don Shula,Don Shula,99.76232917409388
CLT,1999,0.8125,0.7016881,0.5221347,0.17955339,0.2903652787208557,0.11081188917160034,0.2903652787208557,,,99.70291146761735
MIA,2022,0.5294,0.4377496,0.27071446,0.16703513,0.2586855381965637,0.09165040555000303,0.2586855381965637,Mike McDaniel,Mike McDaniel,99.64349376114082
MIN,1982,0.5556,0.5686649,0.40197468,0.16669023,0.1536253219604492,-0.01306490840911867,0.1536253219604492,Bud Grant,Bud Grant,99.5840760546643
DAL,1995,0.75,0.7413325,0.5755079,0.16582459,0.17449212074279785,0.008667528629302979,0.17449212074279785,Barry Switzer,Barry Switzer,99.52465834818776
WAS,1982,0.8889,0.63688093,0.47556555,0.16131538,0.4133344472885132,0.2520190657615662,0.4133344472885132,Joe Gibbs,Joe Gibbs,99.46524064171123
MIA,1974,0.7857,0.65483105,0.4938494,0.16098166,0.2918506032943725,0.1308689481735229,0.2918506032943725,Don Shula,Don Shula,99.4058229352347
KAN,2014,0.5625,0.52536213,0.36442316,0.16093898,0.19807684421539307,0.03713786602020264,0.19807684421539307,Andy Reid,Andy Reid,99.34640522875817
MIN,1970,0.8571,0.8202795,0.66034836,0.15993112,0.1967516442298889,0.03682052097320554,0.1967516442298889,Bud Grant,Bud Grant,99.28698752228165
CLT,2005,0.875,0.83619684,0.6769929,0.15920395,0.19800710678100586,0.038803160190582275,0.19800710678100586,Tony Dungy,Tony Dungy,99.22756981580511
GNB,2004,0.625,0.50581837,0.351264,0.15455437,0.27373600006103516,0.11918163299560547,0.27373600006103516,Mike Sherman,Mike Sherman,99.16815210932857
MIA,1972,1.0,0.9076094,0.75325966,0.15434974,0.24674034118652344,0.09239059686660767,0.24674034118652344,Don Shula,Don Shula,99.10873440285205
NWE,2007,1.0,0.8977595,0.7440389,0.15372062,0.2559611201286316,0.10224050283432007,0.2559611201286316,Bill Belichick,Bill Belichick,99.04931669637553
RAM,1973,0.8571,0.8305892,0.6768823,0.15370685,0.18021767339706418,0.026510824775695774,0.18021767339706418,Chuck Knox,Chuck Knox,98.98989898989899
GNB,1996,0.8125,0.81272256,0.65936434,0.15335822,0.15313565731048584,-0.0002225637435913086,0.15313565731048584,Mike Holmgren,Mike Holmgren,98.93048128342245
PIT,2010,0.75,0.7961511,0.6442956,0.15185553,0.1057044267654419,-0.04615110158920288,0.1057044267654419,Mike Tomlin,Mike Tomlin,98.87106357694593
KAN,2020,0.875,0.7893024,0.6389338,0.15036863,0.23606622219085693,0.08569759130477905,0.23606622219085693,Andy Reid,Andy Reid,98.8116458704694
CLT,2007,0.8125,0.736997,0.5874216,0.14957541,0.22507840394973755,0.07550299167633057,0.22507840394973755,Tony Dungy,Tony Dungy,98.75222816399287
NOR,1982,0.4444,0.39321294,0.24687703,0.14633591,0.19752297046184542,0.05118705573081972,0.19752297046184542,Bum Phillips,Bum Phillips,98.69281045751634
SFO,1992,0.875,0.81577563,0.6711182,0.14465743,0.20388180017471313,0.05922436714172363,0.20388180017471313,George Seifert,George Seifert,98.6333927510398
RAM,1973,0.8571,0.823756,0.6793529,0.1444031,0.17774712047576902,0.033344020462036106,0.17774712047576902,Chuck Knox,Chuck Knox,98.57397504456328
PIT,2015,0.625,0.58456576,0.44100234,0.14356342,0.18399766087532043,0.04043424129486084,0.18399766087532043,Mike Tomlin,Mike Tomlin,98.51455733808675
BUF,1982,0.4444,0.49553984,0.35201907,0.14352077,0.09238092842102053,-0.05113984403610228,0.09238092842102053,Chuck Knox,Chuck Knox,98.45513963161022
NOR,1987,0.8,0.71254027,0.5701632,0.14237708,0.2298368096351624,0.08745973110198979,0.2298368096351624,,,98.3957219251337
SEA,2013,0.8125,0.68712646,0.5463333,0.14079314,0.26616668701171875,0.12537354230880737,0.26616668701171875,Pete Carroll,Pete Carroll,98.33630421865716
CLT,1988,0.5625,0.5072616,0.36823618,0.13902539,0.19426381587982178,0.055238425731658936,0.19426381587982178,Ron Meyer,Ron Meyer,98.27688651218062
CHI,1987,0.7333,0.53004545,0.39142394,0.13862151,0.3418760593414306,0.20325455026626582,0.3418760593414306,Mike Ditka,Mike Ditka,98.2174688057041
SFO,1989,0.875,0.80256504,0.66424143,0.1383236,0.21075856685638428,0.07243496179580688,0.21075856685638428,George Seifert,George Seifert,98.15805109922758
PIT,1978,0.875,0.7860611,0.6483143,0.13774681,0.22668570280075073,0.0889388918876648,0.22668570280075073,Chuck Noll,Chuck Noll,98.09863339275104
GNB,2023,0.5294,0.5007482,0.3630365,0.1377117,0.16636348667144774,0.028651782894134503,0.16636348667144774,Matt LaFleur,Matt LaFleur,98.0392156862745
DAL,1992,0.8125,0.7307898,0.593079,0.13771081,0.21942102909088135,0.08171021938323975,0.21942102909088135,Jimmy Johnson,Jimmy Johnson,97.97979797979798
MIA,1975,0.7143,0.67117035,0.5346005,0.13656986,0.1796995037078858,0.043129646110534714,0.1796995037078858,Don Shula,Don Shula,97.92038027332146
DAL,1982,0.6667,0.66088086,0.526501,0.13437986,0.1401990000724792,0.0058191363334655355,0.1401990000724792,Tom Landry,Tom Landry,97.86096256684492
GNB,1982,0.6111,0.5423905,0.40812114,0.13426939,0.20297886118888853,0.06870947465896604,0.20297886118888853,Bart Starr,Bart Starr,97.8015448603684
SFO,1991,0.625,0.65763164,0.5235896,0.13404202,0.1014103889465332,-0.032631635665893555,0.1014103889465332,George Seifert,George Seifert,97.74212715389186
WAS,1983,0.875,0.81957924,0.6857398,0.13383943,0.18926018476486206,0.055420756340026855,0.18926018476486206,Joe Gibbs,Joe Gibbs,97.68270944741533
CLT,2004,0.75,0.74368757,0.6100338,0.13365376,0.1399661898612976,0.006312429904937744,0.1399661898612976,Tony Dungy,Tony Dungy,97.6232917409388
MIN,2022,0.7647,0.68407714,0.55052507,0.13355207,0.21417493076324468,0.08062285633087163,0.21417493076324468,Kevin O'Connell,Kevin O'Connell,97.56387403446227
NWE,2010,0.875,0.8190904,0.68603975,0.13305068,0.1889602541923523,0.055909574031829834,0.1889602541923523,Bill Belichick,Bill Belichick,97.50445632798575
MIA,1973,0.8571,0.8340496,0.7019713,0.13207829,0.15512870750427243,0.023050417518615696,0.15512870750427243,Don Shula,Don Shula,97.44503862150921
MIA,1995,0.5625,0.5249575,0.39360505,0.13135242,0.1688949465751648,0.037542521953582764,0.1688949465751648,Don Shula,Don Shula,97.38562091503267
PIT,1982,0.6667,0.6620022,0.531084,0.1309182,0.13561599893569942,0.004697794151306112,0.13561599893569942,Chuck Noll,Chuck Noll,97.32620320855615
CHI,1985,0.9375,0.866119,0.73536587,0.13075316,0.2021341323852539,0.07138097286224365,0.2021341323852539,Mike Ditka,Mike Ditka,97.26678550207963
RAM,2004,0.5,0.49388203,0.3631307,0.13075134,0.13686931133270264,0.006117969751358032,0.13686931133270264,,,97.20736779560309
RAV,2024,0.7059,0.753803,0.62332344,0.13047957,0.08257655944824216,-0.04790301475524905,0.08257655944824216,John Harbaugh,John Harbaugh,97.14795008912655
RAI,1982,0.8889,0.74272066,0.6128367,0.12988394,0.2760632814407349,0.14617933645248415,0.2760632814407349,Tom Flores,Tom Flores,97.08853238265003
NWE,2013,0.75,0.6250661,0.49525487,0.12981123,0.25474512577056885,0.12493389844894409,0.25474512577056885,Bill Belichick,Bill Belichick,97.0291146761735
CLE,1972,0.7143,0.57791775,0.44926417,0.12865359,0.2650358312606812,0.13638224534988408,0.2650358312606812,Nick Skorich,Nick Skorich,96.96969696969697
DAL,1979,0.6875,0.6653176,0.5367103,0.12860727,0.15078967809677124,0.0221824049949646,0.15078967809677124,Tom Landry,Tom Landry,96.91027926322045
RAV,2001,0.625,0.53678083,0.40895036,0.12783048,0.21604964137077332,0.08821916580200195,0.21604964137077332,Brian Billick,Brian Billick,96.85086155674391
CLT,1970,0.8214,0.7758452,0.6500688,0.12577641,0.17133118047714235,0.045554770374298115,0.17133118047714235,,,96.79144385026738
MIA,1978,0.6875,0.69926697,0.5749215,0.12434548,0.11257851123809814,-0.011766970157623291,0.11257851123809814,Don Shula,Don Shula,96.73202614379085
NYG,1988,0.625,0.6483964,0.5240884,0.12430799,0.10091161727905273,-0.02339637279510498,0.10091161727905273,Bill Parcells,Bill Parcells,96.67260843731432
CLT,2006,0.75,0.70698136,0.58298516,0.1239962,0.16701483726501465,0.043018639087677,0.16701483726501465,Tony Dungy,Tony Dungy,96.6131907308378
MIA,1984,0.875,0.80685365,0.6832769,0.12357676,0.19172310829162598,0.06814634799957275,0.19172310829162598,Don Shula,Don Shula,96.55377302436125
RAM,1975,0.8571,0.7904605,0.66692996,0.12353057,0.19017003974914548,0.06663947305679319,0.19017003974914548,Chuck Knox,Chuck Knox,96.49435531788473
MIA,1976,0.4286,0.5036875,0.3820821,0.121605396,0.04651789531707762,-0.07508750095367434,0.04651789531707762,Don Shula,Don Shula,96.4349376114082
SDG,2014,0.5625,0.44120187,0.3201043,0.121097565,0.24239569902420044,0.12129813432693481,0.24239569902420044,Mike McCoy,Mike McCoy,96.37551990493168
OTI,2023,0.3529,0.36999932,0.24914424,0.12085508,0.10375575878620147,-0.017099319314956674,0.10375575878620147,Mike Vrabel,Mike Vrabel,96.31610219845514
RAM,1975,0.8571,0.78875047,0.66795397,0.1207965,0.18914603195190427,0.06834953031539914,0.18914603195190427,Chuck Knox,Chuck Knox,96.2566844919786
NYG,2010,0.625,0.57420015,0.4539919,0.12020826,0.17100811004638672,0.05079984664916992,0.17100811004638672,Tom Coughlin,Tom Coughlin,96.19726678550208
KAN,2019,0.75,0.751365,0.6312236,0.12014139,0.11877638101577759,-0.0013650059700012207,0.11877638101577759,Andy Reid,Andy Reid,96.13784907902556
CLT,2008,0.75,0.58668494,0.4666595,0.120025456,0.2833405137062073,0.1633150577545166,0.2833405137062073,Tony Dungy,Tony Dungy,96.07843137254902
CHI,1988,0.75,0.7431209,0.6235185,0.11960238,0.12648147344589233,0.006879091262817383,0.12648147344589233,Mike Ditka,Mike Ditka,96.0190136660725
SEA,2006,0.5625,0.50892746,0.38982183,0.11910564,0.1726781725883484,0.05357253551483154,0.1726781725883484,Mike Holmgren,Mike Holmgren,95.95959595959596
TAM,1982,0.5556,0.48839483,0.3696189,0.118775934,0.18598110733032225,0.06720517334938048,0.18598110733032225,John McKay,John McKay,95.90017825311944
DAL,1974,0.5714,0.56191194,0.44346184,0.118450105,0.12793816461563112,0.009488059425354023,0.12793816461563112,Tom Landry,Tom Landry,95.8407605466429
SDG,1981,0.625,0.7308059,0.6127092,0.11809665,0.012290775775909424,-0.10580587387084961,0.012290775775909424,Don Coryell,Don Coryell,95.78134284016637
RAM,1984,0.625,0.57699203,0.45953625,0.11745578,0.16546374559402466,0.048007965087890625,0.16546374559402466,John Robinson,John Robinson,95.72192513368985
PIT,2007,0.625,0.61739314,0.50014824,0.1172449,0.1248517632484436,0.007606863975524902,0.1248517632484436,Mike Tomlin,Mike Tomlin,95.6625074272133
SEA,2001,0.5625,0.616291,0.5005197,0.11577129,0.06198030710220337,-0.05379098653793335,0.06198030710220337,Mike Holmgren,Mike Holmgren,95.60308972073678
NWE,2008,0.6875,0.71783495,0.6023804,0.115454555,0.08511960506439209,-0.030334949493408203,0.08511960506439209,Bill Belichick,Bill Belichick,95.54367201426025
CLT,1990,0.4375,0.35342312,0.23895207,0.11447105,0.19854792952537537,0.0840768814086914,0.19854792952537537,Ron Meyer,Ron Meyer,95.48425430778373
CIN,1988,0.75,0.7678479,0.6539598,0.113888085,0.09604018926620483,-0.017847895622253418,0.09604018926620483,Sam Wyche,Sam Wyche,95.42483660130719
MIA,1983,0.75,0.8047873,0.6910796,0.11370766,0.05892038345336914,-0.054787278175354004,0.05892038345336914,Don Shula,Don Shula,95.36541889483065
PIT,2016,0.6875,0.5855659,0.47223026,0.11333567,0.21526974439620972,0.10193407535552979,0.21526974439620972,Mike Tomlin,Mike Tomlin,95.30600118835413
SFO,1990,0.875,0.73143065,0.61856234,0.11286831,0.25643765926361084,0.14356935024261475,0.25643765926361084,George Seifert,George Seifert,95.2465834818776
CIN,1982,0.7778,0.70554936,0.59312564,0.11242372,0.18467435865402226,0.07225064067840581,0.18467435865402226,Forrest Gregg,Forrest Gregg,95.18716577540107
DAL,1976,0.7857,0.70305806,0.5910485,0.112009585,0.19465152091979976,0.08264193601608272,0.19465152091979976,Tom Landry,Tom Landry,95.12774806892455
SDG,1987,0.5333,0.3741618,0.2622575,0.11190432,0.27104251341819763,0.15913819031715393,0.27104251341819763,Al Saunders,Al Saunders,95.06833036244801
WAS,1991,0.875,0.8645403,0.75337243,0.11116785,0.1216275691986084,0.010459721088409424,0.1216275691986084,Joe Gibbs,Joe Gibbs,95.00891265597147
TAM,2021,0.7647,0.7273184,0.61662734,0.11069107,0.14807266445159917,0.03738159389495854,0.14807266445159917,Bruce Arians,Bruce Arians,94.94949494949495
RAM,1977,0.7143,0.77038157,0.6597291,0.11065245,0.054570876884460495,-0.05608156986236568,0.054570876884460495,Chuck Knox,Chuck Knox,94.86036838978016
RAM,1977,0.7143,0.7652822,0.65462977,0.11065245,0.05967023305892949,-0.05098221368789668,0.05967023305892949,Chuck Knox,Chuck Knox,94.86036838978016
DAL,1996,0.625,0.62216324,0.51152337,0.11063987,0.11347663402557373,0.002836763858795166,0.11347663402557373,Barry Switzer,Barry Switzer,94.77124183006535
RAV,2019,0.875,0.7126612,0.6026603,0.11000091,0.27233970165252686,0.16233879327774048,0.27233970165252686,John Harbaugh,John Harbaugh,94.71182412358883
CRD,1982,0.5556,0.47553182,0.36609957,0.10943225,0.1895004337787628,0.08006818351745604,0.1895004337787628,,,94.6524064171123
SFO,1984,0.9375,0.857315,0.7483825,0.108932495,0.18911749124526978,0.08018499612808228,0.18911749124526978,Bill Walsh,Bill Walsh,94.59298871063578
SEA,1989,0.4375,0.41432607,0.30542397,0.1089021,0.13207602500915527,0.023173928260803223,0.13207602500915527,Chuck Knox,Chuck Knox,94.53357100415924
NOR,1992,0.75,0.64867115,0.5398723,0.10879886,0.21012771129608154,0.10132884979248047,0.21012771129608154,,,94.4741532976827
PIT,2008,0.75,0.6424536,0.53389543,0.10855818,0.21610456705093384,0.10754638910293579,0.21610456705093384,Mike Tomlin,Mike Tomlin,94.41473559120618
PIT,2005,0.6875,0.6331797,0.5247024,0.108477294,0.16279757022857666,0.05432027578353882,0.16279757022857666,Bill Cowher,Bill Cowher,94.35531788472964
OTI,1987,0.6,0.48126906,0.37279364,0.10847542,0.22720635533332822,0.11873093843460081,0.22720635533332822,,,94.29590017825312
NWE,2012,0.75,0.7711095,0.6626345,0.10847503,0.08736550807952881,-0.02110952138900757,0.08736550807952881,Bill Belichick,Bill Belichick,94.2364824717766
NOR,2013,0.6875,0.5965021,0.48812255,0.10837957,0.19937744736671448,0.09099787473678589,0.19937744736671448,Sean Payton,Sean Payton,94.17706476530006
DEN,1998,0.875,0.8001112,0.6917768,0.10833436,0.1832231879234314,0.07488882541656494,0.1832231879234314,Mike Shanahan,Mike Shanahan,94.11764705882352
SDG,2004,0.75,0.7122009,0.60392904,0.10827184,0.1460709571838379,0.03779911994934082,0.1460709571838379,Marty Schottenheimer,Marty Schottenheimer,94.058229352347
PIT,1987,0.5333,0.5175218,0.40955928,0.10796252,0.12374072031974792,0.01577820138931274,0.12374072031974792,Chuck Noll,Chuck Noll,93.99881164587048
KAN,2018,0.75,0.6972066,0.589394,0.10781264,0.1606060266494751,0.05279338359832764,0.1606060266494751,Andy Reid,Andy Reid,93.93939393939394
RAM,1974,0.7143,0.7349387,0.6275124,0.107426286,0.08678760461807256,-0.020638681125640823,0.08678760461807256,Chuck Knox,Chuck Knox,93.8799762329174
KAN,2023,0.6471,0.6142019,0.5068433,0.107358575,0.14025667152404786,0.032898096656799325,0.14025667152404786,Andy Reid,Andy Reid,93.82055852644088
NYG,1987,0.4,0.43229786,0.32574064,0.10655722,0.07425936460494997,-0.03229785561561582,0.07425936460494997,Bill Parcells,Bill Parcells,93.76114081996435
SFO,1994,0.8125,0.8136474,0.7075513,0.10609609,0.10494869947433472,-0.0011473894119262695,0.10494869947433472,George Seifert,George Seifert,93.70172311348782
SDG,1995,0.5625,0.49408284,0.38837698,0.10570586,0.17412301898002625,0.06841716170310974,0.17412301898002625,Bobby Ross,Bobby Ross,93.64230540701129
GNB,2001,0.75,0.7280172,0.6223998,0.105617404,0.12760019302368164,0.021982789039611816,0.12760019302368164,Mike Sherman,Mike Sherman,93.58288770053476
NYG,1989,0.75,0.7098371,0.60434455,0.10549253,0.14565545320510864,0.04016292095184326,0.14565545320510864,Bill Parcells,Bill Parcells,93.52346999405823
MIN,1971,0.7857,0.70148736,0.59608483,0.10540253,0.18961516685485835,0.08421263761520381,0.18961516685485835,Bud Grant,Bud Grant,93.4640522875817
JAX,1999,0.875,0.7962791,0.6911824,0.1050967,0.18381762504577637,0.07872092723846436,0.18381762504577637,Tom Coughlin,Tom Coughlin,93.40463458110517
NYG,1986,0.875,0.6690603,0.56414354,0.10491675,0.3108564615249634,0.20593971014022827,0.3108564615249634,Bill Parcells,Bill Parcells,93.34521687462865
NOR,2009,0.8125,0.75807744,0.65334815,0.104729295,0.1591518521308899,0.05442255735397339,0.1591518521308899,Sean Payton,Sean Payton,93.28579916815211
NOR,2010,0.6875,0.5942374,0.48975974,0.104477644,0.19774025678634644,0.09326261281967163,0.19774025678634644,Sean Payton,Sean Payton,93.22638146167557
NWE,1986,0.6875,0.70906115,0.6047145,0.10434663,0.08278548717498779,-0.021561145782470703,0.08278548717498779,Raymond Berry,Raymond Berry,93.16696375519905
CIN,1974,0.5,0.51375806,0.40956464,0.10419342,0.09043535590171814,-0.013758063316345215,0.09043535590171814,Paul Brown,Paul Brown,93.10754604872253
CIN,1973,0.7143,0.6444297,0.5403255,0.10410416,0.17397447757720952,0.06987031631469731,0.17397447757720952,Paul Brown,Paul Brown,93.04812834224599
RAM,1974,0.7143,0.73105186,0.6275124,0.10353947,0.08678760461807256,-0.0167518622398376,0.08678760461807256,Chuck Knox,Chuck Knox,92.98871063576945
SFO,2012,0.7188,0.7360171,0.6324972,0.10351992,0.08630280857086181,-0.017217107963562017,0.08630280857086181,Jim Harbaugh,Jim Harbaugh,92.92929292929293
NWE,2006,0.75,0.7458555,0.6424558,0.103399694,0.1075441837310791,0.004144489765167236,0.1075441837310791,Bill Belichick,Bill Belichick,92.8698752228164
SEA,1987,0.6,0.4784778,0.37534586,0.10313195,0.22465414404869077,0.12152219414710996,0.22465414404869077,Chuck Knox,Chuck Knox,92.81045751633987
RAM,2003,0.75,0.67497915,0.5719446,0.103034556,0.17805540561676025,0.07502084970474243,0.17805540561676025,,,92.75103980986333
RAV,2011,0.75,0.6983921,0.59551233,0.10287976,0.15448766946792603,0.05160790681838989,0.15448766946792603,John Harbaugh,John Harbaugh,92.6916221033868
MIA,1977,0.7143,0.64516366,0.542339,0.10282463,0.17196097307205205,0.06913634471893315,0.17196097307205205,Don Shula,Don Shula,92.63220439691028
NOR,2011,0.8125,0.5938854,0.49121034,0.10267508,0.32128965854644775,0.2186145782470703,0.32128965854644775,Sean Payton,Sean Payton,92.57278669043374
DET,2024,0.8824,0.6751414,0.57253987,0.10260153,0.3098601340293884,0.20725860586166378,0.3098601340293884,Dan Campbell,Dan Campbell,92.51336898395722
RAM,1988,0.625,0.7276191,0.6256508,0.10196829,-0.0006508231163024902,-0.10261911153793335,-0.0006508231163024902,John Robinson,John Robinson,92.45395127748068
MIN,1976,0.8214,0.7923364,0.6908676,0.1014688,0.13053239717483522,0.029063595676422138,0.13053239717483522,Bud Grant,Bud Grant,92.39453357100416
WAS,1987,0.7333,0.66638577,0.5649916,0.10139418,0.16830840663909907,0.06691423015594478,0.16830840663909907,Joe Gibbs,Joe Gibbs,92.33511586452762
SDG,2006,0.875,0.8002947,0.69898856,0.10130614,0.17601144313812256,0.07470530271530151,0.17601144313812256,Marty Schottenheimer,Marty Schottenheimer,92.2756981580511
GNB,1995,0.6875,0.5251086,0.42383307,0.1012755,0.26366692781448364,0.16239142417907715,0.26366692781448364,Mike Holmgren,Mike Holmgren,92.21628045157458
NWE,2015,0.75,0.6515795,0.5503354,0.10124409,0.19966459274291992,0.09842050075531006,0.19966459274291992,Bill Belichick,Bill Belichick,92.15686274509804
ATL,1982,0.5556,0.4969082,0.39570695,0.101201236,0.1598930483818054,0.058691812133789045,0.1598930483818054,Leeman Bennett,Leeman Bennett,92.0974450386215
CHI,1991,0.6875,0.70172,0.60069144,0.10102856,0.08680856227874756,-0.014219999313354492,0.08680856227874756,Mike Ditka,Mike Ditka,92.03802733214498
NWE,2011,0.8125,0.749009,0.64799434,0.10101467,0.16450566053390503,0.06349098682403564,0.16450566053390503,Bill Belichick,Bill Belichick,91.97860962566845
NWE,2016,0.875,0.8116102,0.71075153,0.10085869,0.16424846649169922,0.06338977813720703,0.16424846649169922,Bill Belichick,Bill Belichick,91.91919191919192
KAN,2002,0.5,0.6695616,0.56877595,0.10078567,-0.0687759518623352,-0.16956162452697754,-0.0687759518623352,Dick Vermeil,Dick Vermeil,91.85977421271538
SEA,2005,0.8125,0.735452,0.63478094,0.10067105,0.17771905660629272,0.07704800367355347,0.17771905660629272,Mike Holmgren,Mike Holmgren,91.80035650623886
WAS,1984,0.6875,0.6950876,0.5945692,0.100518405,0.09293079376220703,-0.007587611675262451,0.09293079376220703,Joe Gibbs,Joe Gibbs,91.74093879976233
ATL,2012,0.8125,0.70252615,0.6021917,0.100334466,0.21030831336975098,0.10997384786605835,0.21030831336975098,Mike Smith,Mike Smith,91.6815210932858
NOR,2017,0.6875,0.6379368,0.53831726,0.09961951,0.1491827368736267,0.04956322908401489,0.1491827368736267,Sean Payton,Sean Payton,91.62210338680927
MIA,1971,0.75,0.73279727,0.63329047,0.099506795,0.11670953035354614,0.01720273494720459,0.11670953035354614,Don Shula,Don Shula,91.56268568033273
SFO,2013,0.75,0.73173934,0.63255477,0.09918457,0.11744523048400879,0.018260657787322998,0.11744523048400879,Jim Harbaugh,Jim Harbaugh,91.50326797385621
SEA,2014,0.75,0.649036,0.5504875,0.09854847,0.19951248168945312,0.1009640097618103,0.19951248168945312,Pete Carroll,Pete Carroll,91.44385026737967
SDG,1984,0.4375,0.5194458,0.42099822,0.09844756,0.016501784324645996,-0.08194577693939209,0.016501784324645996,Don Coryell,Don Coryell,91.38443256090315
NWE,2017,0.8125,0.6814371,0.58441734,0.09701973,0.22808265686035156,0.13106292486190796,0.22808265686035156,Bill Belichick,Bill Belichick,91.32501485442663
KAN,2024,0.8824,0.73915476,0.642946,0.09620875,0.23945399513244625,0.1432452439308166,0.23945399513244625,Andy Reid,Andy Reid,91.26559714795009
SDG,1993,0.5,0.5819027,0.48602468,0.095878005,0.013975322246551514,-0.08190268278121948,0.013975322246551514,Bobby Ross,Bobby Ross,91.20617944147355
KAN,2015,0.6875,0.6668991,0.571066,0.09583306,0.11643397808074951,0.02060091495513916,0.11643397808074951,Andy Reid,Andy Reid,91.14676173499703
MIN,1997,0.5625,0.4846492,0.3889323,0.09571692,0.17356771230697632,0.07785078883171082,0.17356771230697632,Dennis Green,Dennis Green,91.0873440285205
HTX,2019,0.625,0.5117283,0.41644418,0.095284104,0.20855581760406494,0.11327171325683594,0.20855581760406494,Bill O'Brien,Bill O'Brien,91.02792632204397
SFO,2019,0.8125,0.6233846,0.5283771,0.09500748,0.28412288427352905,0.18911540508270264,0.28412288427352905,Kyle Shanahan,Kyle Shanahan,90.96850861556743
CLT,1971,0.7143,0.7128064,0.6178112,0.0949952,0.09648879699707036,0.001493596363067673,0.09648879699707036,,,90.9090909090909
SFO,1988,0.625,0.71863806,0.6238893,0.094748735,0.001110672950744629,-0.09363806247711182,0.001110672950744629,Bill Walsh,Bill Walsh,90.84967320261438
RAI,1977,0.7857,0.6840717,0.58950245,0.094569266,0.19619754619598384,0.1016282803535461,0.19619754619598384,John Madden,John Madden,90.79025549613785
BUF,1996,0.625,0.54342127,0.44973356,0.09368771,0.17526644468307495,0.08157873153686523,0.17526644468307495,Marv Levy,Marv Levy,90.73083778966132
GNB,2002,0.75,0.6478372,0.55431473,0.09352249,0.1956852674484253,0.10216277837753296,0.1956852674484253,Mike Sherman,Mike Sherman,90.67142008318478
KAN,2013,0.6875,0.69915766,0.6058848,0.093272865,0.08161520957946777,-0.011657655239105225,0.08161520957946777,Andy Reid,Andy Reid,90.61200237670826
RAV,2012,0.625,0.60922396,0.5167209,0.09250307,0.10827910900115967,0.01577603816986084,0.10827910900115967,John Harbaugh,John Harbaugh,90.55258467023172
HTX,2016,0.5625,0.4692035,0.37688184,0.092321664,0.18561816215515137,0.09329649806022644,0.18561816215515137,Bill O'Brien,Bill O'Brien,90.4931669637552
SFO,1972,0.6071,0.55123895,0.4589315,0.09230745,0.14816849431991574,0.05586104593276975,0.14816849431991574,Dick Nolan,Dick Nolan,90.43374925727868
SFO,1996,0.75,0.732331,0.64021814,0.09211284,0.10978186130523682,0.01766902208328247,0.10978186130523682,George Seifert,George Seifert,90.37433155080214
PHI,2004,0.8125,0.7921515,0.7000707,0.09208083,0.11242932081222534,0.02034848928451538,0.11242932081222534,Andy Reid,Andy Reid,90.3149138443256
GNB,2024,0.6471,0.6166662,0.5247175,0.09194869,0.1223824902534485,0.030433802223205575,0.1223824902534485,Matt LaFleur,Matt LaFleur,90.25549613784908
NWE,2009,0.625,0.6621224,0.57041097,0.09171146,0.054589033126831055,-0.03712242841720581,0.054589033126831055,Bill Belichick,Bill Belichick,90.19607843137256
GNB,1997,0.8125,0.7540578,0.66236424,0.09169358,0.15013575553894043,0.05844217538833618,0.15013575553894043,Mike Holmgren,Mike Holmgren,90.13666072489602
DAL,1978,0.75,0.74376595,0.6521641,0.09160185,0.09783589839935303,0.0062340497970581055,0.09783589839935303,Tom Landry,Tom Landry,90.07724301841948
RAV,2014,0.625,0.5888077,0.49732468,0.09148303,0.12767532467842102,0.03619229793548584,0.12767532467842102,John Harbaugh,John Harbaugh,90.01782531194296
WAS,1985,0.625,0.536539,0.44519144,0.091347575,0.17980855703353882,0.08846098184585571,0.17980855703353882,Joe Gibbs,Joe Gibbs,89.95840760546643
NYG,2012,0.5625,0.6725223,0.5812321,0.091290236,-0.018732070922851562,-0.11002230644226074,-0.018732070922851562,Tom Coughlin,Tom Coughlin,89.8989898989899
MIN,2000,0.6875,0.56640047,0.4752541,0.09114638,0.212245911359787,0.12109953165054321,0.212245911359787,Dennis Green,Dennis Green,89.83957219251337
DAL,1977,0.8571,0.7794005,0.68826693,0.091133595,0.16883306703567502,0.07769947252273557,0.16883306703567502,Tom Landry,Tom Landry,89.78015448603684
NOR,2020,0.75,0.7514479,0.66055936,0.09088856,0.08944064378738403,-0.001447916030883789,0.08944064378738403,Sean Payton,Sean Payton,89.72073677956031
RAI,2004,0.3125,0.35362062,0.2627822,0.09083843,0.04971781373023987,-0.04112061858177185,0.04971781373023987,Norv Turner,Norv Turner,89.66131907308377
GNB,2018,0.4062,0.4838773,0.39309853,0.09077877,0.01310146684646607,-0.07767730121612548,0.01310146684646607,Mike McCarthy,Joe Philbin / Mike McCarthy,89.60190136660725
KAN,2017,0.625,0.71618986,0.6265057,0.08968419,-0.0015056729316711426,-0.09118986129760742,-0.0015056729316711426,Andy Reid,Andy Reid,89.54248366013073
NWE,1985,0.6875,0.6282237,0.53854483,0.08967888,0.14895516633987427,0.059276282787323,0.14895516633987427,Raymond Berry,Raymond Berry,89.48306595365419
SEA,2021,0.4118,0.5961657,0.5066382,0.08952749,-0.09483822889328003,-0.1843657166481018,-0.09483822889328003,Pete Carroll,Pete Carroll,89.42364824717765
RAI,1976,0.9286,0.73577213,0.6462872,0.08948493,0.282312797164917,0.19282786712646482,0.282312797164917,John Madden,John Madden,89.36423054070113
PIT,2012,0.5,0.51055986,0.42116317,0.089396685,0.0788368284702301,-0.01055985689163208,0.0788368284702301,Mike Tomlin,Mike Tomlin,89.3048128342246
KAN,2016,0.75,0.6801159,0.59081227,0.08930361,0.15918773412704468,0.06988412141799927,0.15918773412704468,Andy Reid,Andy Reid,89.24539512774807
SEA,1988,0.5625,0.6366217,0.547413,0.08920872,0.015087008476257324,-0.07412171363830566,0.015087008476257324,Chuck Knox,Chuck Knox,89.18597742127153
DAL,1997,0.375,0.4368224,0.34777936,0.08904305,0.02722063660621643,-0.06182241439819336,0.02722063660621643,Barry Switzer,Barry Switzer,89.12655971479501
MIN,1975,0.8571,0.83212936,0.7433376,0.08879179,0.11376242837905881,0.02497064075469968,0.11376242837905881,Bud Grant,Bud Grant,89.06714200831848
RAV,2023,0.7647,0.72548044,0.63710964,0.0883708,0.12759036273956303,0.03921956272125249,0.12759036273956303,John Harbaugh,John Harbaugh,89.00772430184195
DAL,1998,0.625,0.5945456,0.50623214,0.08831346,0.11876785755157471,0.030454397201538086,0.11876785755157471,Chan Gailey,Chan Gailey,88.94830659536542
GNB,2020,0.8125,0.72894645,0.6406848,0.088261664,0.17181521654129028,0.08355355262756348,0.17181521654129028,Matt LaFleur,Matt LaFleur,88.88888888888889
CHI,2015,0.375,0.3695919,0.28184924,0.08774266,0.09315076470375061,0.005408108234405518,0.09315076470375061,John Fox,John Fox,88.82947118241236
RAM,1979,0.5625,0.5416804,0.45406047,0.08761993,0.10843953490257263,0.02081960439682007,0.10843953490257263,Ray Malavasi,Ray Malavasi,88.77005347593582
MIA,2016,0.625,0.506715,0.41948682,0.08722818,0.20551317930221558,0.11828500032424927,0.20551317930221558,Adam Gase,Adam Gase,88.7106357694593
DEN,2002,0.5625,0.5158386,0.42874098,0.087097645,0.1337590217590332,0.046661376953125,0.1337590217590332,Mike Shanahan,Mike Shanahan,88.65121806298278
DAL,1973,0.7143,0.69907486,0.6121371,0.086937785,0.10216292076110844,0.015225135612487839,0.10216292076110844,Tom Landry,Tom Landry,88.59180035650624
KAN,2021,0.7059,0.6899436,0.60308284,0.086860776,0.10281716432571408,0.015956388378143282,0.10281716432571408,Andy Reid,Andy Reid,88.5323826500297
DEN,1976,0.6429,0.5616121,0.4747676,0.08684453,0.16813240447044375,0.08128787078857425,0.16813240447044375,John Ralston,John Ralston,88.47296494355318
BUF,1988,0.75,0.61309123,0.52629113,0.0868001,0.2237088680267334,0.13690876960754395,0.2237088680267334,Marv Levy,Marv Levy,88.41354723707666
WAS,1973,0.7143,0.7641911,0.6775006,0.086690485,0.03679939441680913,-0.04989109106063838,0.03679939441680913,George Allen,George Allen,88.35412953060012
NWE,2014,0.75,0.7594667,0.67284393,0.086622775,0.07715606689453125,-0.009466707706451416,0.07715606689453125,Bill Belichick,Bill Belichick,88.29471182412358
MIA,1987,0.5333,0.4530827,0.36651775,0.08656496,0.16678224759101867,0.08021728949546814,0.16678224759101867,Don Shula,Don Shula,88.23529411764706
PIT,2013,0.5,0.5525721,0.46608478,0.08648729,0.03391522169113159,-0.05257207155227661,0.03391522169113159,Mike Tomlin,Mike Tomlin,88.17587641117053
SEA,1995,0.5,0.48178846,0.3956733,0.08611515,0.10432669520378113,0.018211543560028076,0.10432669520378113,Dennis Erickson,Dennis Erickson,88.116458704694
RAM,2002,0.4375,0.36505485,0.27927327,0.085781574,0.15822672843933105,0.07244515419006348,0.15822672843933105,,,88.05704099821747
DAL,1993,0.75,0.67683184,0.5910555,0.08577633,0.1589444875717163,0.07316815853118896,0.1589444875717163,Jimmy Johnson,Jimmy Johnson,87.99762329174094
NYJ,2010,0.6875,0.5530253,0.4679446,0.08508071,0.21955540776252747,0.13447469472885132,0.21955540776252747,Rex Ryan,Rex Ryan,87.93820558526441
TAM,1999,0.6875,0.6030725,0.5181112,0.084961295,0.1693887710571289,0.08442747592926025,0.1693887710571289,Tony Dungy,Tony Dungy,87.87878787878788
MIA,1993,0.5625,0.3990915,0.31445897,0.084632546,0.248041033744812,0.16340848803520203,0.248041033744812,Don Shula,Don Shula,87.81937017231135
SFO,2010,0.375,0.47708327,0.39267293,0.08441034,-0.01767292618751526,-0.10208326578140259,-0.01767292618751526,Mike Singletary,Jim Tomsula / Mike Singletary,87.75995246583483
SDG,2007,0.6875,0.6766669,0.5924707,0.08419621,0.09502929449081421,0.01083308458328247,0.09502929449081421,Norv Turner,Norv Turner,87.70053475935828
PIT,2021,0.5588,0.6560859,0.5720151,0.0840708,-0.01321510667800907,-0.09728590841293339,-0.01321510667800907,Mike Tomlin,Mike Tomlin,87.64111705288175
NOR,2016,0.4375,0.47282535,0.3889212,0.08390415,0.04857879877090454,-0.03532534837722778,0.04857879877090454,Sean Payton,Sean Payton,87.58169934640523
CRD,2013,0.625,0.598481,0.51466715,0.083813846,0.11033284664154053,0.02651900053024292,0.11033284664154053,Bruce Arians,Bruce Arians,87.5222816399287
RAI,2002,0.6875,0.73400825,0.65078765,0.0832206,0.03671234846115112,-0.04650825262069702,0.03671234846115112,Bill Callahan,Bill Callahan,87.46286393345217
NOR,2019,0.8125,0.7202287,0.6372291,0.08299959,0.1752709150314331,0.09227132797241211,0.1752709150314331,Sean Payton,Sean Payton,87.40344622697563
NWE,1994,0.625,0.47879618,0.39600572,0.082790464,0.22899428009986877,0.14620381593704224,0.22899428009986877,Bill Parcells,Bill Parcells,87.34402852049911
PHI,2014,0.625,0.53313774,0.45050395,0.08263379,0.17449605464935303,0.0918622612953186,0.17449605464935303,Chip Kelly,Chip Kelly,87.28461081402259
DEN,2005,0.8125,0.7996488,0.7172569,0.08239192,0.09524309635162354,0.012851178646087646,0.09524309635162354,Mike Shanahan,Mike Shanahan,87.22519310754605
NYJ,1982,0.6667,0.6528092,0.5704435,0.08236569,0.09625648899078365,0.013890797328948934,0.09625648899078365,Walt Michaels,Walt Michaels,87.16577540106952
SFO,2002,0.625,0.62477887,0.5424365,0.082342386,0.08256351947784424,0.00022113323211669922,0.08256351947784424,Steve Mariucci,Steve Mariucci,87.10635769459299
CLE,2023,0.6471,0.48613104,0.40395778,0.08217326,0.2431422158241272,0.16096895775794984,0.2431422158241272,Kevin Stefanski,Kevin Stefanski,87.04693998811646
DAL,1975,0.7143,0.6743904,0.5925896,0.08180076,0.12171038322448735,0.039909624385833786,0.12171038322448735,Tom Landry,Tom Landry,86.98752228163993
MIN,1974,0.7143,0.7276205,0.6459679,0.08165258,0.0683320992469788,-0.013320482444763138,0.0683320992469788,Bud Grant,Bud Grant,86.9281045751634
DET,1982,0.4444,0.4517422,0.3702706,0.08147159,0.07412939014434816,-0.007342202043533308,0.07412939014434816,Monte Clark,Monte Clark,86.86868686868688
KAN,2022,0.8235,0.6922141,0.6108387,0.08137536,0.21266128873825074,0.13128592824935914,0.21266128873825074,Andy Reid,Andy Reid,86.80926916221033
DEN,1987,0.7,0.6029752,0.52173436,0.08124083,0.17826564311981197,0.09702481031417842,0.17826564311981197,Dan Reeves,Dan Reeves,86.7498514557338
NWE,2005,0.625,0.580182,0.498971,0.08121103,0.12602901458740234,0.044817984104156494,0.12602901458740234,Bill Belichick,Bill Belichick,86.69043374925728
MIA,1999,0.5625,0.48704115,0.4058772,0.08116394,0.15662279725074768,0.07545885443687439,0.15662279725074768,Jimmy Johnson,Jimmy Johnson,86.63101604278076
DAL,2019,0.5,0.51758295,0.43658364,0.080999315,0.06341636180877686,-0.017582952976226807,0.06341636180877686,Jason Garrett,Jason Garrett,86.57159833630422
GNB,1998,0.6875,0.5721209,0.49165392,0.080466986,0.1958460807800293,0.11537909507751465,0.1958460807800293,Mike Holmgren,Mike Holmgren,86.51218062982768
SEA,2019,0.6875,0.66406083,0.5837528,0.08030802,0.10374718904495239,0.02343916893005371,0.10374718904495239,Pete Carroll,Pete Carroll,86.45276292335116
GNB,2000,0.5625,0.6327138,0.5524659,0.08024788,0.01003408432006836,-0.07021379470825195,0.01003408432006836,Mike Sherman,Mike Sherman,86.39334521687462
SDG,1996,0.5,0.46773562,0.38767844,0.080057174,0.11232155561447144,0.032264381647109985,0.11232155561447144,Bobby Ross,Bobby Ross,86.3339275103981
SEA,1982,0.4444,0.46695518,0.3869555,0.079999685,0.057444500350952166,-0.02255518493652342,0.057444500350952166,Jack Patera,Jack Patera / Mike McCormack,86.27450980392157
RAV,2021,0.4706,0.43287918,0.35312545,0.07975373,0.11747454700469973,0.03772082028388979,0.11747454700469973,John Harbaugh,John Harbaugh,86.21509209744504
GNB,1993,0.5625,0.53371286,0.45396546,0.07974741,0.1085345447063446,0.02878713607788086,0.1085345447063446,Mike Holmgren,Mike Holmgren,86.1556743909685
GNB,2019,0.8125,0.78081006,0.70109725,0.07971281,0.11140275001525879,0.03168994188308716,0.11140275001525879,Matt LaFleur,Matt LaFleur,86.09625668449198
SDG,1983,0.375,0.385706,0.30607656,0.07962945,0.06892344355583191,-0.010706007480621338,0.06892344355583191,Don Coryell,Don Coryell,86.03683897801545
PHI,1982,0.3333,0.4992679,0.41974005,0.079527855,-0.08644005103111269,-0.16596790595054628,-0.08644005103111269,Dick Vermeil,Dick Vermeil,85.97742127153893
SEA,2017,0.5625,0.56290287,0.48359016,0.07931271,0.07890984416007996,-0.00040286779403686523,0.07890984416007996,Pete Carroll,Pete Carroll,85.91800356506238
CAR,2017,0.6875,0.52993405,0.45076403,0.07917002,0.2367359697818756,0.15756595134735107,0.2367359697818756,Ron Rivera,Ron Rivera,85.85858585858585
DAL,2003,0.625,0.51946,0.44030285,0.07915717,0.18469715118408203,0.10553997755050659,0.18469715118408203,Bill Parcells,Bill Parcells,85.79916815210933
MIN,1998,0.9375,0.79604536,0.7169228,0.07912254,0.2205771803855896,0.14145463705062866,0.2205771803855896,Dennis Green,Dennis Green,85.73975044563281
RAM,2005,0.375,0.35901332,0.2800944,0.078918934,0.09490561485290527,0.01598668098449707,0.09490561485290527,,,85.68033273915627
SEA,1986,0.625,0.68262666,0.6039666,0.07866007,0.021033406257629395,-0.05762666463851929,0.021033406257629395,Chuck Knox,Chuck Knox,85.62091503267973
SFO,2001,0.75,0.7016208,0.62313056,0.07849026,0.12686944007873535,0.04837918281555176,0.12686944007873535,Steve Mariucci,Steve Mariucci,85.56149732620321
PIT,1974,0.75,0.66624266,0.58815736,0.0780853,0.16184264421463013,0.08375734090805054,0.16184264421463013,Chuck Noll,Chuck Noll,85.50207961972667
GNB,1985,0.5,0.38975012,0.31169418,0.07805595,0.1883058249950409,0.11024987697601318,0.1883058249950409,Forrest Gregg,Forrest Gregg,85.44266191325015
PIT,2017,0.8125,0.6593293,0.5815394,0.0777899,0.23096060752868652,0.15317070484161377,0.23096060752868652,Mike Tomlin,Mike Tomlin,85.38324420677363
NOR,2021,0.5294,0.5342926,0.4567148,0.07757777,0.07268519105911253,-0.004892578697204608,0.07268519105911253,Sean Payton,Sean Payton,85.32382650029709
DEN,2004,0.625,0.62649065,0.5489676,0.07752305,0.07603240013122559,-0.0014906525611877441,0.07603240013122559,Mike Shanahan,Mike Shanahan,85.26440879382055
SFO,1971,0.6429,0.6200514,0.5426176,0.077433765,0.10028238096237185,0.022848616027832058,0.10028238096237185,Dick Nolan,Dick Nolan,85.20499108734403
NWE,1993,0.3125,0.36135867,0.28398347,0.0773752,0.028516530990600586,-0.04885867238044739,0.028516530990600586,Bill Parcells,Bill Parcells,85.1455733808675
MIN,2024,0.8235,0.7475948,0.67026603,0.07732874,0.1532339677810669,0.07590522623062135,0.1532339677810669,Kevin O'Connell,Kevin O'Connell,85.08615567439097
PIT,1976,0.7143,0.75818783,0.6809778,0.07721001,0.03332217864990239,-0.04388783044815059,0.03332217864990239,Chuck Noll,Chuck Noll,85.02673796791443
PIT,2000,0.5625,0.6292636,0.55223316,0.07703042,0.01026684045791626,-0.06676357984542847,0.01026684045791626,Bill Cowher,Bill Cowher,84.9673202614379
CLT,2016,0.5,0.43347254,0.35647994,0.0769926,0.1435200572013855,0.06652745604515076,0.1435200572013855,Chuck Pagano,Chuck Pagano,84.90790255496138
NYJ,2004,0.625,0.67325664,0.5964715,0.07678515,0.02852851152420044,-0.048256635665893555,0.02852851152420044,Herm Edwards,Herm Edwards,84.84848484848484
DET,2015,0.4375,0.47067472,0.39411372,0.076561004,0.04338628053665161,-0.033174723386764526,0.04338628053665161,Jim Caldwell,Jim Caldwell,84.78906714200832
BUF,1995,0.625,0.6523691,0.5758398,0.076529264,0.0491601824760437,-0.02736908197402954,0.0491601824760437,Marv Levy,Marv Levy,84.72964943553178
CLT,2014,0.6875,0.5242752,0.4478252,0.07644999,0.23967480659484863,0.16322481632232666,0.23967480659484863,Chuck Pagano,Chuck Pagano,84.67023172905526
PIT,2018,0.5938,0.53286135,0.45649773,0.07636362,0.13730227117538452,0.060938648033142084,0.13730227117538452,Mike Tomlin,Mike Tomlin,84.61081402257872
DAL,1990,0.4375,0.41623765,0.3399482,0.076289445,0.09755179286003113,0.02126234769821167,0.09755179286003113,Jimmy Johnson,Jimmy Johnson,84.5513963161022
CRD,1974,0.7143,0.63294834,0.556875,0.07607335,0.1574250095367432,0.08135166101455693,0.1574250095367432,,,84.49197860962568
DAL,1971,0.7857,0.7376933,0.6618873,0.07580602,0.12381271190643306,0.04800669021606441,0.12381271190643306,Tom Landry,Tom Landry,84.43256090314914
DEN,1997,0.75,0.78797626,0.71236587,0.0756104,0.03763413429260254,-0.03797626495361328,0.03763413429260254,Mike Shanahan,Mike Shanahan,84.3731431966726
SFO,1998,0.75,0.67528063,0.5998855,0.07539511,0.15011447668075562,0.0747193694114685,0.15011447668075562,Steve Mariucci,Steve Mariucci,84.31372549019608
SEA,1991,0.4375,0.44914886,0.3738008,0.07534805,0.06369918584823608,-0.011648863554000854,0.06369918584823608,Chuck Knox,Chuck Knox,84.25430778371955
DAL,1972,0.7143,0.5760455,0.50076365,0.07528186,0.21353634529113774,0.13825448684692387,0.21353634529113774,Tom Landry,Tom Landry,84.19489007724302
NWE,1982,0.5556,0.5142741,0.43900084,0.075273275,0.11659915504455565,0.041325879669189436,0.11659915504455565,Ron Meyer,Ron Meyer,84.13547237076648
PIT,2024,0.5882,0.65086067,0.57574457,0.0751161,0.01245543069839472,-0.06266066722869879,0.01245543069839472,Mike Tomlin,Mike Tomlin,84.07605466428996
BUF,1990,0.8125,0.7290471,0.6540098,0.0750373,0.15849018096923828,0.08345288038253784,0.15849018096923828,Marv Levy,Marv Levy,84.01663695781343
CRD,1976,0.7143,0.67698395,0.60197324,0.07501072,0.11232676439285283,0.037316047477722214,0.11232676439285283,,,83.9572192513369
SEA,2012,0.6875,0.6653399,0.59047323,0.07486665,0.0970267653465271,0.022160112857818604,0.0970267653465271,Pete Carroll,Pete Carroll,83.89780154486037
MIA,1981,0.7188,0.60500264,0.530174,0.074828625,0.18862598304748535,0.11379735832214355,0.18862598304748535,Don Shula,Don Shula,83.83838383838383
GNB,2021,0.7647,0.77236986,0.6975627,0.07480717,0.0671373054504395,-0.007669861602783157,0.0671373054504395,Matt LaFleur,Matt LaFleur,83.77896613190731
PIT,2011,0.75,0.6503894,0.57563466,0.074754715,0.1743653416633606,0.09961062669754028,0.1743653416633606,Mike Tomlin,Mike Tomlin,83.71954842543077
JAX,1998,0.6875,0.5470715,0.47254676,0.07452476,0.2149532437324524,0.14042848348617554,0.2149532437324524,Tom Coughlin,Tom Coughlin,83.66013071895425
DET,1972,0.6071,0.55350274,0.47909132,0.07441142,0.12800868353843686,0.05359726152420041,0.12800868353843686,Joe Schmidt,Joe Schmidt,83.60071301247773
RAV,2016,0.5,0.57105637,0.49674577,0.0743106,0.003254234790802002,-0.07105636596679688,0.003254234790802002,John Harbaugh,John Harbaugh,83.54129530600119
CLT,1987,0.6,0.5132873,0.43898043,0.074306875,0.1610195696353912,0.0867126941680908,0.1610195696353912,Ron Meyer,Ron Meyer,83.48187759952465
NYJ,2000,0.5625,0.5424859,0.46833992,0.07414597,0.09416007995605469,0.02001410722732544,0.09416007995605469,Al Groh,Al Groh,83.42245989304813
GNB,2014,0.75,0.7745763,0.70056695,0.07400936,0.04943305253982544,-0.024576306343078613,0.04943305253982544,Mike McCarthy,Mike McCarthy,83.3630421865716
RAI,1991,0.5625,0.530235,0.45637643,0.07385856,0.10612356662750244,0.03226500749588013,0.10612356662750244,Art Shell,Art Shell,83.30362448009507
SEA,2016,0.6562,0.58121634,0.5074858,0.07373053,0.14871419305801392,0.07498366470336915,0.14871419305801392,Pete Carroll,Pete Carroll,83.24420677361853
RAV,2020,0.6875,0.58973825,0.51601684,0.07372141,0.17148315906524658,0.09776175022125244,0.17148315906524658,John Harbaugh,John Harbaugh,83.184789067142
TAM,2020,0.6875,0.7313031,0.65765375,0.07364935,0.029846251010894775,-0.04380309581756592,0.029846251010894775,Bruce Arians,Bruce Arians,83.12537136066548
DAL,1986,0.4375,0.40036848,0.3267414,0.073627084,0.11075860261917114,0.03713151812553406,0.11075860261917114,Tom Landry,Tom Landry,83.06595365418895
MIA,1997,0.5625,0.4717517,0.3982274,0.0735243,0.16427260637283325,0.09074831008911133,0.16427260637283325,Jimmy Johnson,Jimmy Johnson,83.00653594771242
MIA,1970,0.7143,0.6800017,0.6065107,0.07349098,0.10778930120468144,0.03429832391738896,0.10778930120468144,Don Shula,Don Shula,82.94711824123588
BUF,1981,0.625,0.6078241,0.53436357,0.07346052,0.09063643217086792,0.017175912857055664,0.09063643217086792,Chuck Knox,Chuck Knox,82.88770053475936
NWE,1976,0.7857,0.6532768,0.5800647,0.07321209,0.20563528604507442,0.132423198890686,0.20563528604507442,Chuck Fairbanks,Chuck Fairbanks,82.82828282828282
CLT,1976,0.7857,0.7499454,0.6768456,0.07309979,0.1088543898582458,0.03575459785461421,0.1088543898582458,,,82.7688651218063
PIT,1975,0.8571,0.8235665,0.7504789,0.07308757,0.10662107667922971,0.03353350362777707,0.10662107667922971,Chuck Noll,Chuck Noll,82.70944741532978
RAM,1983,0.5625,0.5618059,0.4887321,0.073073804,0.07376790046691895,0.0006940960884094238,0.07376790046691895,John Robinson,John Robinson,82.65002970885324
DET,2000,0.5625,0.5560827,0.48319533,0.07288739,0.07930466532707214,0.006417274475097656,0.07930466532707214,Bobby Ross,Bobby Ross / Gary Moeller,82.5906120023767
GNB,2003,0.625,0.69198054,0.6193258,0.072654724,0.005674183368682861,-0.06698054075241089,0.005674183368682861,Mike Sherman,Mike Sherman,82.53119429590018
ATL,2009,0.5625,0.46648297,0.39393404,0.072548926,0.16856595873832703,0.0960170328617096,0.16856595873832703,Mike Smith,Mike Smith,82.47177658942365
MIN,1977,0.6429,0.5003113,0.42786554,0.07244578,0.21503446497917178,0.14258868494033816,0.21503446497917178,Bud Grant,Bud Grant,82.41235888294712
SFO,1993,0.625,0.70430493,0.631926,0.07237893,-0.006926000118255615,-0.07930493354797363,-0.006926000118255615,George Seifert,George Seifert,82.35294117647058
PHI,2003,0.75,0.6378823,0.5655659,0.07231641,0.18443411588668823,0.1121177077293396,0.18443411588668823,Andy Reid,Andy Reid,82.29352346999406
MIN,2009,0.75,0.73092395,0.65938395,0.07154,0.09061604738235474,0.019076049327850342,0.09061604738235474,Brad Childress,Brad Childress,82.23410576351753
OTI,1974,0.5,0.4667117,0.39563397,0.071077734,0.10436603426933289,0.03328830003738403,0.10436603426933289,,,82.174688057041
RAM,1989,0.6875,0.61223114,0.5411832,0.07104796,0.14631682634353638,0.07526886463165283,0.14631682634353638,John Robinson,John Robinson,82.11527035056447
WAS,1986,0.75,0.5593459,0.48850608,0.07083982,0.2614939212799072,0.19065409898757935,0.2614939212799072,Joe Gibbs,Joe Gibbs,82.05585264408793
MIA,2023,0.6471,0.6082149,0.5375026,0.07071233,0.10959741315841676,0.038885085201263436,0.10959741315841676,Mike McDaniel,Mike McDaniel,81.99643493761141
RAM,1976,0.75,0.7226354,0.65214235,0.07049304,0.09785765409469604,0.027364611625671387,0.09785765409469604,Chuck Knox,Chuck Knox,81.93701723113487
SDG,1980,0.6875,0.5956107,0.5251295,0.07048118,0.162370502948761,0.09188932180404663,0.162370502948761,Don Coryell,Don Coryell,81.87759952465835
SEA,1982,0.4444,0.4555643,0.38526326,0.070301026,0.05913673582077028,-0.011164290285110456,0.05913673582077028,Jack Patera,Jack Patera / Mike McCormack,81.81818181818183
DEN,2012,0.8125,0.73807424,0.66812044,0.0699538,0.14437955617904663,0.07442575693130493,0.14437955617904663,John Fox,John Fox,81.75876411170529
SEA,2018,0.625,0.615909,0.5461816,0.06972736,0.07881838083267212,0.009091019630432129,0.07881838083267212,Pete Carroll,Pete Carroll,81.69934640522875
NYJ,1999,0.5,0.5313773,0.46183768,0.06953964,0.03816232085227966,-0.031377315521240234,0.03816232085227966,Bill Parcells,Bill Parcells,81.63992869875223
SEA,1999,0.5625,0.69513935,0.62565213,0.069487214,-0.06315213441848755,-0.1326393485069275,-0.06315213441848755,Mike Holmgren,Mike Holmgren,81.5805109922757
GNB,2016,0.625,0.68004113,0.61064756,0.069393575,0.01435244083404541,-0.05504113435745239,0.01435244083404541,Mike McCarthy,Mike McCarthy,81.52109328579917
SDG,2009,0.8125,0.7026971,0.6333247,0.069372416,0.17917531728744507,0.10980290174484253,0.17917531728744507,Norv Turner,Norv Turner,81.46167557932263
CAR,2013,0.75,0.59681123,0.52758265,0.06922859,0.22241735458374023,0.1531887650489807,0.22241735458374023,Ron Rivera,Ron Rivera,81.4022578728461
DAL,1983,0.75,0.7038951,0.63477445,0.069120646,0.11522555351257324,0.04610490798950195,0.11522555351257324,Tom Landry,Tom Landry,81.34284016636958
OTI,2021,0.7059,0.6622722,0.5932122,0.06906003,0.11268781270980832,0.043627785110473605,0.11268781270980832,Mike Vrabel,Mike Vrabel,81.28342245989305
PIT,1979,0.75,0.7050975,0.63648975,0.06860775,0.11351025104522705,0.044902503490448,0.11351025104522705,Chuck Noll,Chuck Noll,81.22400475341652
MIN,1973,0.8571,0.78571635,0.71724916,0.0684672,0.1398508449554443,0.07138364515304563,0.1398508449554443,Bud Grant,Bud Grant,81.16458704693999
SFO,1986,0.6562,0.6224882,0.55403525,0.068452954,0.1021647536277771,0.03371179933547974,0.1021647536277771,Bill Walsh,Bill Walsh,81.10516934046346
DET,1974,0.5,0.4954137,0.42720845,0.06820524,0.07279154658317566,0.004586309194564819,0.07279154658317566,Rick Forzano,Rick Forzano,81.04575163398692
CAR,2020,0.3125,0.34891006,0.28126317,0.06764689,0.03123682737350464,-0.03641006350517273,0.03123682737350464,Matt Rhule,Matt Rhule,80.9863339275104
ATL,2011,0.625,0.6883524,0.62075,0.067602396,0.004249989986419678,-0.06335240602493286,0.004249989986419678,Mike Smith,Mike Smith,80.92691622103388
CLT,2012,0.6875,0.5753071,0.5079681,0.06733894,0.17953187227249146,0.11219292879104614,0.17953187227249146,Chuck Pagano,Chuck Pagano,80.86749851455734
NYG,1990,0.8125,0.7609259,0.69366795,0.06725794,0.1188320517539978,0.051574110984802246,0.1188320517539978,Bill Parcells,Bill Parcells,80.8080808080808
OTI,2019,0.5625,0.5892909,0.5220842,0.06720674,0.040415823459625244,-0.026790916919708252,0.040415823459625244,Mike Vrabel,Mike Vrabel,80.74866310160428
KAN,1997,0.8125,0.71027976,0.6431107,0.06716907,0.16938930749893188,0.10222023725509644,0.16938930749893188,Marty Schottenheimer,Marty Schottenheimer,80.68924539512776
NWE,1977,0.6429,0.6074299,0.54029155,0.067138374,0.10260845222473147,0.03547007837295535,0.10260845222473147,Chuck Fairbanks,Chuck Fairbanks,80.62982768865122
CAR,2007,0.4375,0.3946854,0.32791668,0.066768706,0.10958331823348999,0.04281461238861084,0.10958331823348999,John Fox,John Fox,80.57040998217468
GNB,1987,0.3667,0.40713626,0.3403933,0.06674296,0.026306695175170924,-0.04043626146316526,0.026306695175170924,Forrest Gregg,Forrest Gregg,80.51099227569816
MIA,2010,0.4375,0.36567354,0.29895815,0.06671539,0.13854184746742249,0.07182645797729492,0.13854184746742249,Tony Sparano,Tony Sparano,80.45157456922163
WAS,2008,0.5,0.6291646,0.56246215,0.066702425,-0.06246215105056763,-0.12916457653045654,-0.06246215105056763,Jim Zorn,Jim Zorn,80.3921568627451
RAI,1990,0.75,0.64628005,0.5797113,0.06656873,0.17028868198394775,0.10371994972229004,0.17028868198394775,Art Shell,Art Shell,80.33273915626857
PHI,2012,0.25,0.34521568,0.2787937,0.066421986,-0.028793692588806152,-0.09521567821502686,-0.028793692588806152,Andy Reid,Andy Reid,80.27332144979204
MIA,1986,0.5,0.56336534,0.49715462,0.06621072,0.00284537672996521,-0.06336534023284912,0.00284537672996521,Don Shula,Don Shula,80.21390374331551
CRD,2017,0.5,0.45510033,0.38914052,0.06595981,0.11085948348045349,0.04489967226982117,0.11085948348045349,Bruce Arians,Bruce Arians,80.15448603683897
RAV,2015,0.3125,0.24742492,0.18157198,0.06585294,0.13092802464962006,0.06507508456707001,0.13092802464962006,John Harbaugh,John Harbaugh,80.09506833036245
WAS,1977,0.6429,0.64174426,0.57607496,0.0656693,0.06682504215240481,0.0011557439804077418,0.06682504215240481,George Allen,George Allen,80.03565062388593
RAM,1976,0.75,0.7318958,0.66623455,0.06566125,0.08376544713973999,0.018104195594787598,0.08376544713973999,Chuck Knox,Chuck Knox,79.97623291740939
PIT,1973,0.7143,0.68627197,0.62077844,0.065493524,0.09352155857086186,0.02802803449630742,0.09352155857086186,Chuck Noll,Chuck Noll,79.91681521093285
RAM,1979,0.5625,0.5143957,0.4489611,0.065434605,0.11353889107704163,0.048104286193847656,0.11353889107704163,Ray Malavasi,Ray Malavasi,79.85739750445633
DAL,1994,0.75,0.7042089,0.63893914,0.06526977,0.11106085777282715,0.04579108953475952,0.11106085777282715,Barry Switzer,Barry Switzer,79.7979797979798
SEA,2000,0.375,0.3928276,0.3275645,0.06526309,0.047435492277145386,-0.017827600240707397,0.047435492277145386,Mike Holmgren,Mike Holmgren,79.73856209150327
NWE,1996,0.6875,0.68178916,0.6165872,0.06520194,0.07091277837753296,0.0057108402252197266,0.07091277837753296,Bill Parcells,Bill Parcells,79.67914438502673
PIT,2009,0.5625,0.6315286,0.5663418,0.0651868,-0.0038418173789978027,-0.06902861595153809,-0.0038418173789978027,Mike Tomlin,Mike Tomlin,79.61972667855021
SFO,1995,0.6875,0.7275157,0.6624366,0.06507909,0.025063395500183105,-0.04001569747924805,0.025063395500183105,George Seifert,George Seifert,79.56030897207368
OTI,1988,0.625,0.608749,0.543793,0.06495595,0.08120697736740112,0.016251027584075928,0.08120697736740112,,,79.50089126559715
PIT,1981,0.5,0.7178766,0.6529373,0.06493932,-0.15293729305267334,-0.2178766131401062,-0.15293729305267334,Chuck Noll,Chuck Noll,79.44147355912062
SDG,1994,0.6875,0.6861116,0.62122136,0.064890265,0.06627863645553589,0.0013883709907531738,0.06627863645553589,Bobby Ross,Bobby Ross,79.38205585264409
NOR,2008,0.5,0.5231297,0.4582817,0.064848006,0.04171830415725708,-0.023129701614379883,0.04171830415725708,Sean Payton,Sean Payton,79.32263814616756
RAM,1987,0.4,0.4093824,0.3450043,0.06437811,0.05499570965766909,-0.009382402896881081,0.05499570965766909,John Robinson,John Robinson,79.26322043969103
PHI,2019,0.5625,0.55653733,0.49223498,0.064302355,0.0702650249004364,0.005962669849395752,0.0702650249004364,Doug Pederson,Doug Pederson,79.2038027332145
SEA,2020,0.75,0.636465,0.5722251,0.06423992,0.17777490615844727,0.11353498697280884,0.17777490615844727,Pete Carroll,Pete Carroll,79.14438502673798
DEN,1974,0.5357,0.6164169,0.55219114,0.06422573,-0.016491138267517136,-0.08071687154769902,-0.016491138267517136,John Ralston,John Ralston,79.08496732026144
DET,1970,0.7143,0.6904222,0.6262294,0.06419277,0.08807059459686284,0.023877822685241745,0.08807059459686284,Joe Schmidt,Joe Schmidt,79.0255496137849
BUF,1980,0.6875,0.691185,0.6270422,0.06414282,0.060457825660705566,-0.00368499755859375,0.060457825660705566,Chuck Knox,Chuck Knox,78.96613190730838
CIN,1977,0.5714,0.5049917,0.44085866,0.06413305,0.13054133787155153,0.06640828981399538,0.13054133787155153,Bill Johnson,Bill Johnson,78.90671420083186
NOR,2018,0.8125,0.6703156,0.60627466,0.06404096,0.20622533559799194,0.14218437671661377,0.20622533559799194,Sean Payton,Sean Payton,78.84729649435532
RAM,1979,0.5625,0.51797104,0.45406047,0.06391057,0.10843953490257263,0.044528961181640625,0.10843953490257263,Ray Malavasi,Ray Malavasi,78.78787878787878
NWE,1987,0.5333,0.5159417,0.45208713,0.063854545,0.08121286587715149,0.017358320522308346,0.08121286587715149,Raymond Berry,Raymond Berry,78.72846108140226
NYJ,1974,0.5,0.4462466,0.38256645,0.06368014,0.11743354797363281,0.053753405809402466,0.11743354797363281,Charley Winner,Charley Winner,78.66904337492574
MIN,1999,0.625,0.525203,0.46156794,0.06363505,0.1634320616722107,0.09979701042175293,0.1634320616722107,Dennis Green,Dennis Green,78.6096256684492
KAN,2003,0.8125,0.79503644,0.73149544,0.063540995,0.0810045599937439,0.0174635648727417,0.0810045599937439,Dick Vermeil,Dick Vermeil,78.55020796197266
DEN,1977,0.8571,0.7512445,0.68774134,0.063503146,0.16935866079330442,0.10585551462173459,0.16935866079330442,Red Miller,Red Miller,78.49079025549614
NYJ,1998,0.75,0.63162935,0.568161,0.06346834,0.1818389892578125,0.1183706521987915,0.1818389892578125,Bill Parcells,Bill Parcells,78.43137254901961
RAV,2018,0.625,0.6181614,0.55471635,0.06344503,0.07028365135192871,0.006838619709014893,0.07028365135192871,John Harbaugh,John Harbaugh,78.37195484254308
PIT,1985,0.4375,0.45427412,0.3908921,0.06338203,0.046607911586761475,-0.016774117946624756,0.046607911586761475,Chuck Noll,Chuck Noll,78.31253713606655
KAN,2005,0.625,0.6597711,0.5963996,0.06337148,0.02860039472579956,-0.034771084785461426,0.02860039472579956,Dick Vermeil,Dick Vermeil,78.25311942959001
MIN,1987,0.5333,0.5246016,0.46125245,0.06334913,0.07204754905700683,0.008698421287536617,0.07204754905700683,Jerry Burns,Jerry Burns,78.19370172311349
CIN,1975,0.7857,0.71074814,0.64759576,0.06315237,0.13810423679351802,0.07495186395645137,0.13810423679351802,Paul Brown,Paul Brown,78.13428401663695
ATL,2013,0.25,0.3755848,0.31279507,0.06278974,-0.06279507279396057,-0.12558481097221375,-0.06279507279396057,Mike Smith,Mike Smith,78.07486631016043
MIA,1985,0.75,0.6538037,0.59115106,0.06265265,0.15884894132614136,0.09619629383087158,0.15884894132614136,Don Shula,Don Shula,78.01544860368391
SFO,2020,0.375,0.3126292,0.24998568,0.06264351,0.1250143200159073,0.06237080693244934,0.1250143200159073,Kyle Shanahan,Kyle Shanahan,77.95603089720736
DAL,1981,0.75,0.8003059,0.73818535,0.062120557,0.011814653873443604,-0.05030590295791626,0.011814653873443604,Tom Landry,Tom Landry,77.89661319073083
NYG,2015,0.375,0.47820345,0.41609895,0.062104493,-0.041098952293395996,-0.10320344567298889,-0.041098952293395996,Tom Coughlin,Tom Coughlin,77.83719548425431
PHI,2007,0.5,0.49937302,0.4377302,0.061642826,0.06226980686187744,0.000626981258392334,0.06226980686187744,Andy Reid,Andy Reid,77.77777777777779
DAL,1988,0.1875,0.2695144,0.20793279,0.061581627,-0.020432785153388977,-0.08201441168785095,-0.020432785153388977,Tom Landry,Tom Landry,77.71836007130125
JAX,2010,0.5,0.40287134,0.34130758,0.06156376,0.15869241952896118,0.09712865948677063,0.15869241952896118,Jack Del Rio,Jack Del Rio,77.65894236482471
RAM,1991,0.1875,0.32445917,0.26309603,0.06136313,-0.07559603452682495,-0.13695916533470154,-0.07559603452682495,John Robinson,John Robinson,77.59952465834819
SDG,1985,0.5,0.4929928,0.43167114,0.061321646,0.068328857421875,0.007007211446762085,0.068328857421875,Don Coryell,Don Coryell,77.54010695187165
BUF,1994,0.4375,0.54469484,0.48343548,0.06125936,-0.045935481786727905,-0.10719484090805054,-0.045935481786727905,Marv Levy,Marv Levy,77.48068924539513
SEA,1983,0.5625,0.5826664,0.52141213,0.061254263,0.04108786582946777,-0.020166397094726562,0.04108786582946777,Chuck Knox,Chuck Knox,77.4212715389186
PIT,2020,0.75,0.6876261,0.62645274,0.06117338,0.1235472559928894,0.06237387657165527,0.1235472559928894,Mike Tomlin,Mike Tomlin,77.36185383244207
MIA,1998,0.625,0.68746877,0.6266964,0.06077236,-0.0016964077949523926,-0.062468767166137695,-0.0016964077949523926,Jimmy Johnson,Jimmy Johnson,77.30243612596553
MIN,2023,0.4118,0.3586894,0.2981832,0.060506195,0.11361679725646973,0.05311060242652893,0.11361679725646973,Kevin O'Connell,Kevin O'Connell,77.243018419489
PIT,1995,0.6875,0.55112976,0.49071127,0.060418487,0.1967887282371521,0.1363702416419983,0.1967887282371521,Bill Cowher,Bill Cowher,77.18360071301248
SEA,2015,0.625,0.6340426,0.57409763,0.059944987,0.050902366638183594,-0.009042620658874512,0.050902366638183594,Pete Carroll,Pete Carroll,77.12418300653596
MIA,1980,0.5,0.44802096,0.38813677,0.05988419,0.11186322569847107,0.05197903513908386,0.11186322569847107,Don Shula,Don Shula,77.0647653000594
RAM,1970,0.6786,0.66804296,0.6083799,0.059663057,0.07022009954452513,0.01055704221725462,0.07022009954452513,George Allen,George Allen,76.97563874034462
RAM,1970,0.6786,0.66804296,0.6083799,0.059663057,0.07022009954452513,0.01055704221725462,0.07022009954452513,George Allen,George Allen,76.97563874034462
GNB,2015,0.625,0.69922775,0.63981026,0.059417486,-0.014810264110565186,-0.07422775030136108,-0.014810264110565186,Mike McCarthy,Mike McCarthy,76.88651218062984
GNB,2012,0.6875,0.72635925,0.66695935,0.059399903,0.02054065465927124,-0.03885924816131592,0.02054065465927124,Mike McCarthy,Mike McCarthy,76.8270944741533
NOR,1993,0.5,0.45926988,0.40010792,0.05916196,0.09989207983016968,0.04073011875152588,0.09989207983016968,,,76.76767676767676
OTI,2018,0.5625,0.45163864,0.3926729,0.058965743,0.16982710361480713,0.11086136102676392,0.16982710361480713,Mike Vrabel,Mike Vrabel,76.70825906120024
TAM,2019,0.4375,0.4516253,0.39298394,0.058641344,0.04451605677604675,-0.014125287532806396,0.04451605677604675,Bruce Arians,Bruce Arians,76.6488413547237
DAL,2018,0.625,0.5249953,0.46645337,0.058541954,0.15854662656784058,0.10000467300415039,0.15854662656784058,Jason Garrett,Jason Garrett,76.58942364824718
MIN,1996,0.5625,0.5241213,0.46559605,0.058525234,0.09690394997596741,0.03837871551513672,0.09690394997596741,Dennis Green,Dennis Green,76.53000594177065
RAI,2005,0.25,0.35895744,0.30045378,0.058503658,-0.050453782081604004,-0.108957439661026,-0.050453782081604004,Norv Turner,Norv Turner,76.47058823529412
NYG,2009,0.5,0.46071044,0.40225434,0.058456093,0.09774565696716309,0.03928956389427185,0.09774565696716309,Tom Coughlin,Tom Coughlin,76.41117052881758
CHI,2006,0.8125,0.7128191,0.65436786,0.058451235,0.1581321358680725,0.09968090057373047,0.1581321358680725,Lovie Smith,Lovie Smith,76.35175282234106
SDG,2011,0.5,0.63628244,0.5780585,0.058223963,-0.07805848121643066,-0.13628244400024414,-0.07805848121643066,Norv Turner,Norv Turner,76.29233511586453
OTI,1993,0.75,0.69151556,0.6333163,0.058199286,0.1166837215423584,0.058484435081481934,0.1166837215423584,,,76.232917409388
RAM,1971,0.6071,0.6183544,0.5603711,0.05798328,0.0467288990974426,-0.01125438013076785,0.0467288990974426,Tommy Prothro,Tommy Prothro,76.17349970291146
NOR,1979,0.5,0.6100097,0.5520954,0.057914257,-0.05209541320800781,-0.11000967025756836,-0.05209541320800781,Dick Nolan,Dick Nolan,76.11408199643493
PIT,2001,0.8125,0.6895441,0.6316525,0.057891607,0.18084752559661865,0.12295591831207275,0.18084752559661865,Bill Cowher,Bill Cowher,76.05466428995841
SEA,2023,0.5294,0.5413611,0.48351082,0.05785027,0.04588917794227598,-0.011961093521118182,0.04588917794227598,Pete Carroll,Pete Carroll,75.99524658348187
PHI,2022,0.8235,0.7754081,0.71757245,0.05783564,0.10592754936218263,0.04809191083908082,0.10592754936218263,Nick Sirianni,Nick Sirianni,75.93582887700535
PIT,2014,0.6875,0.73360443,0.6758503,0.05775416,0.011649727821350098,-0.04610443115234375,0.011649727821350098,Mike Tomlin,Mike Tomlin,75.87641117052881
SDG,2003,0.25,0.3129318,0.25555137,0.057380438,-0.005551367998123169,-0.06293180584907532,-0.005551367998123169,Marty Schottenheimer,Marty Schottenheimer,75.81699346405229
NYG,2022,0.5588,0.523688,0.4663375,0.057350516,0.0924624979972839,0.035111981678009,0.0924624979972839,Brian Daboll,Brian Daboll,75.75757575757575
MIA,1994,0.625,0.63720983,0.58006394,0.057145894,0.04493606090545654,-0.012209832668304443,0.04493606090545654,Don Shula,Don Shula,75.69815805109923
MIA,1990,0.75,0.71918005,0.662041,0.05713904,0.08795899152755737,0.030819952487945557,0.08795899152755737,Don Shula,Don Shula,75.6387403446227
DAL,2008,0.5625,0.4891944,0.43252188,0.056672513,0.12997812032699585,0.07330560684204102,0.12997812032699585,Wade Phillips,Wade Phillips,75.57932263814617
WAS,1971,0.6786,0.73032033,0.6743402,0.055980146,0.0042598114967346,-0.051720334434509296,0.0042598114967346,George Allen,George Allen,75.51990493166963
JAX,2001,0.375,0.5068511,0.4509036,0.055947483,-0.07590359449386597,-0.13185107707977295,-0.07590359449386597,Tom Coughlin,Tom Coughlin,75.4604872251931
SEA,2003,0.625,0.5892729,0.5333657,0.05590719,0.09163427352905273,0.035727083683013916,0.09163427352905273,Mike Holmgren,Mike Holmgren,75.40106951871658
SFO,2014,0.5,0.58171654,0.5258323,0.055884242,-0.025832295417785645,-0.08171653747558594,-0.025832295417785645,Jim Harbaugh,Jim Harbaugh,75.34165181224004
MIN,1981,0.4375,0.4750268,0.4191683,0.055858493,0.018331706523895264,-0.03752678632736206,0.018331706523895264,Bud Grant,Bud Grant,75.28223410576351
BUF,1991,0.8125,0.8001249,0.74432564,0.055799246,0.06817436218261719,0.012375116348266602,0.06817436218261719,Marv Levy,Marv Levy,75.22281639928698
NOR,2015,0.4375,0.5593727,0.5036938,0.055678904,-0.06619381904602051,-0.12187272310256958,-0.06619381904602051,Sean Payton,Sean Payton,75.16339869281046
RAM,1987,0.4,0.40054643,0.3450043,0.05554214,0.05499570965766909,-0.0005464315414428489,0.05499570965766909,John Robinson,John Robinson,75.10398098633392
DET,1997,0.5625,0.5846611,0.52915424,0.055506885,0.03334575891494751,-0.022161126136779785,0.03334575891494751,Bobby Ross,Bobby Ross,75.0445632798574
CLT,1980,0.4375,0.5037141,0.4482512,0.055462897,-0.010751187801361084,-0.06621408462524414,-0.010751187801361084,,,74.98514557338086
RAM,2000,0.625,0.6204376,0.56499976,0.055437863,0.06000024080276489,0.0045623779296875,0.06000024080276489,,,74.92572786690434
CAR,2008,0.75,0.6444808,0.58910596,0.05537486,0.16089403629302979,0.10551917552947998,0.16089403629302979,John Fox,John Fox,74.8663101604278
CRD,2014,0.6875,0.61126274,0.5559876,0.055275142,0.13151240348815918,0.0762372612953186,0.13151240348815918,Bruce Arians,Bruce Arians,74.80689245395128
PHI,2020,0.2812,0.29239458,0.23729448,0.0551001,0.04390551979541779,-0.011194578456878657,0.04390551979541779,Doug Pederson,Doug Pederson,74.74747474747475
MIA,1992,0.6875,0.67759436,0.6225757,0.055018663,0.06492429971694946,0.009905636310577393,0.06492429971694946,Don Shula,Don Shula,74.68805704099822
SEA,2004,0.5625,0.65431154,0.5993504,0.054961145,-0.03685039281845093,-0.09181153774261475,-0.03685039281845093,Mike Holmgren,Mike Holmgren,74.62863933452168
RAV,2002,0.4375,0.5030433,0.44816554,0.054877758,-0.010665535926818848,-0.0655432939529419,-0.010665535926818848,Brian Billick,Brian Billick,74.56922162804516
CAR,2003,0.6875,0.6273313,0.57259387,0.05473745,0.11490613222122192,0.060168683528900146,0.11490613222122192,John Fox,John Fox,74.50980392156863
NYJ,1988,0.5312,0.62145793,0.5667699,0.054688036,-0.03556989793777465,-0.09025793437957763,-0.03556989793777465,Joe Walton,Joe Walton,74.4503862150921
RAI,1974,0.8571,0.6916323,0.63696384,0.054668427,0.22013615570068357,0.1654677291870117,0.22013615570068357,John Madden,John Madden,74.39096850861556
OTI,2022,0.4118,0.49634522,0.44176143,0.054583788,-0.029961434078216553,-0.08454522199630737,-0.029961434078216553,Mike Vrabel,Mike Vrabel,74.33155080213903
DAL,2014,0.75,0.6887952,0.63423616,0.054559052,0.1157638430595398,0.06120479106903076,0.1157638430595398,Jason Garrett,Jason Garrett,74.27213309566251
PHI,2009,0.6875,0.6640017,0.6094482,0.05455351,0.07805180549621582,0.0234982967376709,0.07805180549621582,Andy Reid,Andy Reid,74.21271538918597
JAX,2002,0.375,0.571375,0.5168293,0.0545457,-0.14182931184768677,-0.1963750123977661,-0.14182931184768677,Tom Coughlin,Tom Coughlin,74.15329768270945
SDG,1979,0.75,0.66857755,0.61406565,0.054511905,0.13593435287475586,0.08142244815826416,0.13593435287475586,Don Coryell,Don Coryell,74.09387997623291
NYJ,1972,0.5,0.51131535,0.4568929,0.05442244,0.04310709238052368,-0.011315345764160156,0.04310709238052368,Weeb Ewbank,Weeb Ewbank,74.03446226975639
SFO,2021,0.5882,0.5075881,0.45324457,0.05434352,0.1349554330825805,0.08061191148757929,0.1349554330825805,Kyle Shanahan,Kyle Shanahan,73.97504456327985
NYG,2006,0.5,0.5665904,0.5124302,0.054160237,-0.012430191040039062,-0.06659042835235596,-0.012430191040039062,Tom Coughlin,Tom Coughlin,73.91562685680333
NWE,1995,0.375,0.43883526,0.38473797,0.054097295,-0.009737968444824219,-0.0638352632522583,-0.009737968444824219,Bill Parcells,Bill Parcells,73.8562091503268
PIT,1999,0.375,0.46280596,0.40880856,0.053997397,-0.03380855917930603,-0.08780595660209656,-0.03380855917930603,Bill Cowher,Bill Cowher,73.79679144385027
NOR,2012,0.4375,0.46872482,0.41482487,0.053899944,0.022675126791000366,-0.031224817037582397,0.022675126791000366,Aaron Kromer,Aaron Kromer / Joe Vitt,73.73737373737373
WAS,1988,0.4375,0.3560629,0.30226284,0.053800046,0.13523715734481812,0.0814371109008789,0.13523715734481812,Joe Gibbs,Joe Gibbs,73.6779560308972
DAL,2023,0.7059,0.7249971,0.67125034,0.05374676,0.034649656677246066,-0.019097103214263944,0.034649656677246066,Mike McCarthy,Mike McCarthy,73.61853832442068
MIA,2001,0.6875,0.54457057,0.49096295,0.053607613,0.196537047624588,0.14292943477630615,0.196537047624588,Dave Wannstedt,Dave Wannstedt,73.55912061794415
PIT,2006,0.5,0.561794,0.5083461,0.053447902,-0.008346080780029297,-0.0617939829826355,-0.008346080780029297,Bill Cowher,Bill Cowher,73.49970291146761
MIA,2009,0.4375,0.30888247,0.25545526,0.05342722,0.18204474449157715,0.128617525100708,0.18204474449157715,Tony Sparano,Tony Sparano,73.44028520499108
CHI,2002,0.25,0.2562985,0.20299213,0.053306386,0.04700787365436554,-0.00629851222038269,0.04700787365436554,Dick Jauron,Dick Jauron,73.38086749851456
NWE,1988,0.5625,0.44969642,0.39650095,0.053195477,0.16599905490875244,0.11280357837677002,0.16599905490875244,Raymond Berry,Raymond Berry,73.32144979203802
KAN,2004,0.4375,0.4820443,0.4289123,0.053131998,0.008587688207626343,-0.04454430937767029,0.008587688207626343,Dick Vermeil,Dick Vermeil,73.2620320855615
RAI,2020,0.5,0.50493723,0.45185563,0.0530816,0.048144370317459106,-0.004937231540679932,0.048144370317459106,,,73.20261437908496
PIT,1977,0.6429,0.5726774,0.51962954,0.053047836,0.12327046194076541,0.07022262611389163,0.12327046194076541,Chuck Noll,Chuck Noll,73.14319667260844
CRD,2019,0.3438,0.36962566,0.31660768,0.053017974,0.027192316102981562,-0.025825657796859747,0.027192316102981562,Kliff Kingsbury,Kliff Kingsbury,73.0837789661319
CHI,1984,0.625,0.6528452,0.5999875,0.052857697,0.025012493133544922,-0.02784520387649536,0.025012493133544922,Mike Ditka,Mike Ditka,73.02436125965538
GNB,2005,0.25,0.35956436,0.3068544,0.052709967,-0.05685439705848694,-0.10956436395645142,-0.05685439705848694,Mike Sherman,Mike Sherman,72.96494355317886
CHI,2021,0.3529,0.33409104,0.2814011,0.05268994,0.07149890222549438,0.01880896248817443,0.07149890222549438,Matt Nagy,Matt Nagy,72.90552584670232
SDG,1978,0.5625,0.5713905,0.51888245,0.052508056,0.04361754655838013,-0.008890509605407715,0.04361754655838013,Tommy Prothro,Don Coryell / Tommy Prothro,72.84610814022578
SEA,2002,0.4375,0.5065664,0.45417577,0.052390635,-0.01667577028274536,-0.06906640529632568,-0.01667577028274536,Mike Holmgren,Mike Holmgren,72.78669043374926
BUF,1975,0.5714,0.57504165,0.52265626,0.05238539,0.048743738079071064,-0.003641651725769024,0.048743738079071064,Lou Saban,Lou Saban,72.72727272727273
NYG,1977,0.3571,0.31819162,0.26588744,0.05230418,0.09121256074905393,0.03890838227272031,0.09121256074905393,John McVay,John McVay,72.6678550207962
CAR,2018,0.4375,0.45554715,0.40332317,0.05222398,0.03417682647705078,-0.01804715394973755,0.03417682647705078,Ron Rivera,Ron Rivera,72.60843731431966
WAS,1989,0.625,0.6206794,0.56855386,0.052125514,0.0564461350440979,0.004320621490478516,0.0564461350440979,Joe Gibbs,Joe Gibbs,72.54901960784314
ATL,1998,0.875,0.6944291,0.6423107,0.05211842,0.23268932104110718,0.18057090044021606,0.23268932104110718,Dan Reeves,Dan Reeves,72.48960190136661
CLT,2013,0.6875,0.5888835,0.53688073,0.052002788,0.1506192684173584,0.09861648082733154,0.1506192684173584,Chuck Pagano,Chuck Pagano,72.43018419489007
CIN,1989,0.5,0.6645289,0.61280495,0.051723957,-0.11280494928359985,-0.16452890634536743,-0.11280494928359985,Sam Wyche,Sam Wyche,72.37076648841355
RAI,2021,0.5882,0.47400323,0.4224527,0.051550537,0.16574731178283686,0.11419677443504328,0.16574731178283686,,,72.31134878193701
GNB,1992,0.5625,0.4410666,0.38956702,0.051499575,0.17293298244476318,0.12143340706825256,0.17293298244476318,Mike Holmgren,Mike Holmgren,72.25193107546049
SFO,2022,0.7647,0.73329705,0.6818988,0.051398277,0.08280122728347783,0.031402950000762986,0.08280122728347783,Kyle Shanahan,Kyle Shanahan,72.19251336898395
PHI,2005,0.375,0.37666383,0.32551485,0.05114898,0.04948514699935913,-0.0016638338565826416,0.04948514699935913,Andy Reid,Andy Reid,72.13309566250743
NWE,1980,0.625,0.63441056,0.5834154,0.05099517,0.04158461093902588,-0.009410560131072998,0.04158461093902588,Ron Erhardt,Ron Erhardt,72.0736779560309
MIN,1988,0.6875,0.69502395,0.644092,0.05093193,0.043407976627349854,-0.007523953914642334,0.043407976627349854,Jerry Burns,Jerry Burns,72.01426024955437
KAN,1994,0.5625,0.5206055,0.4697435,0.050862014,0.09275650978088379,0.041894495487213135,0.09275650978088379,Marty Schottenheimer,Marty Schottenheimer,71.95484254307783
RAM,1980,0.6875,0.6390052,0.588307,0.05069816,0.09919297695159912,0.048494815826416016,0.09919297695159912,Ray Malavasi,Ray Malavasi,71.89542483660131
ATL,2016,0.6875,0.67585546,0.6251613,0.050694168,0.06233870983123779,0.011644542217254639,0.06233870983123779,Dan Quinn,Dan Quinn,71.83600713012478
DAL,2013,0.5,0.51458246,0.4642899,0.05029255,0.03571009635925293,-0.014582455158233643,0.03571009635925293,Jason Garrett,Jason Garrett,71.77658942364825
GNB,2011,0.9375,0.8352264,0.7851336,0.050092816,0.15236639976501465,0.10227358341217041,0.15236639976501465,Mike McCarthy,Mike McCarthy,71.71717171717171
RAV,2017,0.5625,0.616652,0.56660974,0.05004227,-0.004109740257263184,-0.05415201187133789,-0.004109740257263184,John Harbaugh,John Harbaugh,71.65775401069519
MIA,2013,0.5,0.5196617,0.46964172,0.05002001,0.03035828471183777,-0.01966172456741333,0.03035828471183777,Joe Philbin,Joe Philbin,71.59833630421866
