Team,Year,Actual_Win_Pct,Predicted_With_Coach,Predicted_Replacement,Coaching_WAR,Predicted_Impact,Prediction_Error_Coach,Prediction_Error_Replacement,Primary_Coach,Combined_Coach,WAR_Percentile
CLT,2009,0.875,0.63463145,0.45140228,0.4235977232456207,0.18322918,0.2403685450553894,0.4235977232456207,Jim Caldwell,Jim Caldwell,100.0
CHI,1987,0.7333,0.4784762,0.32018858,0.413111418056488,0.15828761,0.2548238034725189,0.413111418056488,Mike Ditka,Mike Ditka,99.94058229352348
WAS,1982,0.8889,0.6483565,0.5159059,0.3729940833091736,0.13245058,0.24054350271224978,0.3729940833091736,Joe Gibbs,Joe Gibbs,99.88116458704694
NWE,2007,1.0,0.7475739,0.66084564,0.33915436267852783,0.086728275,0.2524260878562927,0.33915436267852783,Bill Belichick,Bill Belichick,99.8217468805704
CLT,1999,0.8125,0.7121351,0.5000741,0.3124259114265442,0.21206099,0.10036492347717285,0.3124259114265442,Jim Mora Sr,Jim Mora Sr,99.76232917409388
NOR,2011,0.8125,0.60177815,0.51427037,0.2982296347618103,0.087507784,0.21072185039520264,0.2982296347618103,Sean Payton,Sean Payton,99.70291146761735
DET,2024,0.8824,0.7019127,0.5874375,0.2949624895095825,0.11447519,0.18048729887008663,0.2949624895095825,Dan Campbell,Dan Campbell,99.64349376114082
RAI,1982,0.8889,0.7022724,0.5942156,0.29468442811965945,0.10805684,0.1866275848388672,0.29468442811965945,Tom Flores,Tom Flores,99.5840760546643
MIA,1974,0.7857,0.5693125,0.4919979,0.29370210237503047,0.077314615,0.21638748712539668,0.29370210237503047,Don Shula,Don Shula,99.52465834818776
SFO,1987,0.8667,0.6484334,0.573002,0.29369801921844485,0.07543141,0.21826661272048953,0.29369801921844485,Bill Walsh,Bill Walsh,99.46524064171123
MIA,1972,1.0,0.8384213,0.70674795,0.29325205087661743,0.13167334,0.1615787148475647,0.29325205087661743,Don Shula,Don Shula,99.4058229352347
MIA,1993,0.5625,0.26725504,0.27997988,0.2825201153755188,-0.012724847,0.295244961977005,0.2825201153755188,Don Shula,Don Shula,99.34640522875817
PIT,2004,0.9375,0.7438232,0.6578019,0.27969807386398315,0.086021245,0.19367682933807373,0.27969807386398315,Bill Cowher,Bill Cowher,99.28698752228165
MIA,1982,0.7778,0.6199999,0.50105107,0.2767489316940308,0.11894882,0.15780011444091802,0.2767489316940308,Don Shula,Don Shula,99.22756981580511
NWE,2004,0.875,0.6290495,0.59917706,0.2758229374885559,0.029872417,0.24595052003860474,0.2758229374885559,Bill Belichick,Bill Belichick,99.16815210932857
MIN,1998,0.9375,0.7096934,0.6701672,0.2673327922821045,0.039526165,0.22780662775039673,0.2673327922821045,Dennis Green,Dennis Green,99.10873440285205
RAI,1976,0.9286,0.7846997,0.6653794,0.2632205949783325,0.11932027,0.14390032157897947,0.2632205949783325,John Madden,John Madden,99.04931669637553
SEA,2013,0.8125,0.6975139,0.54973114,0.26276886463165283,0.14778274,0.1149861216545105,0.26276886463165283,Pete Carroll,Pete Carroll,98.98989898989899
CLT,2008,0.75,0.5917774,0.48980212,0.26019787788391113,0.10197526,0.15822261571884155,0.26019787788391113,Tony Dungy,Tony Dungy,98.93048128342245
SDG,2014,0.5625,0.36384863,0.30400044,0.2584995627403259,0.05984819,0.19865137338638306,0.2584995627403259,Mike McCoy,Mike McCoy,98.87106357694593
CLT,2010,0.625,0.56195134,0.3670374,0.2579626142978668,0.19491395,0.06304866075515747,0.2579626142978668,Jim Caldwell,Jim Caldwell,98.8116458704694
GNB,2004,0.625,0.51638526,0.37022778,0.25477221608161926,0.14615747,0.10861474275588989,0.25477221608161926,Mike Sherman,Mike Sherman,98.75222816399287
GNB,1995,0.6875,0.5196893,0.43491024,0.25258976221084595,0.084779084,0.16781067848205566,0.25258976221084595,Mike Holmgren,Mike Holmgren,98.69281045751634
CAR,2017,0.6875,0.53552204,0.43508103,0.25241896510124207,0.10044101,0.15197795629501343,0.25241896510124207,Ron Rivera,Ron Rivera,98.6333927510398
KAN,2024,0.8824,0.7432097,0.63057154,0.2518284558296203,0.112638175,0.139190280342102,0.2518284558296203,Andy Reid,Andy Reid,98.57397504456328
RAV,2019,0.875,0.7329751,0.6239051,0.25109487771987915,0.10907,0.14202487468719482,0.25109487771987915,John Harbaugh,John Harbaugh,98.51455733808675
SDG,1987,0.5333,0.37763068,0.28596833,0.2473316665172577,0.09166235,0.15566931920051574,0.2473316665172577,Al Saunders,Al Saunders,98.45513963161022
SFO,2019,0.8125,0.62378097,0.56606615,0.24643385410308838,0.05771482,0.1887190341949463,0.24643385410308838,Kyle Shanahan,Kyle Shanahan,98.3957219251337
CLE,2023,0.6471,0.51072884,0.40137848,0.24572151741981507,0.10935035,0.1363711639404297,0.24572151741981507,Kevin Stefanski,Kevin Stefanski,98.33630421865716
MIN,2017,0.8125,0.5933877,0.56787825,0.24462175369262695,0.025509477,0.21911227703094482,0.24462175369262695,Mike Zimmer,Mike Zimmer,98.27688651218062
NYG,1986,0.875,0.7200055,0.6335075,0.24149250984191895,0.08649802,0.15499448776245117,0.24149250984191895,Bill Parcells,Bill Parcells,98.2174688057041
NWE,2017,0.8125,0.596908,0.5715738,0.24092620611190796,0.02533418,0.21559202671051025,0.24092620611190796,Bill Belichick,Bill Belichick,98.15805109922758
MIN,1977,0.6429,0.5081915,0.4023555,0.24054450788497928,0.105836034,0.13470847406387332,0.24054450788497928,Bud Grant,Bud Grant,98.09863339275104
MIA,1987,0.5333,0.32204828,0.29385135,0.2394486542224884,0.02819693,0.21125172333717346,0.2394486542224884,Don Shula,Don Shula,98.0392156862745
NWE,2013,0.75,0.5691867,0.5108464,0.23915362358093262,0.05834031,0.18081331253051758,0.23915362358093262,Bill Belichick,Bill Belichick,97.97979797979798
SEA,1987,0.6,0.516757,0.36228818,0.23771182298660276,0.15446883,0.08324298858642576,0.23771182298660276,Chuck Knox,Chuck Knox,97.92038027332146
WAS,1986,0.75,0.5853495,0.51332754,0.23667246103286743,0.07202196,0.16465049982070923,0.23667246103286743,Joe Gibbs,Joe Gibbs,97.86096256684492
NWE,2010,0.875,0.7444483,0.6406077,0.23439228534698486,0.10384059,0.13055169582366943,0.23439228534698486,Bill Belichick,Bill Belichick,97.8015448603684
ATL,2012,0.8125,0.6784958,0.5781658,0.23433417081832886,0.100329995,0.13400417566299438,0.23433417081832886,Mike Smith,Mike Smith,97.74212715389186
HTX,2019,0.625,0.42630824,0.39086565,0.23413434624671936,0.03544259,0.19869175553321838,0.23413434624671936,Bill O'Brien,Bill O'Brien,97.68270944741533
RAV,2001,0.625,0.52559125,0.39236772,0.23263227939605713,0.13322353,0.09940874576568604,0.23263227939605713,Brian Billick,Brian Billick,97.6232917409388
MIA,2022,0.5294,0.46561754,0.29797125,0.231428751373291,0.16764629,0.06378246250152586,0.231428751373291,Mike McDaniel,Mike McDaniel,97.56387403446227
DAL,1991,0.6875,0.5141294,0.4569513,0.2305487096309662,0.05717811,0.1733705997467041,0.2305487096309662,Jimmy Johnson,Jimmy Johnson,97.50445632798575
MIA,1979,0.625,0.4415598,0.39496794,0.2300320565700531,0.046591848,0.1834402084350586,0.2300320565700531,Don Shula,Don Shula,97.44503862150921
SFO,1990,0.875,0.74525934,0.6463407,0.2286592721939087,0.09891862,0.1297406554222107,0.2286592721939087,George Seifert,George Seifert,97.38562091503267
RAM,2001,0.875,0.72347903,0.64995253,0.22504746913909912,0.0735265,0.1515209674835205,0.22504746913909912,Mike Martz,Mike Martz,97.32620320855615
DEN,2013,0.8125,0.58897376,0.58757734,0.22492265701293945,0.0013964176,0.2235262393951416,0.22492265701293945,John Fox,John Fox,97.26678550207963
ATL,1998,0.875,0.68377227,0.6510709,0.22392910718917847,0.032701373,0.1912277340888977,0.22392910718917847,Dan Reeves,Dan Reeves,97.20736779560309
CLE,1972,0.7143,0.5541683,0.49119425,0.22310575180053716,0.062974036,0.16013171606063847,0.22310575180053716,Nick Skorich,Nick Skorich,97.14795008912655
DAL,2022,0.7059,0.47928005,0.48329747,0.22260253276824948,-0.0040174127,0.2266199454307556,0.22260253276824948,Mike McCarthy,Mike McCarthy,97.08853238265003
PIT,2017,0.8125,0.662376,0.59042275,0.22207725048065186,0.07195324,0.15012401342391968,0.22207725048065186,Mike Tomlin,Mike Tomlin,97.0291146761735
NOR,1987,0.8,0.7276251,0.5796099,0.2203901290893555,0.1480152,0.07237492799758916,0.2203901290893555,Jim Mora Sr,Jim Mora Sr,96.96969696969697
CHI,1986,0.875,0.7612978,0.65504277,0.21995723247528076,0.106255054,0.11370217800140381,0.21995723247528076,Mike Ditka,Mike Ditka,96.91027926322045
JAX,1998,0.6875,0.5300911,0.46845534,0.21904465556144714,0.061635762,0.15740889310836792,0.21904465556144714,Tom Coughlin,Tom Coughlin,96.85086155674391
KAN,2022,0.8235,0.6932354,0.6069765,0.21652349090576173,0.08625889,0.13026460266113282,0.21652349090576173,Andy Reid,Andy Reid,96.79144385026738
DEN,2015,0.75,0.570923,0.53356564,0.21643435955047607,0.03735733,0.17907702922821045,0.21643435955047607,Gary Kubiak,Gary Kubiak,96.73202614379085
CLT,2012,0.6875,0.52403444,0.4731965,0.21430349349975586,0.050837934,0.16346555948257446,0.21430349349975586,Chuck Pagano,Chuck Pagano,96.67260843731432
PIT,1995,0.6875,0.5675757,0.47380227,0.21369773149490356,0.093773425,0.11992430686950684,0.21369773149490356,Bill Cowher,Bill Cowher,96.6131907308378
NWE,2016,0.875,0.7583496,0.6615824,0.21341758966445923,0.09676719,0.11665040254592896,0.21341758966445923,Bill Belichick,Bill Belichick,96.55377302436125
CHI,2001,0.8125,0.5802787,0.5991481,0.21335190534591675,-0.0188694,0.2322213053703308,0.21335190534591675,Dick Jauron,Dick Jauron,96.49435531788473
MIN,2000,0.6875,0.50486654,0.4745718,0.21292820572853088,0.030294746,0.18263345956802368,0.21292820572853088,Dennis Green,Dennis Green,96.4349376114082
GNB,1998,0.6875,0.49813503,0.47504392,0.21245607733726501,0.023091108,0.1893649697303772,0.21245607733726501,Mike Holmgren,Mike Holmgren,96.37551990493168
CLT,2014,0.6875,0.5852515,0.47609633,0.21140366792678833,0.10915518,0.10224848985671997,0.21140366792678833,Chuck Pagano,Chuck Pagano,96.31610219845514
HTX,2007,0.5,0.3372419,0.28899923,0.21100077033042908,0.04824266,0.16275811195373535,0.21100077033042908,Gary Kubiak,Gary Kubiak,96.2566844919786
CAR,2015,0.9375,0.80933,0.7271165,0.21038347482681274,0.08221346,0.12817001342773438,0.21038347482681274,Ron Rivera,Ron Rivera,96.19726678550208
JAX,1999,0.875,0.75650847,0.6650525,0.20994752645492554,0.091455996,0.118491530418396,0.20994752645492554,Tom Coughlin,Tom Coughlin,96.13784907902556
WAS,1987,0.7333,0.66726905,0.524062,0.20923802213668818,0.14320707,0.06603094892501826,0.20923802213668818,Joe Gibbs,Joe Gibbs,96.07843137254902
DAL,2007,0.8125,0.64975166,0.60448664,0.2080133557319641,0.04526502,0.1627483367919922,0.2080133557319641,Wade Phillips,Wade Phillips,96.0190136660725
SFO,1984,0.9375,0.7904644,0.72963315,0.2078668475151062,0.06083125,0.1470355987548828,0.2078668475151062,Bill Walsh,Bill Walsh,95.95959595959596
CLT,1990,0.4375,0.33558127,0.23005983,0.20744016766548157,0.10552144,0.10191872715950012,0.20744016766548157,Ron Meyer,Ron Meyer,95.90017825311944
CHI,1985,0.9375,0.8368304,0.73140574,0.20609426498413086,0.10542464,0.10066962242126465,0.20609426498413086,Mike Ditka,Mike Ditka,95.8407605466429
SDG,2006,0.875,0.77729064,0.66917056,0.2058294415473938,0.108120084,0.09770935773849487,0.2058294415473938,Marty Schottenheimer,Marty Schottenheimer,95.78134284016637
DAL,2016,0.8125,0.64137423,0.60759,0.20490998029708862,0.03378421,0.17112576961517334,0.20490998029708862,Jason Garrett,Jason Garrett,95.72192513368985
PIT,2008,0.75,0.6635646,0.54531246,0.20468753576278687,0.11825216,0.08643537759780884,0.20468753576278687,Mike Tomlin,Mike Tomlin,95.6625074272133
HTX,2016,0.5625,0.39131325,0.35878375,0.2037162482738495,0.032529503,0.17118674516677856,0.2037162482738495,Bill O'Brien,Bill O'Brien,95.60308972073678
PHI,2017,0.8125,0.629383,0.6103949,0.2021051049232483,0.018988132,0.18311697244644165,0.2021051049232483,Doug Pederson,Doug Pederson,95.54367201426025
SDG,1995,0.5625,0.4595349,0.36111954,0.20138046145439148,0.098415375,0.1029650866985321,0.20138046145439148,Bobby Ross,Bobby Ross,95.48425430778373
GNB,2011,0.9375,0.7829465,0.7370214,0.20047861337661743,0.04592514,0.15455347299575806,0.20047861337661743,Mike McCarthy,Mike McCarthy,95.42483660130719
CLT,2005,0.875,0.8012362,0.67635137,0.1986486315727234,0.124884844,0.07376378774642944,0.1986486315727234,Tony Dungy,Tony Dungy,95.36541889483065
DAL,1992,0.8125,0.7083389,0.61407113,0.19842886924743652,0.094267786,0.1041610836982727,0.19842886924743652,Jimmy Johnson,Jimmy Johnson,95.30600118835413
MIA,1995,0.5625,0.44955027,0.3660029,0.1964971125125885,0.08354738,0.11294972896575928,0.1964971125125885,Don Shula,Don Shula,95.2465834818776
PIT,2015,0.625,0.5730417,0.42859897,0.19640102982521057,0.1444427,0.051958322525024414,0.19640102982521057,Mike Tomlin,Mike Tomlin,95.18716577540107
MIA,2009,0.4375,0.34895068,0.24249336,0.19500663876533508,0.10645732,0.08854931592941284,0.19500663876533508,Tony Sparano,Tony Sparano,95.12774806892455
CRD,1982,0.5556,0.3879861,0.36064997,0.194950026845932,0.02733612,0.16761390624046324,0.194950026845932,Jim Hanifan,Jim Hanifan,95.06833036244801
CAR,2013,0.75,0.60503817,0.55512226,0.1948777437210083,0.04991591,0.14496183395385742,0.1948777437210083,Ron Rivera,Ron Rivera,95.00891265597147
PIT,1978,0.875,0.78029317,0.6806942,0.19430577754974365,0.099598944,0.09470683336257935,0.19430577754974365,Chuck Noll,Chuck Noll,94.94949494949495
DAL,1972,0.7143,0.5972341,0.52010137,0.19419863157272343,0.0771327,0.11706592969894414,0.19419863157272343,Tom Landry,Tom Landry,94.89007724301842
DAL,1998,0.625,0.5060542,0.43082315,0.19417685270309448,0.075231075,0.11894577741622925,0.19417685270309448,Chan Gailey,Chan Gailey,94.8306595365419
NWE,1976,0.7857,0.6769149,0.5915459,0.19415412015914912,0.08536899,0.1087851292610168,0.19415412015914912,Chuck Fairbanks,Chuck Fairbanks,94.77124183006535
CRD,2014,0.6875,0.5927811,0.49353608,0.1939639151096344,0.09924504,0.09471887350082397,0.1939639151096344,Bruce Arians,Bruce Arians,94.71182412358883
PIT,2016,0.6875,0.59470403,0.4941467,0.1933532953262329,0.10055733,0.0927959680557251,0.1933532953262329,Mike Tomlin,Mike Tomlin,94.6524064171123
RAI,1974,0.8571,0.75053215,0.66414464,0.19295536479949948,0.086387515,0.10656784973144529,0.19295536479949948,John Madden,John Madden,94.59298871063578
KAN,2020,0.875,0.8013803,0.68215275,0.19284725189208984,0.11922753,0.07361972332000732,0.19284725189208984,Andy Reid,Andy Reid,94.53357100415924
DEN,1977,0.8571,0.70144844,0.66541547,0.19168453416824338,0.036032975,0.15565155944824216,0.19168453416824338,Red Miller,Red Miller,94.4741532976827
SDG,2009,0.8125,0.6283788,0.6211661,0.19133388996124268,0.0072126985,0.18412119150161743,0.19133388996124268,Norv Turner,Norv Turner,94.41473559120618
NWE,1994,0.625,0.52973354,0.43439275,0.1906072497367859,0.09534079,0.09526646137237549,0.1906072497367859,Bill Parcells,Bill Parcells,94.35531788472964
NOR,2013,0.6875,0.5670763,0.49699178,0.19050821661949158,0.07008454,0.12042367458343506,0.19050821661949158,Sean Payton,Sean Payton,94.29590017825312
TAM,2024,0.5882,0.37623945,0.39818794,0.1900120646476745,-0.021948487,0.21196055121421808,0.1900120646476745,Todd Bowles,Todd Bowles,94.2364824717766
MIA,1984,0.875,0.760255,0.68571556,0.18928444385528564,0.07453942,0.11474502086639404,0.18928444385528564,Don Shula,Don Shula,94.17706476530006
GNB,1985,0.5,0.39246732,0.31165677,0.18834322690963745,0.08081055,0.10753268003463745,0.18834322690963745,Forrest Gregg,Forrest Gregg,94.11764705882352
SFO,1989,0.875,0.7864596,0.688897,0.1861029863357544,0.09756261,0.08854037523269653,0.1861029863357544,George Seifert,George Seifert,94.058229352347
CLE,1994,0.6875,0.4996509,0.50140387,0.18609613180160522,-0.0017529726,0.18784910440444946,0.18609613180160522,Bill Belichick,Bill Belichick,93.99881164587048
KAN,2014,0.5625,0.51993394,0.37657008,0.18592992424964905,0.14336386,0.04256606101989746,0.18592992424964905,Andy Reid,Andy Reid,93.93939393939394
CLT,2007,0.8125,0.7714324,0.6265903,0.1859096884727478,0.14484209,0.04106760025024414,0.1859096884727478,Tony Dungy,Tony Dungy,93.8799762329174
PIT,2001,0.8125,0.6719816,0.62700623,0.18549376726150513,0.04497534,0.1405184268951416,0.18549376726150513,Bill Cowher,Bill Cowher,93.82055852644088
NOR,2018,0.8125,0.692262,0.6273514,0.18514859676361084,0.06491059,0.12023800611495972,0.18514859676361084,Sean Payton,Sean Payton,93.76114081996435
NOR,2010,0.6875,0.63162124,0.5024087,0.1850913166999817,0.12921256,0.05587875843048096,0.1850913166999817,Sean Payton,Sean Payton,93.70172311348782
PHI,2014,0.625,0.4653147,0.44055274,0.1844472587108612,0.024761945,0.15968531370162964,0.1844472587108612,Chip Kelly,Chip Kelly,93.64230540701129
MIA,2016,0.625,0.55074596,0.44123787,0.18376213312149048,0.1095081,0.07425403594970703,0.18376213312149048,Adam Gase,Adam Gase,93.58288770053476
CIN,2013,0.6875,0.550104,0.50511724,0.1823827624320984,0.044986784,0.137395977973938,0.1823827624320984,Marvin Lewis,Marvin Lewis,93.52346999405823
WAS,1983,0.875,0.8254767,0.6928825,0.1821175217628479,0.13259423,0.04952329397201538,0.1821175217628479,Joe Gibbs,Joe Gibbs,93.4640522875817
RAI,1995,0.5,0.2752185,0.31859055,0.18140944838523865,-0.043372065,0.22478151321411133,0.18140944838523865,Mike White,Mike White,93.40463458110517
SEA,2005,0.8125,0.66595256,0.63161874,0.18088126182556152,0.034333825,0.14654743671417236,0.18088126182556152,Mike Holmgren,Mike Holmgren,93.34521687462865
MIA,1985,0.75,0.59472793,0.57015175,0.17984825372695923,0.024576187,0.15527206659317017,0.17984825372695923,Don Shula,Don Shula,93.28579916815211
DAL,2003,0.625,0.5219357,0.44549006,0.1795099377632141,0.07644564,0.10306429862976074,0.1795099377632141,Bill Parcells,Bill Parcells,93.22638146167557
BUF,2022,0.8125,0.6586843,0.6334317,0.17906832695007324,0.02525264,0.15381568670272827,0.17906832695007324,Sean McDermott,Sean McDermott,93.16696375519905
NWE,2015,0.75,0.61640084,0.5722515,0.17774850130081177,0.04414934,0.1335991621017456,0.17774850130081177,Bill Belichick,Bill Belichick,93.10754604872253
RAV,2020,0.6875,0.60699075,0.5099666,0.17753338813781738,0.09702414,0.0805092453956604,0.17753338813781738,John Harbaugh,John Harbaugh,93.04812834224599
GNB,2017,0.4375,0.28258848,0.26055926,0.17694073915481567,0.022029221,0.15491151809692383,0.17694073915481567,Mike McCarthy,Mike McCarthy,92.98871063576945
RAI,1985,0.75,0.6069902,0.57358307,0.17641693353652954,0.03340715,0.14300978183746338,0.17641693353652954,Tom Flores,Tom Flores,92.92929292929293
GNB,1997,0.8125,0.7140489,0.6364401,0.17605990171432495,0.077608824,0.09845107793807983,0.17605990171432495,Mike Holmgren,Mike Holmgren,92.8698752228164
CAR,2008,0.75,0.61172694,0.574036,0.17596399784088135,0.037690938,0.13827306032180786,0.17596399784088135,John Fox,John Fox,92.81045751633987
OTI,1987,0.6,0.5216185,0.42430723,0.1756927728652954,0.09731126,0.07838151454925535,0.1756927728652954,Jerry Glanville,Jerry Glanville,92.75103980986333
SEA,2006,0.5625,0.42109367,0.386867,0.1756330132484436,0.034226686,0.1414063274860382,0.1756330132484436,Mike Holmgren,Mike Holmgren,92.6916221033868
MIA,1973,0.8571,0.77261364,0.6824615,0.1746384998321533,0.090152144,0.08448635540008542,0.1746384998321533,Don Shula,Don Shula,92.63220439691028
CLT,1987,0.6,0.49717352,0.42626983,0.1737301707267761,0.07090369,0.10282648205757139,0.1737301707267761,Ron Meyer,Ron Meyer,92.57278669043374
DEN,1998,0.875,0.8113222,0.7018117,0.17318832874298096,0.10951054,0.06367778778076172,0.17318832874298096,Mike Shanahan,Mike Shanahan,92.51336898395722
DAL,1982,0.6667,0.62261873,0.4937351,0.17296489520072933,0.12888363,0.04408126516342159,0.17296489520072933,Tom Landry,Tom Landry,92.45395127748068
DEN,1976,0.6429,0.5399019,0.47014916,0.1727508405685425,0.06975275,0.1029980877876282,0.1727508405685425,John Ralston,John Ralston,92.39453357100416
MIN,2022,0.7647,0.6922586,0.59211564,0.17258435935974126,0.100142956,0.07244140357971196,0.17258435935974126,Kevin O'Connell,Kevin O'Connell,92.33511586452762
SFO,1992,0.875,0.8063894,0.7032209,0.1717790961265564,0.10316849,0.06861060857772827,0.1717790961265564,George Seifert,George Seifert,92.2756981580511
MIA,1971,0.75,0.68869764,0.57907593,0.17092406749725342,0.1096217,0.061302363872528076,0.17092406749725342,Don Shula,Don Shula,92.21628045157458
CLT,1992,0.5625,0.44347078,0.39158088,0.17091912031173706,0.051889896,0.1190292239189148,0.17091912031173706,Ted Marchibroda,Ted Marchibroda,92.15686274509804
DET,1991,0.75,0.5548447,0.57913864,0.1708613634109497,-0.02429396,0.1951553225517273,0.1708613634109497,Wayne Fontes,Wayne Fontes,92.0974450386215
DEN,1987,0.7,0.6237728,0.53015035,0.16984964609146114,0.093622446,0.07622720003128047,0.16984964609146114,Dan Reeves,Dan Reeves,92.03802733214498
NYJ,2010,0.6875,0.5932967,0.51850015,0.16899985074996948,0.07479656,0.09420329332351685,0.16899985074996948,Rex Ryan,Rex Ryan,91.97860962566845
CRD,2015,0.8125,0.72748387,0.64364964,0.1688503623008728,0.08383423,0.08501613140106201,0.1688503623008728,Bruce Arians,Bruce Arians,91.91919191919192
KAN,2016,0.75,0.6698911,0.5811563,0.16884368658065796,0.088734806,0.0801088809967041,0.16884368658065796,Andy Reid,Andy Reid,91.85977421271538
DEN,2012,0.8125,0.6671963,0.6439998,0.16850018501281738,0.023196459,0.14530372619628906,0.16850018501281738,John Fox,John Fox,91.80035650623886
WAS,1985,0.625,0.53190124,0.45678416,0.16821584105491638,0.07511708,0.09309875965118408,0.16821584105491638,Joe Gibbs,Joe Gibbs,91.74093879976233
RAM,1975,0.8571,0.8421063,0.6896229,0.16747712097167966,0.1524834,0.01499371728897092,0.16747712097167966,Chuck Knox,Chuck Knox,91.6815210932858
MIA,2001,0.6875,0.55897135,0.5200999,0.16740012168884277,0.038871467,0.1285286545753479,0.16740012168884277,Dave Wannstedt,Dave Wannstedt,91.62210338680927
MIN,1999,0.625,0.47875118,0.45769393,0.1673060655593872,0.021057248,0.14624881744384766,0.1673060655593872,Dennis Green,Dennis Green,91.56268568033273
SEA,2014,0.75,0.6748777,0.58361167,0.16638833284378052,0.091266036,0.07512229681015015,0.16638833284378052,Pete Carroll,Pete Carroll,91.50326797385621
RAM,1975,0.8571,0.832992,0.6907247,0.16637532911300656,0.14226735,0.02410798273086545,0.16637532911300656,Chuck Knox,Chuck Knox,91.44385026737967
CLT,1988,0.5625,0.51379186,0.3978729,0.1646271049976349,0.115918964,0.04870814085006714,0.1646271049976349,Ron Meyer,Ron Meyer,91.38443256090315
OTI,2006,0.5,0.40208316,0.3357785,0.16422149538993835,0.066304654,0.09791684150695801,0.16422149538993835,Jeff Fisher,Jeff Fisher,91.32501485442663
NWE,2003,0.875,0.7116326,0.7107843,0.16421568393707275,0.0008482933,0.1633673906326294,0.16421568393707275,Bill Belichick,Bill Belichick,91.26559714795009
GNB,2002,0.75,0.7049566,0.5867957,0.16320431232452393,0.1181609,0.04504340887069702,0.16320431232452393,Mike Sherman,Mike Sherman,91.20617944147355
NOR,1982,0.4444,0.36537185,0.28134856,0.1630514437198639,0.0840233,0.07902814688682558,0.1630514437198639,Bum Phillips,Bum Phillips,91.14676173499703
MIN,1973,0.8571,0.7584037,0.6945156,0.16258441410064695,0.06388813,0.09869628152847287,0.16258441410064695,Bud Grant,Bud Grant,91.0873440285205
JAX,2010,0.5,0.40096033,0.33746105,0.16253894567489624,0.06349927,0.09903967380523682,0.16253894567489624,Jack Del Rio,Jack Del Rio,91.02792632204397
SDG,1982,0.6667,0.64038694,0.50456685,0.1621331517219543,0.13582009,0.02631306095123287,0.1621331517219543,Don Coryell,Don Coryell,90.96850861556743
BUF,1999,0.6875,0.56837094,0.5258122,0.16168779134750366,0.04255873,0.11912906169891357,0.16168779134750366,Wade Phillips,Wade Phillips,90.9090909090909
HTX,2015,0.5625,0.45788842,0.40127492,0.1612250804901123,0.056613505,0.10461157560348511,0.1612250804901123,Bill O'Brien,Bill O'Brien,90.84967320261438
CHI,1994,0.5625,0.44117758,0.40173846,0.1607615351676941,0.039439112,0.12132242321968079,0.1607615351676941,Dave Wannstedt,Dave Wannstedt,90.79025549613785
SFO,1998,0.75,0.6715976,0.58925784,0.1607421636581421,0.08233976,0.07840240001678467,0.1607421636581421,Steve Mariucci,Steve Mariucci,90.73083778966132
GNB,1982,0.6111,0.55250883,0.45044777,0.1606522320270538,0.10206106,0.058591168975830055,0.1606522320270538,Bart Starr,Bart Starr,90.67142008318478
MIN,1997,0.5625,0.43506795,0.40222928,0.16027072072029114,0.032838672,0.12743204832077026,0.16027072072029114,Dennis Green,Dennis Green,90.61200237670826
OTI,1999,0.8125,0.72034746,0.6522297,0.16027027368545532,0.06811774,0.09215253591537476,0.16027027368545532,Jeff Fisher,Jeff Fisher,90.55258467023172
DEN,2014,0.75,0.6105456,0.5901446,0.1598554253578186,0.020401001,0.1394544243812561,0.1598554253578186,John Fox,John Fox,90.4931669637552
NOR,2019,0.8125,0.7164191,0.6526688,0.1598312258720398,0.06375033,0.09608089923858643,0.1598312258720398,Sean Payton,Sean Payton,90.43374925727868
CLT,1970,0.8214,0.76862746,0.66299266,0.1584073437690735,0.10563481,0.05277253522872927,0.1584073437690735,Don McCafferty,Don McCafferty,90.37433155080214
MIA,1981,0.7188,0.57788193,0.56172657,0.15707342987060546,0.016155362,0.14091806774139404,0.15707342987060546,Don Shula,Don Shula,90.3149138443256
NWE,1985,0.6875,0.61207443,0.5305818,0.1569182276725769,0.08149266,0.07542556524276733,0.1569182276725769,Raymond Berry,Raymond Berry,90.25549613784908
TAM,1982,0.5556,0.50378084,0.39908487,0.15651513395309447,0.104695976,0.051819158172607405,0.15651513395309447,John McKay,John McKay,90.19607843137256
TAM,2021,0.7647,0.72014236,0.6102604,0.15443957300186162,0.10988194,0.04455763549804692,0.15443957300186162,Bruce Arians,Bruce Arians,90.13666072489602
BUF,1993,0.75,0.6559768,0.59583485,0.1541651487350464,0.06014192,0.09402322769165039,0.1541651487350464,Marv Levy,Marv Levy,90.07724301841948
GNB,2007,0.8125,0.6457614,0.6589085,0.15359151363372803,-0.013147116,0.1667386293411255,0.15359151363372803,Mike McCarthy,Mike McCarthy,90.01782531194296
MIA,1975,0.7143,0.65280163,0.56086016,0.1534398429870606,0.091941476,0.061498367118835495,0.1534398429870606,Don Shula,Don Shula,89.95840760546643
CIN,1975,0.7857,0.69334054,0.632355,0.15334502525329585,0.060985565,0.09235946006774898,0.15334502525329585,Paul Brown,Paul Brown,89.8989898989899
SFO,2021,0.5882,0.4950389,0.43490136,0.15329864330291743,0.06013754,0.09316110320091242,0.15329864330291743,Kyle Shanahan,Kyle Shanahan,89.83957219251337
PHI,2003,0.75,0.65045923,0.596873,0.1531270146369934,0.053586245,0.09954077005386353,0.1531270146369934,Andy Reid,Andy Reid,89.78015448603684
RAM,2003,0.75,0.71237665,0.59699434,0.1530056595802307,0.115382314,0.03762334585189819,0.1530056595802307,Mike Martz,Mike Martz,89.72073677956031
NOR,1992,0.75,0.669314,0.59738415,0.15261584520339966,0.07192987,0.08068597316741943,0.15261584520339966,Jim Mora Sr,Jim Mora Sr,89.66131907308377
DAL,1984,0.5625,0.4742026,0.4101576,0.15234240889549255,0.06404501,0.08829739689826965,0.15234240889549255,Tom Landry,Tom Landry,89.60190136660725
PIT,2011,0.75,0.6826286,0.5982836,0.151716411113739,0.08434498,0.0673714280128479,0.151716411113739,Mike Tomlin,Mike Tomlin,89.54248366013073
MIN,2024,0.8235,0.74165434,0.67276305,0.15073695039749146,0.06889129,0.08184566354751588,0.15073695039749146,Kevin O'Connell,Kevin O'Connell,89.48306595365419
RAI,1977,0.7857,0.7348353,0.6350041,0.15069589681625362,0.09983122,0.05086467332839961,0.15069589681625362,John Madden,John Madden,89.42364824717765
CIN,2022,0.75,0.6305501,0.59986764,0.15013235807418823,0.030682445,0.1194499135017395,0.15013235807418823,Zac Taylor,Zac Taylor,89.36423054070113
SEA,2020,0.75,0.650163,0.60017824,0.14982175827026367,0.049984753,0.09983700513839722,0.14982175827026367,Pete Carroll,Pete Carroll,89.3048128342246
GNB,2020,0.8125,0.75981146,0.6630248,0.14947521686553955,0.09678668,0.052688539028167725,0.14947521686553955,Matt LaFleur,Matt LaFleur,89.24539512774807
OTI,2018,0.5625,0.49081773,0.41314015,0.14935985207557678,0.07767758,0.07168227434158325,0.14935985207557678,Mike Vrabel,Mike Vrabel,89.18597742127153
WAS,1991,0.875,0.8535205,0.7257475,0.14925247430801392,0.12777299,0.021479487419128418,0.14925247430801392,Joe Gibbs,Joe Gibbs,89.12655971479501
HTX,2012,0.75,0.62617713,0.60167545,0.14832454919815063,0.024501681,0.12382286787033081,0.14832454919815063,Gary Kubiak,Gary Kubiak,89.06714200831848
SDG,1980,0.6875,0.6072876,0.5394327,0.14806729555130005,0.06785488,0.08021241426467896,0.14806729555130005,Don Coryell,Don Coryell,89.00772430184195
SFO,1981,0.8125,0.5680197,0.6646611,0.14783889055252075,-0.09664142,0.24448031187057495,0.14783889055252075,Bill Walsh,Bill Walsh,88.94830659536542
NWE,1987,0.5333,0.5050108,0.38562977,0.14767022686004638,0.11938101,0.028289216327667233,0.14767022686004638,Raymond Berry,Raymond Berry,88.88888888888889
BUF,1990,0.8125,0.7233978,0.664834,0.14766597747802734,0.05856377,0.08910220861434937,0.14766597747802734,Marv Levy,Marv Levy,88.82947118241236
KAN,2018,0.75,0.6942484,0.6025724,0.14742761850357056,0.091676,0.05575162172317505,0.14742761850357056,Andy Reid,Andy Reid,88.77005347593582
PIT,1987,0.5333,0.48425758,0.38611063,0.14718936638832092,0.098146945,0.049042421150207516,0.14718936638832092,Chuck Noll,Chuck Noll,88.7106357694593
NYJ,1986,0.625,0.53076357,0.4778528,0.14714720845222473,0.052910775,0.09423643350601196,0.14714720845222473,Joe Walton,Joe Walton,88.65121806298278
SDG,2018,0.75,0.5940734,0.60285306,0.14714694023132324,-0.008779645,0.15592658519744873,0.14714694023132324,Anthony Lynn,Anthony Lynn,88.59180035650624
BUF,1973,0.6429,0.48362407,0.49576655,0.14713344969749453,-0.012142479,0.15927592911720279,0.14713344969749453,Lou Saban,Lou Saban,88.5323826500297
GNB,2013,0.5312,0.4554943,0.38479263,0.14640737409591675,0.07070169,0.07570568556785584,0.14640737409591675,Mike McCarthy,Mike McCarthy,88.47296494355318
ATL,2009,0.5625,0.48058534,0.41642797,0.14607203006744385,0.06415737,0.08191466331481934,0.14607203006744385,Mike Smith,Mike Smith,88.41354723707666
OTI,2020,0.6875,0.5789262,0.54179007,0.14570993185043335,0.037136137,0.1085737943649292,0.14570993185043335,Mike Vrabel,Mike Vrabel,88.35412953060012
RAM,2002,0.4375,0.37848687,0.29217228,0.14532771706581116,0.08631459,0.05901312828063965,0.14532771706581116,Mike Martz,Mike Martz,88.29471182412358
NYJ,1971,0.4286,0.28338984,0.2836209,0.14497910604476927,-0.0002310574,0.14521016345024107,0.14497910604476927,Weeb Ewbank,Weeb Ewbank,88.23529411764706
MIA,1999,0.5625,0.4884376,0.41789657,0.144603431224823,0.070541024,0.07406240701675415,0.144603431224823,Jimmy Johnson,Jimmy Johnson,88.17587641117053
OTI,2000,0.8125,0.73421437,0.66798246,0.14451754093170166,0.06623191,0.07828563451766968,0.14451754093170166,Jeff Fisher,Jeff Fisher,88.116458704694
PHI,2024,0.8235,0.7374251,0.678998,0.14450200653076173,0.058427095,0.08607491111755372,0.14450200653076173,Nick Sirianni,Nick Sirianni,88.05704099821747
NOR,2017,0.6875,0.6070712,0.54341936,0.14408063888549805,0.06365186,0.08042877912521362,0.14408063888549805,Sean Payton,Sean Payton,87.99762329174094
MIN,1971,0.7857,0.7250903,0.6421118,0.1435882217407226,0.08297855,0.06060967512130733,0.1435882217407226,Bud Grant,Bud Grant,87.93820558526441
SFO,1976,0.5714,0.4877957,0.42823598,0.14316402211189272,0.059559733,0.08360428943634035,0.14316402211189272,Monte Clark,Monte Clark,87.87878787878788
CAR,2006,0.5,0.3830862,0.35720825,0.142791748046875,0.025877953,0.1169137954711914,0.142791748046875,John Fox,John Fox,87.81937017231135
RAI,1984,0.6875,0.60862434,0.545349,0.14215099811553955,0.06327534,0.07887566089630127,0.14215099811553955,Tom Flores,Tom Flores,87.75995246583483
CLT,2002,0.625,0.49073213,0.48310852,0.1418914794921875,0.007623613,0.1342678666114807,0.1418914794921875,Tony Dungy,Tony Dungy,87.70053475935828
NWE,2005,0.625,0.531554,0.4832919,0.141708105802536,0.04826209,0.09344601631164551,0.141708105802536,Bill Belichick,Bill Belichick,87.64111705288175
DAL,1977,0.8571,0.8083861,0.71585673,0.1412432690620422,0.09252936,0.048713912582397434,0.1412432690620422,Tom Landry,Tom Landry,87.58169934640523
RAM,2021,0.7059,0.6126349,0.5651481,0.14075188484191892,0.047486782,0.09326510276794431,0.14075188484191892,Sean McVay,Sean McVay,87.5222816399287
CLT,2013,0.6875,0.57857525,0.54777175,0.13972824811935425,0.030803502,0.1089247465133667,0.13972824811935425,Chuck Pagano,Chuck Pagano,87.46286393345217
CLT,2016,0.5,0.45350757,0.36056012,0.1394398808479309,0.09294745,0.046492427587509155,0.1394398808479309,Chuck Pagano,Chuck Pagano,87.40344622697563
NWE,1988,0.5625,0.49241576,0.4231968,0.13930320739746094,0.06921896,0.07008424401283264,0.13930320739746094,Raymond Berry,Raymond Berry,87.34402852049911
CLE,2007,0.625,0.51526564,0.48600537,0.13899463415145874,0.029260278,0.10973435640335083,0.13899463415145874,Romeo Crennel,Romeo Crennel,87.28461081402259
NYJ,1998,0.75,0.69083077,0.6114955,0.1385045051574707,0.07933527,0.059169232845306396,0.1385045051574707,Bill Parcells,Bill Parcells,87.22519310754605
DAL,1976,0.7857,0.7511149,0.6471965,0.13850352830886836,0.10391843,0.03458509511947627,0.13850352830886836,Tom Landry,Tom Landry,87.16577540106952
DEN,1984,0.8125,0.6822242,0.6741021,0.13839787244796753,0.0081220865,0.13027578592300415,0.13839787244796753,Dan Reeves,Dan Reeves,87.10635769459299
RAI,1990,0.75,0.6686463,0.61182666,0.13817334175109863,0.056819618,0.08135372400283813,0.13817334175109863,Art Shell,Art Shell,87.04693998811646
CHI,1988,0.75,0.69648457,0.61213255,0.13786745071411133,0.08435202,0.05351543426513672,0.13786745071411133,Mike Ditka,Mike Ditka,86.98752228163993
PHI,2004,0.8125,0.7483808,0.6748266,0.13767337799072266,0.07355416,0.06411921977996826,0.13767337799072266,Andy Reid,Andy Reid,86.9281045751634
RAM,2014,0.375,0.29083076,0.23745655,0.1375434547662735,0.053374216,0.08416923880577087,0.1375434547662735,Jeff Fisher,Jeff Fisher,86.86868686868688
CLT,2006,0.75,0.7114192,0.61254585,0.13745415210723877,0.09887338,0.03858077526092529,0.13745415210723877,Tony Dungy,Tony Dungy,86.80926916221033
SEA,1979,0.5625,0.43055645,0.42509025,0.1374097466468811,0.005466193,0.13194355368614197,0.1374097466468811,Jack Patera,Jack Patera,86.7498514557338
OTI,1974,0.5,0.42398638,0.36262852,0.1373714804649353,0.061357856,0.07601362466812134,0.1373714804649353,Sid Gillman,Sid Gillman,86.69043374925728
NYG,1981,0.5625,0.39805293,0.42549673,0.13700327277183533,-0.027443796,0.16444706916809082,0.13700327277183533,Ray Perkins,Ray Perkins,86.63101604278076
RAI,1983,0.75,0.64918655,0.61319566,0.13680434226989746,0.035990894,0.10081344842910767,0.13680434226989746,Tom Flores,Tom Flores,86.57159833630422
CHI,2006,0.8125,0.7546924,0.6757102,0.13678979873657227,0.078982174,0.05780762434005737,0.13678979873657227,Lovie Smith,Lovie Smith,86.51218062982768
DAL,1983,0.75,0.69799984,0.61331713,0.13668286800384521,0.0846827,0.05200016498565674,0.13668286800384521,Tom Landry,Tom Landry,86.45276292335116
MIN,1982,0.5556,0.5464376,0.4189775,0.13662250099182127,0.12746012,0.0091623788833618,0.13662250099182127,Bud Grant,Bud Grant,86.39334521687462
SDG,1979,0.75,0.67161804,0.61391413,0.1360858678817749,0.057703912,0.07838195562362671,0.1360858678817749,Don Coryell,Don Coryell,86.3339275103981
MIA,1970,0.7143,0.62776566,0.5787271,0.13557287387847905,0.04903853,0.08653434448242192,0.13557287387847905,Don Shula,Don Shula,86.27450980392157
PIT,1974,0.75,0.6682905,0.61458164,0.1354183554649353,0.05370885,0.08170950412750244,0.1354183554649353,Chuck Noll,Chuck Noll,86.21509209744504
DAL,1970,0.7143,0.66321355,0.5794331,0.13486691646575932,0.08378047,0.051086448955535935,0.13486691646575932,Tom Landry,Tom Landry,86.1556743909685
CLE,2020,0.6875,0.6221898,0.5530505,0.13444948196411133,0.0691393,0.06531018018722534,0.13444948196411133,Kevin Stefanski,Kevin Stefanski,86.09625668449198
GNB,1992,0.5625,0.4424068,0.42813522,0.1343647837638855,0.014271587,0.1200931966304779,0.1343647837638855,Mike Holmgren,Mike Holmgren,86.03683897801545
DEN,1979,0.625,0.45953405,0.49074075,0.13425925374031067,-0.031206697,0.16546595096588135,0.13425925374031067,Red Miller,Red Miller,85.97742127153893
PIT,2018,0.5938,0.5640687,0.45971215,0.13408785228729247,0.10435653,0.029731324958801264,0.13408785228729247,Mike Tomlin,Mike Tomlin,85.91800356506238
SFO,1991,0.625,0.61168003,0.49094674,0.13405326008796692,0.12073329,0.013319969177246094,0.13405326008796692,George Seifert,George Seifert,85.85858585858585
WAS,2024,0.7059,0.62647027,0.5719083,0.13399170484542844,0.054561973,0.07942973222732541,0.13399170484542844,Dan Quinn,Dan Quinn,85.79916815210933
MIN,1970,0.8571,0.83929294,0.7234265,0.1336734791755676,0.11586642,0.017807056522369358,0.1336734791755676,Bud Grant,Bud Grant,85.73975044563281
GNB,1996,0.8125,0.79580915,0.679654,0.13284599781036377,0.11615515,0.016690850257873535,0.13284599781036377,Mike Holmgren,Mike Holmgren,85.68033273915627
NOR,2009,0.8125,0.74367356,0.679799,0.13270097970962524,0.06387454,0.06882643699645996,0.13270097970962524,Sean Payton,Sean Payton,85.62091503267973
RAV,2011,0.75,0.7019642,0.6175186,0.1324813961982727,0.084445596,0.04803580045700073,0.1324813961982727,John Harbaugh,John Harbaugh,85.56149732620321
CRD,2017,0.5,0.47840652,0.36770076,0.1322992444038391,0.11070576,0.021593481302261353,0.1322992444038391,Bruce Arians,Bruce Arians,85.50207961972667
CIN,2012,0.625,0.52023685,0.4931891,0.13181090354919434,0.027047753,0.10476315021514893,0.13181090354919434,Marvin Lewis,Marvin Lewis,85.44266191325015
NWE,2011,0.8125,0.7635347,0.680823,0.13167697191238403,0.0827117,0.048965275287628174,0.13167697191238403,Bill Belichick,Bill Belichick,85.38324420677363
KAN,1997,0.8125,0.7369146,0.68116856,0.1313314437866211,0.05574602,0.07558542490005493,0.1313314437866211,Marty Schottenheimer,Marty Schottenheimer,85.32382650029709
DEN,2003,0.625,0.50652117,0.49395037,0.13104963302612305,0.012570798,0.11847883462905884,0.13104963302612305,Mike Shanahan,Mike Shanahan,85.26440879382055
NYG,1989,0.75,0.69679195,0.61965597,0.13034403324127197,0.07713598,0.05320805311203003,0.13034403324127197,Bill Parcells,Bill Parcells,85.20499108734403
GNB,2001,0.75,0.7059921,0.62040216,0.12959784269332886,0.085589945,0.04400789737701416,0.12959784269332886,Mike Sherman,Mike Sherman,85.1455733808675
NYG,2007,0.625,0.5054119,0.49583465,0.12916535139083862,0.009577274,0.11958807706832886,0.12916535139083862,Tom Coughlin,Tom Coughlin,85.08615567439097
RAV,2015,0.3125,0.27348435,0.18346724,0.12903276085853577,0.09001711,0.03901565074920654,0.12903276085853577,John Harbaugh,John Harbaugh,85.02673796791443
CHI,2003,0.4375,0.3071182,0.3088673,0.12863269448280334,-0.0017490983,0.13038179278373718,0.12863269448280334,Dick Jauron,Dick Jauron,84.9673202614379
PIT,1982,0.6667,0.6717648,0.5380962,0.1286038105010986,0.1336686,-0.005064791011810343,0.1286038105010986,Chuck Noll,Chuck Noll,84.90790255496138
BUF,1996,0.625,0.5431583,0.49645117,0.12854883074760437,0.046707124,0.08184170722961426,0.12854883074760437,Marv Levy,Marv Levy,84.84848484848484
NYJ,2019,0.4375,0.34868002,0.3090571,0.1284429132938385,0.039622933,0.08881998062133789,0.1284429132938385,Adam Gase,Adam Gase,84.78906714200832
KAN,1995,0.8125,0.7321304,0.68478453,0.12771546840667725,0.047345877,0.08036959171295166,0.12771546840667725,Marty Schottenheimer,Marty Schottenheimer,84.72964943553178
PHI,1991,0.625,0.50890654,0.49728662,0.1277133822441101,0.0116199255,0.1160934567451477,0.1277133822441101,Rich Kotite,Rich Kotite,84.67023172905526
WAS,2022,0.5,0.39962777,0.37267646,0.12732353806495667,0.026951313,0.10037222504615784,0.12732353806495667,Ron Rivera,Ron Rivera,84.61081402257872
GNB,2024,0.6471,0.61687255,0.52003807,0.12706193170547486,0.09683448,0.030227450942993173,0.12706193170547486,Matt LaFleur,Matt LaFleur,84.5513963161022
RAI,2021,0.5882,0.5318313,0.46164966,0.12655034370422358,0.07018167,0.05636867589950556,0.12655034370422358,Jon Gruden,Jon Gruden / Rich Bisaccia,84.49197860962568
CRD,1981,0.4375,0.26107234,0.31099966,0.12650033831596375,-0.049927324,0.1764276623725891,0.12650033831596375,Jim Hanifan,Jim Hanifan,84.43256090314914
NOR,1990,0.5,0.4199644,0.37384847,0.12615153193473816,0.046115935,0.08003559708595276,0.12615153193473816,Jim Mora Sr,Jim Mora Sr,84.3731431966726
DAL,1979,0.6875,0.6678475,0.5616242,0.12587577104568481,0.106223285,0.019652485847473145,0.12587577104568481,Tom Landry,Tom Landry,84.31372549019608
CRD,2020,0.5,0.36048737,0.37420344,0.12579655647277832,-0.013716072,0.13951262831687927,0.12579655647277832,Kliff Kingsbury,Kliff Kingsbury,84.25430778371955
SDG,1996,0.5,0.48837224,0.3742202,0.12577980756759644,0.114152044,0.011627763509750366,0.12577980756759644,Bobby Ross,Bobby Ross,84.19489007724302
KAN,2023,0.6471,0.608731,0.52138644,0.12571355543136598,0.08734453,0.038369028186798104,0.12571355543136598,Andy Reid,Andy Reid,84.13547237076648
SDG,1977,0.5,0.40236044,0.37466705,0.12533295154571533,0.02769339,0.09763956069946289,0.12533295154571533,Tommy Prothro,Tommy Prothro,84.07605466428996
SEA,1997,0.5,0.4011627,0.3749964,0.1250036060810089,0.02616632,0.09883728623390198,0.1250036060810089,Dennis Erickson,Dennis Erickson,84.01663695781343
DET,1972,0.6071,0.5395086,0.48223057,0.12486942610740659,0.057278007,0.06759141883850095,0.12486942610740659,Joe Schmidt,Joe Schmidt,83.9572192513369
CRD,1987,0.4667,0.33905637,0.34201103,0.12468896551132203,-0.0029546618,0.12764362735748291,0.12468896551132203,Gene Stallings,Gene Stallings,83.89780154486037
DAL,1971,0.7857,0.7531423,0.6611865,0.12451348371505733,0.09195578,0.032557702732086136,0.12451348371505733,Tom Landry,Tom Landry,83.83838383838383
SFO,2011,0.8125,0.72662216,0.68822414,0.12427586317062378,0.038398027,0.08587783575057983,0.12427586317062378,Jim Harbaugh,Jim Harbaugh,83.77896613190731
RAM,2004,0.5,0.5064085,0.37601992,0.1239800751209259,0.13038859,-0.006408512592315674,0.1239800751209259,Mike Martz,Mike Martz,83.71954842543077
DEN,1992,0.5,0.40474808,0.37603074,0.12396925687789917,0.028717339,0.09525191783905029,0.12396925687789917,Dan Reeves,Dan Reeves,83.66013071895425
CRD,2007,0.5,0.38106397,0.37674972,0.12325027585029602,0.004314244,0.11893603205680847,0.12325027585029602,Ken Whisenhunt,Ken Whisenhunt,83.60071301247773
RAV,2006,0.8125,0.7221892,0.6897084,0.122791588306427,0.032480776,0.09031081199645996,0.122791588306427,Brian Billick,Brian Billick,83.54129530600119
RAM,1973,0.8571,0.82824266,0.73450226,0.12259774408340451,0.0937404,0.028857340431213352,0.12259774408340451,Chuck Knox,Chuck Knox,83.48187759952465
SEA,2001,0.5625,0.51263154,0.44017956,0.12232044339179993,0.07245198,0.04986846446990967,0.12232044339179993,Mike Holmgren,Mike Holmgren,83.42245989304813
DAL,2020,0.375,0.26902178,0.25290194,0.12209805846214294,0.016119838,0.10597822070121765,0.12209805846214294,Mike McCarthy,Mike McCarthy,83.3630421865716
PHI,1996,0.625,0.5020909,0.5029654,0.12203460931777954,-0.00087451935,0.12290912866592407,0.12203460931777954,Ray Rhodes,Ray Rhodes,83.30362448009507
MIN,2008,0.625,0.5525569,0.50321686,0.12178313732147217,0.04934001,0.07244312763214111,0.12178313732147217,Brad Childress,Brad Childress,83.24420677361853
CRD,1974,0.7143,0.62176514,0.5926757,0.12162431411743169,0.02908945,0.09253486328125005,0.12162431411743169,Don Coryell,Don Coryell,83.184789067142
CLE,1993,0.4375,0.28502324,0.3160255,0.1214745044708252,-0.031002253,0.15247675776481628,0.1214745044708252,Bill Belichick,Bill Belichick,83.12537136066548
DEN,1975,0.4286,0.36476433,0.30722424,0.12137575612068174,0.05754009,0.06383566722869871,0.12137575612068174,John Ralston,John Ralston,83.06595365418895
CRD,1975,0.7857,0.68452674,0.66447514,0.12122485704421992,0.020051599,0.10117325849533076,0.12122485704421992,Don Coryell,Don Coryell,83.00653594771242
ATL,1982,0.5556,0.52720255,0.4351348,0.12046520171165465,0.09206775,0.028397453403472883,0.12046520171165465,Leeman Bennett,Leeman Bennett,82.94711824123588
BUF,2020,0.8125,0.7031003,0.6922017,0.12029832601547241,0.01089865,0.10939967632293701,0.12029832601547241,Sean McDermott,Sean McDermott,82.88770053475936
SFO,2013,0.75,0.71413016,0.62972414,0.12027585506439209,0.08440602,0.03586983680725098,0.12027585506439209,Jim Harbaugh,Jim Harbaugh,82.82828282828282
MIN,2023,0.4118,0.36810124,0.29206553,0.11973446898460388,0.07603571,0.04369876079559326,0.11973446898460388,Kevin O'Connell,Kevin O'Connell,82.7688651218063
RAM,1973,0.8571,0.8461078,0.7377938,0.11930619678497312,0.10831398,0.010992219066619846,0.11930619678497312,Chuck Knox,Chuck Knox,82.70944741532978
RAM,2018,0.8125,0.76047343,0.6933673,0.11913269758224487,0.06710613,0.052026569843292236,0.11913269758224487,Sean McVay,Sean McVay,82.65002970885324
NOR,1988,0.625,0.5105037,0.5068447,0.11815530061721802,0.00365901,0.11449629068374634,0.11815530061721802,Jim Mora Sr,Jim Mora Sr,82.5906120023767
BUF,1974,0.6429,0.55650973,0.524863,0.11803699531555178,0.03164673,0.08639026679992678,0.11803699531555178,Lou Saban,Lou Saban,82.53119429590018
MIA,2023,0.6471,0.613302,0.5290901,0.11800989351272584,0.084211886,0.03379800758361817,0.11800989351272584,Mike McDaniel,Mike McDaniel,82.47177658942365
CAR,2003,0.6875,0.57897377,0.56960136,0.11789864301681519,0.009372413,0.10852622985839844,0.11789864301681519,John Fox,John Fox,82.41235888294712
MIA,1977,0.7143,0.64937305,0.59640336,0.11789663963317876,0.052969694,0.06492694549560551,0.11789663963317876,Don Shula,Don Shula,82.35294117647058
DAL,2024,0.4118,0.32613084,0.29436544,0.11743456416130066,0.0317654,0.08566916279792786,0.11743456416130066,Mike McCarthy,Mike McCarthy,82.29352346999406
NYG,2010,0.625,0.5801668,0.50758445,0.11741554737091064,0.072582364,0.04483318328857422,0.11741554737091064,Tom Coughlin,Tom Coughlin,82.23410576351753
CLT,2003,0.75,0.66303146,0.6329278,0.1170722246170044,0.030103683,0.08696854114532471,0.1170722246170044,Tony Dungy,Tony Dungy,82.174688057041
GNB,2023,0.5294,0.49814773,0.4133868,0.1160132080554962,0.084760934,0.03125227394104002,0.1160132080554962,Matt LaFleur,Matt LaFleur,82.11527035056447
TAM,1979,0.625,0.5107531,0.50937235,0.11562764644622803,0.0013807416,0.1142469048500061,0.11562764644622803,John McKay,John McKay,82.05585264408793
CLT,1976,0.7857,0.7307541,0.67030704,0.11539295978546138,0.060447037,0.05494592256546016,0.11539295978546138,Ted Marchibroda,Ted Marchibroda,81.99643493761141
MIN,2014,0.4375,0.31545556,0.32213888,0.11536112427711487,-0.00668332,0.12204444408416748,0.11536112427711487,Mike Zimmer,Mike Zimmer,81.93701723113487
MIA,1997,0.5625,0.51584256,0.44742534,0.11507466435432434,0.06841722,0.046657443046569824,0.11507466435432434,Jimmy Johnson,Jimmy Johnson,81.87759952465835
NYG,1987,0.4,0.4130746,0.28496787,0.11503213047981264,0.12810674,-0.013074612617492654,0.11503213047981264,Bill Parcells,Bill Parcells,81.81818181818183
DAL,1980,0.75,0.6933682,0.63500655,0.11499345302581787,0.05836165,0.05663180351257324,0.11499345302581787,Tom Landry,Tom Landry,81.75876411170529
BUF,1988,0.75,0.6542766,0.63564014,0.11435985565185547,0.018636465,0.09572339057922363,0.11435985565185547,Marv Levy,Marv Levy,81.69934640522875
SEA,2016,0.6562,0.5855545,0.5419429,0.11425710554122925,0.043611586,0.07064551944732667,0.11425710554122925,Pete Carroll,Pete Carroll,81.63992869875223
RAV,2021,0.4706,0.45121357,0.3565045,0.11409550008773806,0.09470907,0.019386431550979633,0.11409550008773806,John Harbaugh,John Harbaugh,81.5805109922757
CHI,2018,0.75,0.7071419,0.6360853,0.11391472816467285,0.071056604,0.042858123779296875,0.11391472816467285,Matt Nagy,Matt Nagy,81.52109328579917
PIT,2002,0.6562,0.5918251,0.54259086,0.11360914344787598,0.04923427,0.06437487239837647,0.11360914344787598,Bill Cowher,Bill Cowher,81.46167557932263
DAL,1995,0.75,0.74438715,0.6366861,0.11331391334533691,0.10770106,0.005612850189208984,0.11331391334533691,Barry Switzer,Barry Switzer,81.4022578728461
DAL,1974,0.5714,0.5493435,0.45831615,0.11308385267257692,0.09102738,0.022056473636627216,0.11308385267257692,Tom Landry,Tom Landry,81.34284016636958
KAN,2019,0.75,0.7574707,0.6370515,0.112948477268219,0.120419204,-0.00747072696685791,0.112948477268219,Andy Reid,Andy Reid,81.28342245989305
CLE,1971,0.6429,0.5249684,0.5301295,0.1127705077171326,-0.0051611066,0.1179316143035889,0.1127705077171326,Nick Skorich,Nick Skorich,81.22400475341652
SDG,1999,0.5,0.41116714,0.3873189,0.11268109083175659,0.023848236,0.08883285522460938,0.11268109083175659,Mike Riley,Mike Riley,81.16458704693999
SFO,1996,0.75,0.7281705,0.6383136,0.11168640851974487,0.08985692,0.02182948589324951,0.11168640851974487,George Seifert,George Seifert,81.10516934046346
PIT,2005,0.6875,0.6535053,0.57587415,0.11162585020065308,0.077631176,0.03399467468261719,0.11162585020065308,Bill Cowher,Bill Cowher,81.04575163398692
CRD,1999,0.375,0.27522618,0.26395914,0.111040860414505,0.011267036,0.0997738242149353,0.111040860414505,Vince Tobin,Vince Tobin,80.9863339275104
OTI,2021,0.7059,0.6615632,0.59493995,0.11096005287170407,0.06662327,0.044336782360076876,0.11096005287170407,Mike Vrabel,Mike Vrabel,80.92691622103388
SFO,2017,0.375,0.28693825,0.26419595,0.11080405116081238,0.022742301,0.08806174993515015,0.11080405116081238,Kyle Shanahan,Kyle Shanahan,80.86749851455734
DAL,2018,0.625,0.54431105,0.51461077,0.11038923263549805,0.02970028,0.0806889533996582,0.11038923263549805,Jason Garrett,Jason Garrett,80.8080808080808
CIN,1982,0.7778,0.7713391,0.66853887,0.10926113157272344,0.10280025,0.006460881519317674,0.10926113157272344,Forrest Gregg,Forrest Gregg,80.74866310160428
ATL,2008,0.6875,0.54057294,0.5783388,0.10916119813919067,-0.03776586,0.14692705869674683,0.10916119813919067,Mike Smith,Mike Smith,80.68924539512776
SFO,2020,0.375,0.31908262,0.26606905,0.10893094539642334,0.053013563,0.05591738224029541,0.10893094539642334,Kyle Shanahan,Kyle Shanahan,80.62982768865122
CRD,2013,0.625,0.5942073,0.5160923,0.10890769958496094,0.07811499,0.030792713165283203,0.10890769958496094,Bruce Arians,Bruce Arians,80.57040998217468
PIT,2020,0.75,0.69885445,0.64139795,0.10860204696655273,0.057456493,0.05114555358886719,0.10860204696655273,Mike Tomlin,Mike Tomlin,80.51099227569816
OTI,1993,0.75,0.70483947,0.6414462,0.10855382680892944,0.063393295,0.045160531997680664,0.10855382680892944,Jack Pardee,Jack Pardee,80.45157456922163
NYG,1988,0.625,0.5997879,0.5165224,0.10847759246826172,0.08326548,0.025212109088897705,0.10847759246826172,Bill Parcells,Bill Parcells,80.3921568627451
DAL,1993,0.75,0.6774559,0.64153016,0.10846984386444092,0.035925746,0.07254409790039062,0.10846984386444092,Jimmy Johnson,Jimmy Johnson,80.33273915626857
RAM,1989,0.6875,0.6488248,0.5790917,0.10840827226638794,0.06973308,0.03867518901824951,0.10840827226638794,John Robinson,John Robinson,80.27332144979204
SEA,1990,0.5625,0.47069794,0.4546521,0.1078478991985321,0.016045839,0.09180206060409546,0.1078478991985321,Chuck Knox,Chuck Knox,80.21390374331551
GNB,2019,0.8125,0.79269946,0.7048557,0.10764431953430176,0.087843776,0.019800543785095215,0.10764431953430176,Matt LaFleur,Matt LaFleur,80.15448603683897
NYG,2013,0.4375,0.38899887,0.32994342,0.10755658149719238,0.059055448,0.04850113391876221,0.10755658149719238,Tom Coughlin,Tom Coughlin,80.09506833036245
WAS,1988,0.4375,0.37308025,0.33025438,0.10724562406539917,0.042825878,0.06441974639892578,0.10724562406539917,Joe Gibbs,Joe Gibbs,80.03565062388593
CRD,1976,0.7143,0.66536605,0.607156,0.10714402132034306,0.058210075,0.04893394641876225,0.10714402132034306,Don Coryell,Don Coryell,79.97623291740939
PIT,1977,0.6429,0.6227429,0.5357884,0.10711158313751223,0.086954474,0.02015710868835452,0.10711158313751223,Chuck Noll,Chuck Noll,79.91681521093285
RAM,2023,0.5882,0.5602872,0.48127759,0.1069224149703979,0.07900959,0.027912822437286322,0.1069224149703979,Sean McVay,Sean McVay,79.85739750445633
SFO,1972,0.6071,0.56585306,0.500209,0.10689102611541745,0.065644085,0.04124694070816037,0.10689102611541745,Dick Nolan,Dick Nolan,79.7979797979798
MIN,2015,0.6875,0.5991874,0.5807071,0.10679292678833008,0.0184803,0.08831262588500977,0.10679292678833008,Mike Zimmer,Mike Zimmer,79.73856209150327
DEN,1972,0.3571,0.3037872,0.2504525,0.1066475113391876,0.053334713,0.05331279835700986,0.1066475113391876,John Ralston,John Ralston,79.67914438502673
KAN,2015,0.6875,0.6860687,0.5810072,0.10649281740188599,0.10506153,0.001431286334991455,0.10649281740188599,Andy Reid,Andy Reid,79.61972667855021
DET,2023,0.7059,0.63877887,0.6000707,0.10582928504943845,0.03870815,0.06712113466262815,0.10582928504943845,Dan Campbell,Dan Campbell,79.56030897207368
CLT,2004,0.75,0.7442744,0.644638,0.10536199808120728,0.099636376,0.0057256221771240234,0.10536199808120728,Tony Dungy,Tony Dungy,79.50089126559715
RAM,1984,0.625,0.5921479,0.51964426,0.10535573959350586,0.07250363,0.032852113246917725,0.10535573959350586,John Robinson,John Robinson,79.44147355912062
ATL,2023,0.4118,0.28688493,0.30677387,0.10502612881660461,-0.019888937,0.12491506628990173,0.10502612881660461,Arthur Smith,Arthur Smith,79.38205585264409
MIA,2010,0.4375,0.39995828,0.33251348,0.1049865186214447,0.0674448,0.037541717290878296,0.1049865186214447,Tony Sparano,Tony Sparano,79.32263814616756
CAR,2007,0.4375,0.36975908,0.33266625,0.10483375191688538,0.037092835,0.06774091720581055,0.10483375191688538,John Fox,John Fox,79.26322043969103
CRD,1996,0.4375,0.36752626,0.33288103,0.10461896657943726,0.03464523,0.06997373700141907,0.10461896657943726,Vince Tobin,Vince Tobin,79.2038027332145
DAL,1975,0.7143,0.7223599,0.6105087,0.10379131965637212,0.111851215,-0.008059895706176712,0.10379131965637212,Tom Landry,Tom Landry,79.14438502673798
BUF,1991,0.8125,0.7872955,0.70883864,0.10366135835647583,0.07845688,0.025204479694366455,0.10366135835647583,Marv Levy,Marv Levy,79.08496732026144
OTI,1978,0.625,0.52269816,0.5222558,0.1027442216873169,0.00044238567,0.10230183601379395,0.1027442216873169,Bum Phillips,Bum Phillips,79.0255496137849
NYJ,2016,0.3125,0.23083848,0.21021503,0.10228496789932251,0.020623446,0.08166152238845825,0.10228496789932251,Todd Bowles,Todd Bowles,78.96613190730838
CLE,2021,0.4706,0.41746676,0.36836398,0.10223602352142336,0.049102783,0.05313324031829836,0.10223602352142336,Kevin Stefanski,Kevin Stefanski,78.90671420083186
SDG,2013,0.5625,0.44969827,0.46039662,0.10210338234901428,-0.010698348,0.11280173063278198,0.10210338234901428,Mike McCoy,Mike McCoy,78.84729649435532
PIT,2007,0.625,0.65596676,0.52298796,0.102012038230896,0.1329788,-0.030966758728027344,0.102012038230896,Mike Tomlin,Mike Tomlin,78.78787878787878
SEA,1984,0.75,0.66314125,0.6487691,0.1012309193611145,0.01437217,0.08685874938964844,0.1012309193611145,Chuck Knox,Chuck Knox,78.72846108140226
JAX,1996,0.5625,0.43860194,0.46144348,0.10105651617050171,-0.022841543,0.12389805912971497,0.10105651617050171,Tom Coughlin,Tom Coughlin,78.66904337492574
DAL,2017,0.5625,0.5034399,0.46145666,0.10104334354400635,0.041983247,0.059060096740722656,0.10104334354400635,Jason Garrett,Jason Garrett,78.6096256684492
NWE,2006,0.75,0.6861851,0.64918756,0.10081243515014648,0.036997557,0.06381487846374512,0.10081243515014648,Bill Belichick,Bill Belichick,78.55020796197266
OTI,2008,0.8125,0.7262314,0.712201,0.10029900074005127,0.014030397,0.0862686038017273,0.10029900074005127,Jeff Fisher,Jeff Fisher,78.49079025549614
CIN,1973,0.7143,0.6728053,0.61402905,0.100270950126648,0.05877626,0.04149469070434575,0.100270950126648,Paul Brown,Paul Brown,78.43137254901961
RAM,1979,0.5625,0.5341956,0.462259,0.10024100542068481,0.07193661,0.02830439805984497,0.10024100542068481,Ray Malavasi,Ray Malavasi,78.31253713606655
RAM,1979,0.5625,0.5390837,0.462259,0.10024100542068481,0.076824725,0.02341628074645996,0.10024100542068481,Ray Malavasi,Ray Malavasi,78.31253713606655
RAM,1979,0.5625,0.5201248,0.462259,0.10024100542068481,0.0578658,0.04237520694732666,0.10024100542068481,Ray Malavasi,Ray Malavasi,78.31253713606655
SFO,1997,0.8125,0.7459227,0.71268153,0.09981846809387207,0.033241153,0.06657731533050537,0.09981846809387207,Steve Mariucci,Steve Mariucci,78.19370172311349
WAS,2002,0.4375,0.29337353,0.33816132,0.09933868050575256,-0.044787794,0.14412647485733032,0.09933868050575256,Steve Spurrier,Steve Spurrier,78.13428401663695
PHI,2023,0.6471,0.601452,0.5477943,0.09930571756362916,0.05365771,0.04564800701141358,0.09930571756362916,Nick Sirianni,Nick Sirianni,78.07486631016043
CHI,1999,0.375,0.24682896,0.2756979,0.09930211305618286,-0.028868929,0.12817104160785675,0.09930211305618286,Dick Jauron,Dick Jauron,78.01544860368391
NYG,2005,0.6875,0.62541056,0.5881983,0.09930169582366943,0.037212253,0.06208944320678711,0.09930169582366943,Tom Coughlin,Tom Coughlin,77.95603089720736
DEN,1989,0.6875,0.5832143,0.58884007,0.0986599326133728,-0.0056257844,0.10428571701049805,0.0986599326133728,Dan Reeves,Dan Reeves,77.89661319073083
DAL,2008,0.5625,0.50486517,0.46394864,0.09855136275291443,0.040916532,0.057634830474853516,0.09855136275291443,Wade Phillips,Wade Phillips,77.83719548425431
RAM,1999,0.8125,0.7728547,0.71426135,0.09823864698410034,0.058593333,0.03964531421661377,0.09823864698410034,Dick Vermeil,Dick Vermeil,77.77777777777779
RAI,1970,0.6429,0.57811403,0.5448389,0.09806109466552737,0.033275127,0.0647859672546387,0.09806109466552737,John Madden,John Madden,77.71836007130125
NYG,1990,0.8125,0.78361887,0.71453106,0.0979689359664917,0.0690878,0.02888113260269165,0.0979689359664917,Bill Parcells,Bill Parcells,77.65894236482471
CIN,1986,0.625,0.543226,0.52706295,0.09793704748153687,0.016163051,0.08177399635314941,0.09793704748153687,Sam Wyche,Sam Wyche,77.59952465834819
DAL,1986,0.4375,0.40623477,0.33990556,0.09759443998336792,0.06632921,0.03126522898674011,0.09759443998336792,Tom Landry,Tom Landry,77.54010695187165
RAV,2023,0.7647,0.76549476,0.6673277,0.09737229795455937,0.09816706,-0.0007947638511657251,0.09737229795455937,John Harbaugh,John Harbaugh,77.48068924539513
RAI,2016,0.75,0.67105234,0.6527256,0.09727442264556885,0.01832676,0.07894766330718994,0.09727442264556885,Jack Del Rio,Jack Del Rio,77.4212715389186
MIN,1987,0.5333,0.52790606,0.43604422,0.09725578384399414,0.091861844,0.005393939781188961,0.09725578384399414,Jerry Burns,Jerry Burns,77.36185383244207
PHI,2018,0.5625,0.5130466,0.46528253,0.09721747040748596,0.047764093,0.04945337772369385,0.09721747040748596,Doug Pederson,Doug Pederson,77.30243612596553
PHI,1995,0.625,0.5371395,0.52808064,0.09691935777664185,0.009058833,0.08786052465438843,0.09691935777664185,Ray Rhodes,Ray Rhodes,77.243018419489
BUF,1987,0.4667,0.42408264,0.36990637,0.09679363412857056,0.05417627,0.042617363166809086,0.09679363412857056,Marv Levy,Marv Levy,77.18360071301248
BUF,1982,0.4444,0.457449,0.3479795,0.09642051401138307,0.1094695,-0.013048989152908308,0.09642051401138307,Chuck Knox,Chuck Knox,77.12418300653596
SEA,1996,0.4375,0.39014715,0.3419717,0.09552830457687378,0.048175454,0.04735285043716431,0.09552830457687378,Dennis Erickson,Dennis Erickson,77.0647653000594
KAN,1994,0.5625,0.50357085,0.4670275,0.09547251462936401,0.03654337,0.05892914533615112,0.09547251462936401,Marty Schottenheimer,Marty Schottenheimer,77.00534759358288
NOR,2020,0.75,0.719322,0.6549394,0.09506058692932129,0.06438261,0.030677974224090576,0.09506058692932129,Sean Payton,Sean Payton,76.94592988710636
NOR,1974,0.3571,0.25241664,0.26229554,0.09480445585250852,-0.009878904,0.10468335947990415,0.09480445585250852,John North,John North,76.88651218062984
RAI,1991,0.5625,0.5500649,0.46775812,0.09474188089370728,0.0823068,0.012435078620910645,0.09474188089370728,Art Shell,Art Shell,76.8270944741533
KAN,2003,0.8125,0.7805872,0.71809626,0.09440374374389648,0.06249094,0.031912803649902344,0.09440374374389648,Dick Vermeil,Dick Vermeil,76.76767676767676
SEA,2024,0.5882,0.52446115,0.49379826,0.09440174407958979,0.030662894,0.06373884983062739,0.09440174407958979,Mike Macdonald,Mike Macdonald,76.70825906120024
SDG,2004,0.75,0.7185042,0.65603083,0.09396916627883911,0.062473357,0.03149580955505371,0.09396916627883911,Marty Schottenheimer,Marty Schottenheimer,76.6488413547237
KAN,2021,0.7059,0.7220278,0.6121849,0.09371511783599851,0.1098429,-0.01612777862548831,0.09371511783599851,Andy Reid,Andy Reid,76.58942364824718
MIN,2009,0.75,0.7358193,0.65652317,0.09347683191299438,0.07929611,0.01418071985244751,0.09347683191299438,Brad Childress,Brad Childress,76.53000594177065
KAN,1989,0.5312,0.4593516,0.43793592,0.09326408143043519,0.02141568,0.07184840078353882,0.09326408143043519,Marty Schottenheimer,Marty Schottenheimer,76.47058823529412
CIN,2023,0.5294,0.42864674,0.43614247,0.09325752558708189,-0.007495731,0.10075325670242308,0.09325752558708189,Zac Taylor,Zac Taylor,76.41117052881758
HTX,2008,0.5,0.3958349,0.40746146,0.09253853559494019,-0.011626571,0.10416510701179504,0.09253853559494019,Gary Kubiak,Gary Kubiak,76.35175282234106
DEN,2004,0.625,0.5970361,0.5326821,0.09231787919998169,0.064354,0.027963876724243164,0.09231787919998169,Mike Shanahan,Mike Shanahan,76.29233511586453
GNB,1973,0.4286,0.3888922,0.3363387,0.09226130113601683,0.052553505,0.03970779643058775,0.09226130113601683,Dan Devine,Dan Devine,76.232917409388
CRD,2024,0.4706,0.43064696,0.3786346,0.09196539816856386,0.052012354,0.039953044033050555,0.09196539816856386,Jonathan Gannon,Jonathan Gannon,76.17349970291146
NYG,2009,0.5,0.4660224,0.40803918,0.09196081757545471,0.05798322,0.03397759795188904,0.09196081757545471,Tom Coughlin,Tom Coughlin,76.11408199643493
DAL,1978,0.75,0.72762084,0.6581276,0.09187239408493042,0.069493234,0.022379159927368164,0.09187239408493042,Tom Landry,Tom Landry,76.05466428995841
PHI,2005,0.375,0.35791817,0.2833672,0.09163281321525574,0.07455099,0.01708182692527771,0.09163281321525574,Andy Reid,Andy Reid,75.99524658348187
NOR,1997,0.375,0.34168118,0.2834714,0.09152859449386597,0.058209777,0.03331881761550903,0.09152859449386597,Mike Ditka,Mike Ditka,75.93582887700535
RAM,1983,0.5625,0.5559364,0.47112942,0.0913705825805664,0.08480698,0.00656360387802124,0.0913705825805664,John Robinson,John Robinson,75.87641117052881
NYG,1991,0.5,0.43240872,0.40887073,0.09112927317619324,0.023537993,0.06759127974510193,0.09112927317619324,Ray Handley,Ray Handley,75.81699346405229
DEN,2019,0.4375,0.3537292,0.34649783,0.09100216627120972,0.0072313547,0.08377081155776978,0.09100216627120972,Vic Fangio,Vic Fangio,75.75757575757575
CLT,2018,0.625,0.52773356,0.534048,0.09095197916030884,-0.0063144565,0.09726643562316895,0.09095197916030884,Frank Reich,Frank Reich,75.69815805109923
RAV,2000,0.75,0.7229768,0.6590964,0.09090358018875122,0.063880384,0.02702319622039795,0.09090358018875122,Brian Billick,Brian Billick,75.6387403446227
RAM,1984,0.625,0.5775135,0.5344365,0.09056347608566284,0.043076992,0.04748648405075073,0.09056347608566284,John Robinson,John Robinson,75.57932263814617
WAS,2018,0.4375,0.352789,0.3473803,0.09011968970298767,0.0054087043,0.0847109854221344,0.09011968970298767,Jay Gruden,Jay Gruden,75.51990493166963
NWE,2008,0.6875,0.66128856,0.5974432,0.09005677700042725,0.06384534,0.026211440563201904,0.09005677700042725,Bill Belichick,Bill Belichick,75.4604872251931
SEA,2003,0.625,0.5538659,0.5351767,0.08982330560684204,0.018689215,0.07113409042358398,0.08982330560684204,Mike Holmgren,Mike Holmgren,75.40106951871658
DAL,1990,0.4375,0.40305352,0.34768346,0.08981654047966003,0.055370063,0.03444647789001465,0.08981654047966003,Jimmy Johnson,Jimmy Johnson,75.34165181224004
DAL,2005,0.5625,0.52426666,0.4727992,0.08970078825950623,0.05146745,0.03823333978652954,0.08970078825950623,Bill Parcells,Bill Parcells,75.28223410576351
PIT,1985,0.4375,0.43807256,0.3479693,0.08953070640563965,0.09010327,-0.0005725622177124023,0.08953070640563965,Chuck Noll,Chuck Noll,75.22281639928698
MIN,2012,0.625,0.53098387,0.53547865,0.08952134847640991,-0.0044947863,0.09401613473892212,0.08952134847640991,Leslie Frazier,Leslie Frazier,75.16339869281046
RAV,2014,0.625,0.59899503,0.535781,0.08921897411346436,0.063214004,0.02600497007369995,0.08921897411346436,John Harbaugh,John Harbaugh,75.10398098633392
NOR,1993,0.5,0.44910184,0.41107124,0.08892875909805298,0.038030595,0.05089816451072693,0.08892875909805298,Jim Mora Sr,Jim Mora Sr,75.0445632798574
WAS,1972,0.7857,0.7683522,0.69699025,0.08870974845886226,0.07136196,0.017347789478301956,0.08870974845886226,George Allen,George Allen,74.98514557338086
DEN,2002,0.5625,0.53403443,0.4740529,0.08844709396362305,0.059981525,0.028465569019317627,0.08844709396362305,Mike Shanahan,Mike Shanahan,74.92572786690434
SFO,1986,0.6562,0.5720453,0.56802154,0.08817846412658692,0.0040237904,0.08415467376708985,0.08817846412658692,Bill Walsh,Bill Walsh,74.8663101604278
RAM,2005,0.375,0.37133893,0.2869355,0.08806449174880981,0.084403425,0.0036610662937164307,0.08806449174880981,Mike Martz,Joe Vitt / Mike Martz,74.80689245395128
ATL,2017,0.625,0.5699042,0.5369406,0.0880594253540039,0.032963634,0.055095791816711426,0.0880594253540039,Dan Quinn,Dan Quinn,74.74747474747475
SEA,1989,0.4375,0.367615,0.3494562,0.08804380893707275,0.018158823,0.06988498568534851,0.08804380893707275,Chuck Knox,Chuck Knox,74.68805704099822
PHI,2022,0.8235,0.7682151,0.73568124,0.08781876420974732,0.032533884,0.05528488016128541,0.08781876420974732,Nick Sirianni,Nick Sirianni,74.62863933452168
NYJ,2000,0.5625,0.5128071,0.47473902,0.08776098489761353,0.038068056,0.04969292879104614,0.08776098489761353,Al Groh,Al Groh,74.56922162804516
OTI,1988,0.625,0.59434956,0.53729224,0.0877077579498291,0.05705732,0.030650436878204346,0.0877077579498291,Jerry Glanville,Jerry Glanville,74.50980392156863
DAL,2014,0.75,0.7313556,0.66253257,0.08746743202209473,0.06882304,0.018644392490386963,0.08746743202209473,Jason Garrett,Jason Garrett,74.4503862150921
NWE,1998,0.5625,0.5360898,0.47532886,0.08717113733291626,0.060760915,0.026410222053527832,0.08717113733291626,Pete Carroll,Pete Carroll,74.39096850861556
CIN,1977,0.5714,0.5250574,0.48460123,0.08679877057075502,0.040456146,0.04634262456893923,0.08679877057075502,Bill Johnson,Bill Johnson,74.33155080213903
PIT,1975,0.8571,0.82435006,0.77034676,0.08675323925018308,0.0540033,0.03274994096755979,0.08675323925018308,Chuck Noll,Chuck Noll,74.27213309566251
DEN,2005,0.8125,0.7578697,0.7258372,0.08666282892227173,0.03203255,0.054630279541015625,0.08666282892227173,Mike Shanahan,Mike Shanahan,74.21271538918597
CIN,2009,0.625,0.5871394,0.5385482,0.08645182847976685,0.048591256,0.03786057233810425,0.08645182847976685,Marvin Lewis,Marvin Lewis,74.15329768270945
CHI,2020,0.5,0.44210467,0.41379693,0.08620306849479675,0.028307736,0.05789533257484436,0.08620306849479675,Matt Nagy,Matt Nagy,74.09387997623291
SDG,2007,0.6875,0.6332721,0.60157734,0.08592265844345093,0.03169477,0.05422788858413696,0.08592265844345093,Norv Turner,Norv Turner,74.03446226975639
RAI,2009,0.3125,0.25980225,0.22662523,0.0858747661113739,0.03317702,0.05269774794578552,0.0858747661113739,Tom Cable,Tom Cable,73.97504456327985
TAM,2005,0.6875,0.6309734,0.60165215,0.08584785461425781,0.029321253,0.05652660131454468,0.08584785461425781,Jon Gruden,Jon Gruden,73.91562685680333
SFO,1994,0.8125,0.8065226,0.72708607,0.08541393280029297,0.07943654,0.0059773921966552734,0.08541393280029297,George Seifert,George Seifert,73.8562091503268
PIT,1980,0.5625,0.5369303,0.4771489,0.08535110950469971,0.059781432,0.025569677352905273,0.08535110950469971,Chuck Noll,Chuck Noll,73.79679144385027
NYJ,1984,0.4375,0.32492837,0.35218766,0.08531233668327332,-0.02725929,0.11257162690162659,0.08531233668327332,Joe Walton,Joe Walton,73.73737373737373
DAL,2004,0.375,0.3224095,0.2900648,0.08493518829345703,0.0323447,0.05259048938751221,0.08493518829345703,Bill Parcells,Bill Parcells,73.6779560308972
SEA,2022,0.5294,0.506757,0.44468817,0.08471182885169981,0.06206885,0.0226429790496826,0.08471182885169981,Pete Carroll,Pete Carroll,73.61853832442068
HTX,2018,0.6875,0.597863,0.60286677,0.0846332311630249,-0.0050037503,0.08963698148727417,0.0846332311630249,Bill O'Brien,Bill O'Brien,73.55912061794415
DEN,1970,0.3929,0.3897111,0.30852273,0.0843772689342499,0.08118838,0.0031888882160187038,0.0843772689342499,Lou Saban,Lou Saban,73.49970291146761
NWE,1978,0.6875,0.6182248,0.6033343,0.08416569232940674,0.014890492,0.06927520036697388,0.08416569232940674,Chuck Fairbanks,Chuck Fairbanks / Hank Bullough / Ron Erhardt,73.44028520499108
TAM,1999,0.6875,0.6744796,0.60338175,0.08411824703216553,0.07109785,0.01302039623260498,0.08411824703216553,Tony Dungy,Tony Dungy,73.38086749851456
SFO,1971,0.6429,0.62285316,0.55893785,0.0839621523857117,0.06391531,0.020046840095520047,0.0839621523857117,Dick Nolan,Dick Nolan,73.32144979203802
RAI,1975,0.7857,0.7322442,0.7020009,0.08369908399581905,0.030243278,0.05345580644607539,0.08369908399581905,John Madden,John Madden,73.2620320855615
PIT,1979,0.75,0.74806064,0.6663318,0.08366817235946655,0.081728816,0.0019393563270568848,0.08366817235946655,Chuck Noll,Chuck Noll,73.20261437908496
MIN,1994,0.625,0.5416646,0.5413575,0.08364248275756836,0.00030708313,0.08333539962768555,0.08364248275756836,Dennis Green,Dennis Green,73.14319667260844
NYJ,2013,0.5,0.40247247,0.41646102,0.0835389792919159,-0.0139885545,0.09752753376960754,0.0835389792919159,Rex Ryan,Rex Ryan,73.0837789661319
KAN,1991,0.625,0.5704901,0.5417993,0.08320069313049316,0.028690815,0.054509878158569336,0.08320069313049316,Marty Schottenheimer,Marty Schottenheimer,73.02436125965538
NWE,1979,0.5625,0.5007181,0.47969386,0.08280614018440247,0.021024257,0.061781883239746094,0.08280614018440247,Ron Erhardt,Ron Erhardt,72.96494355317886
SFO,1970,0.75,0.70253086,0.66722727,0.08277273178100586,0.035303593,0.047469139099121094,0.08277273178100586,Dick Nolan,Dick Nolan,72.90552584670232
PHI,2009,0.6875,0.67455834,0.60472983,0.08277016878128052,0.06982851,0.01294165849685669,0.08277016878128052,Andy Reid,Andy Reid,72.84610814022578
RAM,1980,0.6875,0.65917754,0.605138,0.08236199617385864,0.054039538,0.028322458267211914,0.08236199617385864,Ray Malavasi,Ray Malavasi,72.78669043374926
NYG,1977,0.3571,0.30566147,0.27480373,0.08229627213478086,0.030857742,0.0514385303020477,0.08229627213478086,John McVay,John McVay,72.72727272727273
TAM,2016,0.5625,0.5096974,0.48038092,0.08211907744407654,0.029316455,0.05280262231826782,0.08211907744407654,Dirk Koetter,Dirk Koetter,72.6678550207962
NYG,2016,0.6875,0.551576,0.6054536,0.08204638957977295,-0.053877592,0.13592398166656494,0.08204638957977295,Ben McAdoo,Ben McAdoo,72.60843731431966
MIN,1976,0.8214,0.7962059,0.7398074,0.08159257307052614,0.05639845,0.025194121742248554,0.08159257307052614,Bud Grant,Bud Grant,72.54901960784314
PIT,2010,0.75,0.79559547,0.66866803,0.08133196830749512,0.12692744,-0.04559546709060669,0.08133196830749512,Mike Tomlin,Mike Tomlin,72.48960190136661
NOR,1991,0.6875,0.6605599,0.6062953,0.08120471239089966,0.054264605,0.026940107345581055,0.08120471239089966,Jim Mora Sr,Jim Mora Sr,72.43018419489007
ATL,1991,0.625,0.52409977,0.5440029,0.08099710941314697,-0.019903123,0.10090023279190063,0.08099710941314697,Jerry Glanville,Jerry Glanville,72.37076648841355
PIT,1994,0.75,0.68698096,0.6691837,0.08081632852554321,0.017797291,0.0630190372467041,0.08081632852554321,Bill Cowher,Bill Cowher,72.31134878193701
MIA,1980,0.5,0.4308602,0.41920194,0.08079805970191956,0.011658251,0.06913980841636658,0.08079805970191956,Don Shula,Don Shula,72.25193107546049
CAR,2018,0.4375,0.43251446,0.35709247,0.0804075300693512,0.07542199,0.004985541105270386,0.0804075300693512,Ron Rivera,Ron Rivera,72.19251336898395
SFO,2001,0.75,0.7234194,0.6708023,0.0791977047920227,0.052617133,0.0265805721282959,0.0791977047920227,Steve Mariucci,Steve Mariucci,72.13309566250743
RAI,1989,0.5,0.41284755,0.4208096,0.07919040322303772,-0.007962048,0.08715245127677917,0.07919040322303772,Mike Shanahan,Art Shell / Mike Shanahan,72.0736779560309
PIT,2019,0.5,0.50378174,0.42096448,0.07903552055358887,0.08281726,-0.003781735897064209,0.07903552055358887,Mike Tomlin,Mike Tomlin,72.01426024955437
SEA,2017,0.5625,0.5644858,0.48382053,0.07867947220802307,0.08066526,-0.001985788345336914,0.07867947220802307,Pete Carroll,Pete Carroll,71.95484254307783
SFO,1980,0.375,0.29989928,0.29646796,0.07853204011917114,0.0034313202,0.07510071992874146,0.07853204011917114,Bill Walsh,Bill Walsh,71.89542483660131
CLT,1995,0.5625,0.45674533,0.48397976,0.07852023839950562,-0.027234435,0.10575467348098755,0.07852023839950562,Ted Marchibroda,Ted Marchibroda,71.83600713012478
RAV,2012,0.625,0.6145612,0.5464919,0.07850807905197144,0.06806928,0.010438799858093262,0.07850807905197144,John Harbaugh,John Harbaugh,71.77658942364825
RAI,2011,0.5,0.4099793,0.42173675,0.07826325297355652,-0.011757433,0.09002068638801575,0.07826325297355652,Hue Jackson,Hue Jackson,71.71717171717171
CLE,1987,0.6667,0.65705985,0.5886088,0.07809119863510128,0.06845105,0.009640151691436727,0.07809119863510128,Marty Schottenheimer,Marty Schottenheimer,71.65775401069519
MIA,1990,0.75,0.6889827,0.6721379,0.07786208391189575,0.016844809,0.06101727485656738,0.07786208391189575,Don Shula,Don Shula,71.59833630421866
DAL,1987,0.4667,0.44239336,0.38914979,0.07755021495819092,0.053243577,0.02430663747787476,0.07755021495819092,Tom Landry,Tom Landry,71.53891859774212
NWE,1982,0.5556,0.5030451,0.4780527,0.07754729447364805,0.024992377,0.052554917907714827,0.07754729447364805,Ron Meyer,Ron Meyer,71.4795008912656
MIN,1975,0.8571,0.84309196,0.77958256,0.07751743993759153,0.063509405,0.014008035278320285,0.07751743993759153,Bud Grant,Bud Grant,71.42008318478906
NWE,2019,0.75,0.69706166,0.6724835,0.07751649618148804,0.024578154,0.05293834209442139,0.07751649618148804,Bill Belichick,Bill Belichick,71.36066547831254
NWE,2014,0.75,0.72508585,0.67251503,0.07748496532440186,0.05257082,0.024914145469665527,0.07748496532440186,Bill Belichick,Bill Belichick,71.301247771836
CLT,1996,0.5625,0.50063384,0.48507604,0.07742395997047424,0.015557796,0.061866164207458496,0.07742395997047424,Lindy Infante,Lindy Infante,71.24183006535948
SEA,1991,0.4375,0.42200854,0.36020872,0.07729128003120422,0.061799824,0.015491455793380737,0.07729128003120422,Chuck Knox,Chuck Knox,71.18241235888296
GNB,1993,0.5625,0.49746153,0.4852702,0.07722979784011841,0.012191325,0.06503847241401672,0.07722979784011841,Mike Holmgren,Mike Holmgren,71.12299465240642
CLE,1992,0.4375,0.30105436,0.3603915,0.07710850238800049,-0.05933714,0.13644564151763916,0.07710850238800049,Bill Belichick,Bill Belichick,71.06357694592988
ATL,1980,0.75,0.6611718,0.6729164,0.07708358764648438,-0.011744618,0.0888282060623169,0.07708358764648438,Leeman Bennett,Leeman Bennett,71.00415923945336
JAX,1997,0.6875,0.6347038,0.61125976,0.07624024152755737,0.023444057,0.05279618501663208,0.07624024152755737,Tom Coughlin,Tom Coughlin,70.94474153297683
RAM,2000,0.625,0.62065625,0.548822,0.07617801427841187,0.071834266,0.004343748092651367,0.07617801427841187,Mike Martz,Mike Martz,70.8853238265003
DET,2007,0.4375,0.39235255,0.36154056,0.07595944404602051,0.030811995,0.045147448778152466,0.07595944404602051,Rod Marinelli,Rod Marinelli,70.82590612002376
ATL,1971,0.5357,0.48012802,0.45976517,0.07593483395576472,0.020362854,0.055571979951858475,0.07593483395576472,Norm Van Brocklin,Norm Van Brocklin,70.76648841354724
DEN,1996,0.8125,0.75860655,0.7368834,0.07561659812927246,0.021723151,0.053893446922302246,0.07561659812927246,Mike Shanahan,Mike Shanahan,70.70707070707071
NYJ,1974,0.5,0.49281406,0.42471904,0.07528096437454224,0.06809503,0.007185935974121094,0.07528096437454224,Charley Winner,Charley Winner,70.64765300059418
PHI,2002,0.75,0.7092517,0.6747932,0.07520681619644165,0.034458518,0.04074829816818237,0.07520681619644165,Andy Reid,Andy Reid,70.58823529411765
SEA,2019,0.6875,0.70325255,0.6124085,0.07509148120880127,0.090844035,-0.015752553939819336,0.07509148120880127,Pete Carroll,Pete Carroll,70.52881758764111
OTI,1975,0.7143,0.6159662,0.6394943,0.0748057001113892,-0.023528099,0.0983337991714478,0.0748057001113892,Bum Phillips,Bum Phillips,70.46939988116459
PIT,1973,0.7143,0.698699,0.6395943,0.0747056835174561,0.05910468,0.015601002502441452,0.0747056835174561,Chuck Noll,Chuck Noll,70.40998217468805
CLE,1988,0.625,0.59274006,0.5504038,0.07459622621536255,0.042336285,0.03225994110107422,0.07459622621536255,Marty Schottenheimer,Marty Schottenheimer,70.35056446821153
RAM,1983,0.5625,0.52442586,0.48809892,0.07440108060836792,0.036326945,0.03807413578033447,0.07440108060836792,John Robinson,John Robinson,70.291146761735
DAL,1973,0.7143,0.6993361,0.6400732,0.07422681980133061,0.05926293,0.014963888454437302,0.07422681980133061,Tom Landry,Tom Landry,70.23172905525847
CIN,1981,0.75,0.69784963,0.6759628,0.07403719425201416,0.021886826,0.05215036869049072,0.07403719425201416,Forrest Gregg,Forrest Gregg,70.17231134878193
BUF,2000,0.5,0.46002775,0.42601368,0.07398632168769836,0.034014076,0.03997224569320679,0.07398632168769836,Wade Phillips,Wade Phillips,70.11289364230541
PHI,2001,0.6875,0.636999,0.61380315,0.07369685173034668,0.023195863,0.05050098896026611,0.07369685173034668,Andy Reid,Andy Reid,70.05347593582889
BUF,1981,0.625,0.60271496,0.5513302,0.07366979122161865,0.051384747,0.022285044193267822,0.07366979122161865,Chuck Knox,Chuck Knox,69.99405822935235
NYG,2002,0.625,0.5433475,0.55151135,0.07348865270614624,-0.008163869,0.08165252208709717,0.07348865270614624,Jim Fassel,Jim Fassel,69.93464052287581
SEA,2023,0.5294,0.55805,0.4560306,0.07336939277648924,0.10201937,-0.02864997682571413,0.07336939277648924,Pete Carroll,Pete Carroll,69.87522281639929
RAM,1980,0.6875,0.65411705,0.6144731,0.07302689552307129,0.039643943,0.033382952213287354,0.07302689552307129,Ray Malavasi,Ray Malavasi,69.81580510992276
DET,2014,0.6875,0.6521145,0.61470085,0.07279914617538452,0.037413657,0.03538548946380615,0.07279914617538452,Jim Caldwell,Jim Caldwell,69.75638740344623
PIT,1972,0.7857,0.72712904,0.712958,0.07274202175140376,0.014171064,0.058570957851409866,0.07274202175140376,Chuck Noll,Chuck Noll,69.6969696969697
RAM,1978,0.75,0.7144274,0.6773752,0.0726248025894165,0.037052214,0.035572588443756104,0.0726248025894165,Ray Malavasi,Ray Malavasi,69.6078431372549
RAM,1978,0.75,0.69999754,0.6773752,0.0726248025894165,0.022622347,0.050002455711364746,0.0726248025894165,Ray Malavasi,Ray Malavasi,69.6078431372549
DEN,1980,0.5,0.3701956,0.42745727,0.07254272699356079,-0.057261676,0.12980440258979797,0.07254272699356079,Red Miller,Red Miller,69.5187165775401
CRD,1972,0.3214,0.28532347,0.24917793,0.0722220672607422,0.036145538,0.03607652916908266,0.0722220672607422,Bob Hollway,Bob Hollway,69.45929887106358
BUF,1995,0.625,0.5931847,0.5531202,0.0718798041343689,0.040064514,0.031815290451049805,0.0718798041343689,Marv Levy,Marv Levy,69.39988116458706
GNB,1972,0.7143,0.64839745,0.64282244,0.07147755556106572,0.0055750012,0.06590255432128911,0.07147755556106572,Dan Devine,Dan Devine,69.34046345811052
SEA,1995,0.5,0.50034523,0.4285324,0.07146760821342468,0.07181284,-0.0003452301025390625,0.07146760821342468,Dennis Erickson,Dennis Erickson,69.28104575163398
OTI,2023,0.3529,0.33218756,0.281459,0.07144099631309508,0.05072856,0.02071243681907653,0.07144099631309508,Mike Vrabel,Mike Vrabel,69.22162804515746
JAX,2007,0.6875,0.62990224,0.6160752,0.07142478227615356,0.013827026,0.05759775638580322,0.07142478227615356,Jack Del Rio,Jack Del Rio,69.16221033868094
MIA,1978,0.6875,0.6982812,0.616322,0.07117801904678345,0.08195925,-0.01078122854232788,0.07117801904678345,Don Shula,Don Shula,69.1027926322044
MIA,1992,0.6875,0.6428223,0.6164037,0.07109630107879639,0.026418626,0.044677674770355225,0.07109630107879639,Don Shula,Don Shula,69.04337492572786
DET,1993,0.625,0.56874555,0.55398285,0.07101714611053467,0.0147627,0.056254446506500244,0.07101714611053467,Wayne Fontes,Wayne Fontes,68.98395721925134
RAV,2022,0.5882,0.5553836,0.5175754,0.07062461681365961,0.03780824,0.03281637735366816,0.07062461681365961,John Harbaugh,John Harbaugh,68.92453951277481
CIN,2015,0.75,0.65605164,0.67940146,0.0705985426902771,-0.023349822,0.0939483642578125,0.0705985426902771,Marvin Lewis,Marvin Lewis,68.86512180629828
RAI,1989,0.5,0.4571152,0.4296078,0.0703921914100647,0.027507395,0.04288479685783386,0.0703921914100647,Mike Shanahan,Art Shell / Mike Shanahan,68.80570409982175
BUF,1980,0.6875,0.6618748,0.617141,0.0703589916229248,0.044733763,0.025625228881835938,0.0703589916229248,Chuck Knox,Chuck Knox,68.74628639334522
RAM,1987,0.4,0.41797018,0.32965562,0.07034438252449038,0.08831456,-0.017970180511474587,0.07034438252449038,John Robinson,John Robinson,68.65715983363042
RAM,1987,0.4,0.39962748,0.32965562,0.07034438252449038,0.06997186,0.00037252306938173607,0.07034438252449038,John Robinson,John Robinson,68.65715983363042
NWE,1996,0.6875,0.6677807,0.6175827,0.06991732120513916,0.05019802,0.019719302654266357,0.06991732120513916,Bill Parcells,Bill Parcells,68.56803327391563
WAS,2021,0.4118,0.3621059,0.34192088,0.0698791175365448,0.020185024,0.04969409399032593,0.0698791175365448,Ron Rivera,Ron Rivera,68.50861556743911
OTI,2003,0.75,0.70490116,0.6801619,0.06983810663223267,0.024739265,0.045098841190338135,0.06983810663223267,Jeff Fisher,Jeff Fisher,68.44919786096256
PIT,2012,0.5,0.4980317,0.43066108,0.06933891773223877,0.06737062,0.001968294382095337,0.06933891773223877,Mike Tomlin,Mike Tomlin,68.38978015448603
JAX,2005,0.75,0.6792731,0.68095213,0.06904786825180054,-0.0016790032,0.07072687149047852,0.06904786825180054,Jack Del Rio,Jack Del Rio,68.33036244800951
CAR,1996,0.75,0.7367503,0.6810071,0.06899291276931763,0.055743217,0.013249695301055908,0.06899291276931763,Dom Capers,Dom Capers,68.27094474153299
CHI,2002,0.25,0.24233726,0.18108124,0.06891876459121704,0.06125602,0.007662743330001831,0.06891876459121704,Dick Jauron,Dick Jauron,68.21152703505645
MIA,2017,0.375,0.34996983,0.30609518,0.0689048171043396,0.04387465,0.025030165910720825,0.0689048171043396,Adam Gase,Adam Gase,68.15210932857991
CLT,2015,0.5,0.49139977,0.43133044,0.06866955757141113,0.060069323,0.008600234985351562,0.06866955757141113,Chuck Pagano,Chuck Pagano,68.09269162210339
ATL,1978,0.5625,0.48677495,0.49406937,0.06843063235282898,-0.0072944164,0.07572504878044128,0.06843063235282898,Leeman Bennett,Leeman Bennett,68.03327391562686
SEA,2012,0.6875,0.658283,0.6191597,0.06834030151367188,0.039123297,0.029217004776000977,0.06834030151367188,Pete Carroll,Pete Carroll,67.97385620915033
NWE,2012,0.75,0.7633526,0.68166274,0.06833726167678833,0.081689835,-0.013352572917938232,0.06833726167678833,Bill Belichick,Bill Belichick,67.9144385026738
DAL,1985,0.625,0.60001814,0.5569445,0.06805551052093506,0.043073654,0.02498185634613037,0.06805551052093506,Tom Landry,Tom Landry,67.85502079619727
DAL,2012,0.5,0.45729014,0.43210214,0.06789785623550415,0.025187999,0.04270985722541809,0.06789785623550415,Jason Garrett,Jason Garrett,67.79560308972073
MIN,1996,0.5625,0.5292393,0.49476832,0.06773167848587036,0.034470975,0.03326070308685303,0.06773167848587036,Dennis Green,Dennis Green,67.7361853832442
SDG,2005,0.5625,0.5504767,0.4948488,0.06765121221542358,0.055627882,0.012023329734802246,0.06765121221542358,Marty Schottenheimer,Marty Schottenheimer,67.67676767676768
DET,1970,0.7143,0.6961126,0.6467022,0.06759782962799077,0.049410403,0.018187426853179978,0.06759782962799077,Joe Schmidt,Joe Schmidt,67.61734997029116
RAM,1976,0.75,0.74962395,0.6824248,0.06757521629333496,0.06719917,0.00037604570388793945,0.06757521629333496,Chuck Knox,Chuck Knox,67.5579322638146
NYG,2008,0.75,0.68594575,0.683117,0.06688302755355835,0.0028287768,0.06405425071716309,0.06688302755355835,Tom Coughlin,Tom Coughlin,67.49851455733808
SEA,1983,0.5625,0.54881644,0.49567077,0.06682923436164856,0.053145677,0.013683557510375977,0.06682923436164856,Chuck Knox,Chuck Knox,67.43909685086156
ATL,2019,0.4375,0.40933418,0.3706749,0.06682509183883667,0.038659275,0.028165817260742188,0.06682509183883667,Dan Quinn,Dan Quinn,67.37967914438502
SDG,1994,0.6875,0.6681278,0.62070864,0.0667913556098938,0.04741913,0.019372224807739258,0.0667913556098938,Bobby Ross,Bobby Ross,67.3202614379085
MIN,1989,0.625,0.5704683,0.5586029,0.06639707088470459,0.011865377,0.05453169345855713,0.06639707088470459,Jerry Burns,Jerry Burns,67.26084373143196
GNB,2006,0.5,0.4209205,0.43376508,0.06623491644859314,-0.012844592,0.0790795087814331,0.06623491644859314,Mike McCarthy,Mike McCarthy,67.20142602495544
DET,1985,0.4375,0.41403925,0.3714067,0.06609329581260681,0.04263255,0.023460745811462402,0.06609329581260681,Darryl Rogers,Darryl Rogers,67.1420083184789
DET,2000,0.5625,0.5400708,0.49664852,0.06585147976875305,0.043422252,0.022429227828979492,0.06585147976875305,Bobby Ross,Bobby Ross / Gary Moeller,67.08259061200238
RAI,1973,0.6786,0.62616205,0.6127949,0.06580512390136717,0.013367176,0.052437947845458965,0.06580512390136717,John Madden,John Madden,67.02317290552585
DAL,1994,0.75,0.7084437,0.6842619,0.06573808193206787,0.024181783,0.04155629873275757,0.06573808193206787,Barry Switzer,Barry Switzer,66.96375519904932
CHI,2021,0.3529,0.33015984,0.28725547,0.06564453401565551,0.042904377,0.02274015703201293,0.06564453401565551,Matt Nagy,Matt Nagy,66.90433749257278
RAV,2010,0.75,0.73701096,0.6843559,0.06564408540725708,0.05265504,0.012989044189453125,0.06564408540725708,John Harbaugh,John Harbaugh,66.84491978609626
MIN,2005,0.5625,0.54146695,0.4969018,0.06559818983078003,0.04456514,0.021033048629760742,0.06559818983078003,Mike Tice,Mike Tice,66.78550207961973
NYJ,2006,0.625,0.52745503,0.5597016,0.06529837846755981,-0.03224659,0.09754496812820435,0.06529837846755981,Eric Mangini,Eric Mangini,66.72608437314321
MIN,1974,0.7143,0.73621345,0.649227,0.06507297687530522,0.08698642,-0.021913445663452102,0.06507297687530522,Bud Grant,Bud Grant,66.66666666666666
RAM,1974,0.7143,0.7294035,0.6492557,0.06504430704116826,0.0801478,-0.015103495788574173,0.06504430704116826,Chuck Knox,Chuck Knox,66.60724896019013
SFO,2012,0.7188,0.6956307,0.65376043,0.06503956680297851,0.041870296,0.023169270801544184,0.06503956680297851,Jim Harbaugh,Jim Harbaugh,66.54783125371361
RAI,2010,0.5,0.4318244,0.43508607,0.06491392850875854,-0.0032616854,0.06817561388015747,0.06491392850875854,Tom Cable,Tom Cable,66.48841354723707
RAI,1971,0.6429,0.60398686,0.57804483,0.06485516824722293,0.025942028,0.03891314067840579,0.06485516824722293,John Madden,John Madden,66.42899584076055
CLE,1986,0.75,0.72110146,0.6855804,0.06441962718963623,0.03552109,0.028898537158966064,0.06441962718963623,Marty Schottenheimer,Marty Schottenheimer,66.36957813428401
RAV,2018,0.625,0.6005918,0.5607405,0.06425952911376953,0.039851308,0.02440822124481201,0.06425952911376953,John Harbaugh,John Harbaugh,66.31016042780749
RAM,2013,0.4375,0.40987456,0.37357306,0.06392693519592285,0.036301494,0.027625441551208496,0.06392693519592285,Jeff Fisher,Jeff Fisher,66.25074272133095
BUF,2023,0.6471,0.59265226,0.5836559,0.06344410619735719,0.008996367,0.05444773874282838,0.06344410619735719,Sean McDermott,Sean McDermott,66.19132501485443
NYJ,1982,0.6667,0.7080956,0.60360706,0.06309294147491451,0.10448855,-0.04139561014175419,0.06309294147491451,Walt Michaels,Walt Michaels,66.1319073083779
GNB,1976,0.3571,0.3007289,0.29402584,0.06307416162490842,0.006703049,0.056371112680435154,0.06307416162490842,Bart Starr,Bart Starr,66.07248960190137
WAS,2015,0.5625,0.5179828,0.49959064,0.06290936470031738,0.018392146,0.04451721906661987,0.06290936470031738,Jay Gruden,Jay Gruden,66.01307189542483
OTI,1980,0.6875,0.6491172,0.6247962,0.06270378828048706,0.02432096,0.03838282823562622,0.06270378828048706,Bum Phillips,Bum Phillips,65.9536541889483
PIT,1997,0.6875,0.62057894,0.6250144,0.062485575675964355,-0.0044354796,0.06692105531692505,0.062485575675964355,Bill Cowher,Bill Cowher,65.89423648247178
OTI,2002,0.6875,0.67481524,0.62536764,0.06213235855102539,0.049447596,0.012684762477874756,0.06213235855102539,Jeff Fisher,Jeff Fisher,65.83481877599525
CIN,2004,0.5,0.45865807,0.4382519,0.06174808740615845,0.020406157,0.041341930627822876,0.06174808740615845,Marvin Lewis,Marvin Lewis,65.77540106951871
RAM,1981,0.375,0.35687178,0.31326792,0.061732083559036255,0.043603867,0.01812821626663208,0.061732083559036255,Ray Malavasi,Ray Malavasi,65.68627450980392
RAM,1981,0.375,0.3592077,0.31326792,0.061732083559036255,0.045939773,0.01579231023788452,0.061732083559036255,Ray Malavasi,Ray Malavasi,65.68627450980392
RAM,2015,0.4375,0.39305952,0.37589675,0.06160324811935425,0.01716277,0.04444047808647156,0.06160324811935425,Jeff Fisher,Jeff Fisher,65.59714795008912
OTI,1991,0.6875,0.66162735,0.6259719,0.06152808666229248,0.03565544,0.025872647762298584,0.06152808666229248,Jack Pardee,Jack Pardee,65.5377302436126
CRD,2004,0.375,0.32293373,0.31352085,0.061479151248931885,0.009412885,0.052066266536712646,0.061479151248931885,Dennis Green,Dennis Green,65.47831253713606
RAM,1974,0.7143,0.7334281,0.65329397,0.06100603275299077,0.08013415,-0.0191281206130981,0.06100603275299077,Chuck Knox,Chuck Knox,65.41889483065954
RAV,2008,0.6875,0.6315418,0.6271138,0.06038618087768555,0.0044279695,0.05595821142196655,0.06038618087768555,John Harbaugh,John Harbaugh,65.359477124183
MIA,1983,0.75,0.73979247,0.68969685,0.06030315160751343,0.050095618,0.010207533836364746,0.06030315160751343,Don Shula,Don Shula,65.30005941770648
PHI,2007,0.5,0.48626235,0.44009605,0.05990394949913025,0.0461663,0.013737648725509644,0.05990394949913025,Andy Reid,Andy Reid,65.24064171122996
NWE,1977,0.6429,0.62103426,0.5833125,0.05958748855590823,0.037721753,0.021865735435485867,0.05958748855590823,Chuck Fairbanks,Chuck Fairbanks,65.18122400475342
CIN,1990,0.5625,0.5446941,0.5030889,0.05941110849380493,0.041605234,0.017805874347686768,0.05941110849380493,Sam Wyche,Sam Wyche,65.12180629827688
NOR,2022,0.4118,0.389084,0.3527802,0.05901980690956116,0.03630382,0.02271598868370056,0.05901980690956116,Dennis Allen,Dennis Allen,65.06238859180036
SDG,1988,0.375,0.32231134,0.31608304,0.058916956186294556,0.006228298,0.052688658237457275,0.058916956186294556,Al Saunders,Al Saunders,65.00297088532383
CLT,2020,0.6875,0.66224915,0.6286706,0.058829426765441895,0.033578575,0.02525085210800171,0.058829426765441895,Frank Reich,Frank Reich,64.9435531788473
WAS,1984,0.6875,0.7045292,0.6287299,0.05877012014389038,0.075799346,-0.017029225826263428,0.05877012014389038,Joe Gibbs,Joe Gibbs,64.88413547237076
NWE,2009,0.625,0.63654053,0.56633955,0.05866044759750366,0.07020098,-0.011540532112121582,0.05866044759750366,Bill Belichick,Bill Belichick,64.82471776589423
RAM,1976,0.75,0.75295687,0.69134516,0.058654844760894775,0.061611712,-0.002956867218017578,0.058654844760894775,Chuck Knox,Chuck Knox,64.76530005941771
RAI,1972,0.75,0.7115995,0.69138825,0.05861175060272217,0.02021128,0.038400471210479736,0.05861175060272217,John Madden,John Madden,64.70588235294117
KAN,1993,0.6875,0.6412814,0.62898475,0.05851525068283081,0.012296677,0.04621857404708862,0.05851525068283081,Marty Schottenheimer,Marty Schottenheimer,64.64646464646465
SFO,2022,0.7647,0.7561263,0.7065532,0.05814677925109868,0.049573064,0.008573715400695847,0.05814677925109868,Kyle Shanahan,Kyle Shanahan,64.58704693998811
SEA,1982,0.4444,0.4631461,0.38666454,0.057735460424423235,0.07648155,-0.018746090507507307,0.057735460424423235,Jack Patera,Jack Patera / Mike McCormack,64.49792038027333
SEA,1982,0.4444,0.4648883,0.38666454,0.057735460424423235,0.078223765,-0.020488304471969587,0.057735460424423235,Jack Patera,Jack Patera / Mike McCormack,64.49792038027333
PIT,1992,0.6875,0.6433414,0.6299157,0.057584285736083984,0.013425708,0.04415857791900635,0.057584285736083984,Bill Cowher,Bill Cowher,64.40879382055853
CHI,1984,0.625,0.6174934,0.56742626,0.05757373571395874,0.050067127,0.007506608963012695,0.05757373571395874,Mike Ditka,Mike Ditka,64.349376114082
CIN,1974,0.5,0.47114822,0.44271675,0.057283252477645874,0.028431475,0.02885177731513977,0.057283252477645874,Paul Brown,Paul Brown,64.28995840760547
NOR,2006,0.625,0.6283875,0.567868,0.05713200569152832,0.060519516,-0.0033875107765197754,0.05713200569152832,Sean Payton,Sean Payton,64.23054070112893
DEN,2016,0.5625,0.5204294,0.50554526,0.05695474147796631,0.014884114,0.042070627212524414,0.05695474147796631,Gary Kubiak,Gary Kubiak,64.1711229946524
RAM,1977,0.7143,0.7409872,0.65802824,0.05627175502777104,0.08295894,-0.026687181663513138,0.05627175502777104,Chuck Knox,Chuck Knox,64.08199643493762
RAM,1977,0.7143,0.7490684,0.65802824,0.05627175502777104,0.091040134,-0.0347683794021606,0.05627175502777104,Chuck Knox,Chuck Knox,64.08199643493762
SFO,1974,0.4286,0.40357608,0.3724497,0.05615030393600462,0.03112638,0.02502392396926878,0.05615030393600462,Dick Nolan,Dick Nolan,63.992869875222816
ATL,2010,0.8125,0.8014503,0.75671935,0.055780649185180664,0.04473096,0.01104968786239624,0.055780649185180664,Mike Smith,Mike Smith,63.933452168746285
NYG,1970,0.6429,0.604766,0.5872557,0.05564428367614749,0.017510295,0.03813398876190188,0.05564428367614749,Alex Webster,Alex Webster,63.874034462269755
WAS,1974,0.7143,0.71515566,0.6588108,0.05548920564651494,0.056344867,-0.0008556611061095731,0.05548920564651494,George Allen,George Allen,63.81461675579323
CHI,1975,0.2857,0.24668442,0.2302429,0.05545710690021516,0.016441524,0.03901558287143708,0.05545710690021516,Jack Pardee,Jack Pardee,63.755199049316694
NYG,2022,0.5588,0.5084792,0.50349414,0.055305856513977014,0.0049850345,0.05032082204818722,0.055305856513977014,Brian Daboll,Brian Daboll,63.695781342840164
ATL,2016,0.6875,0.6520609,0.6324875,0.055012524127960205,0.01957345,0.03543907403945923,0.055012524127960205,Dan Quinn,Dan Quinn,63.63636363636363
DET,1974,0.5,0.5127649,0.4451352,0.0548647940158844,0.067629665,-0.01276487112045288,0.0548647940158844,Rick Forzano,Rick Forzano,63.57694592988711
DEN,1973,0.5714,0.5321733,0.5167298,0.054670227909088154,0.015443504,0.03922672405242922,0.054670227909088154,John Ralston,John Ralston,63.51752822341058
NOR,2021,0.5294,0.52557003,0.47510973,0.054290273809432965,0.05046031,0.003829965019226056,0.054290273809432965,Sean Payton,Sean Payton,63.45811051693404
NYJ,1999,0.5,0.51889205,0.44598958,0.05401042103767395,0.07290247,-0.01889204978942871,0.05401042103767395,Bill Parcells,Bill Parcells,63.39869281045751
PHI,1987,0.4667,0.39707085,0.4131866,0.05351339025497437,-0.016115755,0.06962914509773255,0.05351339025497437,Buddy Ryan,Buddy Ryan,63.33927510398099
PIT,1984,0.5625,0.5787605,0.50914735,0.05335265398025513,0.06961316,-0.016260504722595215,0.05335265398025513,Chuck Noll,Chuck Noll,63.27985739750446
CHI,1977,0.6429,0.5693201,0.58960134,0.05329866209030154,-0.020281255,0.07357991733551028,0.05329866209030154,Jack Pardee,Jack Pardee,63.22043969102793
PHI,1993,0.5,0.49126545,0.44682136,0.053178638219833374,0.044444084,0.008734554052352905,0.053178638219833374,Rich Kotite,Rich Kotite,63.16102198455139
BUF,1998,0.625,0.58110064,0.5719599,0.05304008722305298,0.00914073,0.043899357318878174,0.05304008722305298,Wade Phillips,Wade Phillips,63.101604278074866
SDG,1983,0.375,0.36637908,0.32233676,0.05266323685646057,0.04404232,0.008620917797088623,0.05266323685646057,Don Coryell,Don Coryell,63.042186571598336
SEA,2000,0.375,0.39959955,0.32263234,0.05236765742301941,0.07696721,-0.024599552154541016,0.05236765742301941,Mike Holmgren,Mike Holmgren,62.982768865121805
OTI,1977,0.5714,0.5254777,0.5193232,0.05207677021026613,0.0061544776,0.04592229261398317,0.05207677021026613,Bum Phillips,Bum Phillips,62.92335115864528
CRD,2011,0.5,0.4366408,0.4481651,0.05183491110801697,-0.01152429,0.06335920095443726,0.05183491110801697,Ken Whisenhunt,Ken Whisenhunt,62.86393345216874
CRD,2021,0.6471,0.6538646,0.59548014,0.051619855976104745,0.058384478,-0.006764622116088859,0.051619855976104745,Kliff Kingsbury,Kliff Kingsbury,62.804515745692214
NOR,1984,0.4375,0.38671955,0.3862493,0.05125069618225098,0.00047025084,0.05078044533729553,0.05125069618225098,Bum Phillips,Bum Phillips,62.745098039215684
CAR,2021,0.2941,0.24822494,0.24324948,0.05085052404403684,0.004975468,0.04587505612373349,0.05085052404403684,Matt Rhule,Matt Rhule,62.68568033273916
DEN,1983,0.5625,0.50704175,0.5117297,0.05077028274536133,-0.004687965,0.055458247661590576,0.05077028274536133,Dan Reeves,Dan Reeves,62.62626262626263
DET,1982,0.4444,0.4781071,0.39383712,0.05056287589073183,0.08426997,-0.033707094764709455,0.05056287589073183,Monte Clark,Monte Clark,62.56684491978609
WAS,1976,0.7143,0.6870075,0.6639539,0.05034609966278081,0.023053586,0.0272925131797791,0.05034609966278081,George Allen,George Allen,62.50742721330956
