Team,Year,split,Primary_Coach
ATL,1970,train,Norm Van Brocklin
ATL,1971,train,Norm Van Brocklin
ATL,1972,train,Norm Van Brocklin
ATL,1973,train,Norm Van Brocklin
ATL,1974,train,Norm Van Brocklin
ATL,1975,train,Marion Campbell
ATL,1976,train,Marion Campbell
ATL,1977,train,Leeman Bennett
ATL,1978,train,Leeman Bennett
ATL,1979,train,Leeman Bennett
ATL,1980,train,Leeman Bennett
ATL,1981,train,Leeman Bennett
ATL,1982,train,Leeman Bennett
ATL,1983,train,Dan Henning
ATL,1984,train,Dan Henning
ATL,1985,train,Dan Henning
ATL,1986,train,Dan Henning
ATL,1987,train,Marion Campbell
ATL,1988,train,Marion Campbell
ATL,1989,train,Marion Campbell
ATL,1990,train,Jerry Glanville
ATL,1991,train,Jerry Glanville
ATL,1992,train,Jerry Glanville
ATL,1993,train,Jerry Glanville
ATL,1994,train,June Jones
ATL,1995,train,June Jones
ATL,1996,train,June Jones
ATL,1997,train,Dan Reeves
ATL,1998,train,Dan Reeves
ATL,1999,train,Dan Reeves
ATL,2000,train,Dan Reeves
ATL,2001,train,Dan Reeves
ATL,2002,train,Dan Reeves
ATL,2003,train,Dan Reeves
ATL,2004,train,Jim Mora Jr
ATL,2005,train,Jim Mora Jr
ATL,2006,train,Jim Mora Jr
ATL,2007,test,Bobby Petrino
ATL,2008,train,Mike Smith
ATL,2009,train,Mike Smith
ATL,2010,train,Mike Smith
ATL,2011,train,Mike Smith
ATL,2012,train,Mike Smith
ATL,2013,train,Mike Smith
ATL,2014,train,Mike Smith
ATL,2015,train,Dan Quinn
ATL,2016,train,Dan Quinn
ATL,2017,train,Dan Quinn
ATL,2018,train,Dan Quinn
ATL,2019,train,Dan Quinn
ATL,2020,train,Dan Quinn
ATL,2021,test,Arthur Smith
ATL,2022,test,Arthur Smith
ATL,2023,test,Arthur Smith
ATL,2024,train,Raheem Morris
BUF,1970,test,John Rauch
BUF,1971,train,Harvey Johnson
BUF,1972,train,Lou Saban
BUF,1973,train,Lou Saban
BUF,1974,train,Lou Saban
BUF,1975,train,Lou Saban
BUF,1976,train,Lou Saban
BUF,1977,test,Jim Ringo
BUF,1978,train,Chuck Knox
BUF,1979,train,Chuck Knox
BUF,1980,train,Chuck Knox
BUF,1981,train,Chuck Knox
BUF,1982,train,Chuck Knox
BUF,1983,test,Kay Stephenson
BUF,1984,test,Kay Stephenson
BUF,1985,test,Kay Stephenson
BUF,1986,train,Hank Bullough
BUF,1987,train,Marv Levy
BUF,1988,train,Marv Levy
BUF,1989,train,Marv Levy
BUF,1990,train,Marv Levy
BUF,1991,train,Marv Levy
BUF,1992,train,Marv Levy
BUF,1993,train,Marv Levy
BUF,1994,train,Marv Levy
BUF,1995,train,Marv Levy
BUF,1996,train,Marv Levy
BUF,1997,train,Marv Levy
BUF,1998,train,Wade Phillips
BUF,1999,train,Wade Phillips
BUF,2000,train,Wade Phillips
BUF,2001,train,Gregg Williams
BUF,2002,train,Gregg Williams
BUF,2003,train,Gregg Williams
BUF,2004,train,Mike Mularkey
BUF,2005,train,Mike Mularkey
BUF,2006,test,Dick Jauron
BUF,2007,test,Dick Jauron
BUF,2008,test,Dick Jauron
BUF,2009,test,Dick Jauron
BUF,2010,test,Chan Gailey
BUF,2011,test,Chan Gailey
BUF,2012,test,Chan Gailey
BUF,2013,train,Doug Marrone
BUF,2014,train,Doug Marrone
BUF,2015,train,Rex Ryan
BUF,2016,train,Rex Ryan
BUF,2017,train,Sean McDermott
BUF,2018,train,Sean McDermott
BUF,2019,train,Sean McDermott
BUF,2020,train,Sean McDermott
BUF,2021,train,Sean McDermott
BUF,2022,train,Sean McDermott
BUF,2023,train,Sean McDermott
BUF,2024,train,Sean McDermott
CAR,1995,train,Dom Capers
CAR,1996,train,Dom Capers
CAR,1997,train,Dom Capers
CAR,1998,train,Dom Capers
CAR,1999,train,George Seifert
CAR,2000,train,George Seifert
CAR,2001,train,George Seifert
CAR,2002,test,John Fox
CAR,2003,test,John Fox
CAR,2004,test,John Fox
CAR,2005,test,John Fox
CAR,2006,test,John Fox
CAR,2007,test,John Fox
CAR,2008,test,John Fox
CAR,2009,test,John Fox
CAR,2010,test,John Fox
CAR,2011,train,Ron Rivera
CAR,2012,train,Ron Rivera
CAR,2013,train,Ron Rivera
CAR,2014,train,Ron Rivera
CAR,2015,train,Ron Rivera
CAR,2016,train,Ron Rivera
CAR,2017,train,Ron Rivera
CAR,2018,train,Ron Rivera
CAR,2019,train,Ron Rivera
CAR,2020,train,Matt Rhule
CAR,2021,train,Matt Rhule
CAR,2022,train,Matt Rhule
CAR,2023,train,Frank Reich
CAR,2024,train,Dave Canales
CHI,1970,test,Jim Dooley
CHI,1971,test,Jim Dooley
CHI,1972,train,Abe Gibron
CHI,1973,train,Abe Gibron
CHI,1974,train,Abe Gibron
CHI,1975,train,Jack Pardee
CHI,1976,train,Jack Pardee
CHI,1977,train,Jack Pardee
CHI,1978,train,Neill Armstrong
CHI,1979,train,Neill Armstrong
CHI,1980,train,Neill Armstrong
CHI,1981,train,Neill Armstrong
CHI,1982,train,Mike Ditka
CHI,1983,train,Mike Ditka
CHI,1984,train,Mike Ditka
CHI,1985,train,Mike Ditka
CHI,1986,train,Mike Ditka
CHI,1987,train,Mike Ditka
CHI,1988,train,Mike Ditka
CHI,1989,train,Mike Ditka
CHI,1990,train,Mike Ditka
CHI,1991,train,Mike Ditka
CHI,1992,train,Mike Ditka
CHI,1993,train,Dave Wannstedt
CHI,1994,train,Dave Wannstedt
CHI,1995,train,Dave Wannstedt
CHI,1996,train,Dave Wannstedt
CHI,1997,train,Dave Wannstedt
CHI,1998,train,Dave Wannstedt
CHI,1999,test,Dick Jauron
CHI,2000,test,Dick Jauron
CHI,2001,test,Dick Jauron
CHI,2002,test,Dick Jauron
CHI,2003,test,Dick Jauron
CHI,2004,train,Lovie Smith
CHI,2005,train,Lovie Smith
CHI,2006,train,Lovie Smith
CHI,2007,train,Lovie Smith
CHI,2008,train,Lovie Smith
CHI,2009,train,Lovie Smith
CHI,2010,train,Lovie Smith
CHI,2011,train,Lovie Smith
CHI,2012,train,Lovie Smith
CHI,2013,train,Marc Trestman
CHI,2014,train,Marc Trestman
CHI,2015,test,John Fox
CHI,2016,test,John Fox
CHI,2017,test,John Fox
CHI,2018,train,Matt Nagy
CHI,2019,train,Matt Nagy
CHI,2020,train,Matt Nagy
CHI,2021,train,Matt Nagy
CHI,2022,train,Matt Eberflus
CHI,2023,train,Matt Eberflus
CHI,2024,train,Matt Eberflus
CIN,1970,train,Paul Brown
CIN,1971,train,Paul Brown
CIN,1972,train,Paul Brown
CIN,1973,train,Paul Brown
CIN,1974,train,Paul Brown
CIN,1975,train,Paul Brown
CIN,1976,train,Bill Johnson
CIN,1977,train,Bill Johnson
CIN,1978,train,Bill Johnson
CIN,1979,train,Homer Rice
CIN,1980,train,Forrest Gregg
CIN,1981,train,Forrest Gregg
CIN,1982,train,Forrest Gregg
CIN,1983,train,Forrest Gregg
CIN,1984,train,Sam Wyche
CIN,1985,train,Sam Wyche
CIN,1986,train,Sam Wyche
CIN,1987,train,Sam Wyche
CIN,1988,train,Sam Wyche
CIN,1989,train,Sam Wyche
CIN,1990,train,Sam Wyche
CIN,1991,train,Sam Wyche
CIN,1992,train,David Shula
CIN,1993,train,David Shula
CIN,1994,train,David Shula
CIN,1995,train,David Shula
CIN,1996,train,David Shula
CIN,1997,train,Bruce Coslet
CIN,1998,train,Bruce Coslet
CIN,1999,train,Bruce Coslet
CIN,2000,train,Bruce Coslet
CIN,2001,train,Dick LeBeau
CIN,2002,train,Dick LeBeau
CIN,2003,train,Marvin Lewis
CIN,2004,train,Marvin Lewis
CIN,2005,train,Marvin Lewis
CIN,2006,train,Marvin Lewis
CIN,2007,train,Marvin Lewis
CIN,2008,train,Marvin Lewis
CIN,2009,train,Marvin Lewis
CIN,2010,train,Marvin Lewis
CIN,2011,train,Marvin Lewis
CIN,2012,train,Marvin Lewis
CIN,2013,train,Marvin Lewis
CIN,2014,train,Marvin Lewis
CIN,2015,train,Marvin Lewis
CIN,2016,train,Marvin Lewis
CIN,2017,train,Marvin Lewis
CIN,2018,train,Marvin Lewis
CIN,2019,train,Zac Taylor
CIN,2020,train,Zac Taylor
CIN,2021,train,Zac Taylor
CIN,2022,train,Zac Taylor
CIN,2023,train,Zac Taylor
CIN,2024,train,Zac Taylor
CLE,1970,train,Blanton Collier
CLE,1971,train,Nick Skorich
CLE,1972,train,Nick Skorich
CLE,1973,train,Nick Skorich
CLE,1974,train,Nick Skorich
CLE,1975,train,Forrest Gregg
CLE,1976,train,Forrest Gregg
CLE,1977,train,Forrest Gregg
CLE,1978,train,Sam Rutigliano
CLE,1979,train,Sam Rutigliano
CLE,1980,train,Sam Rutigliano
CLE,1981,train,Sam Rutigliano
CLE,1982,train,Sam Rutigliano
CLE,1983,train,Sam Rutigliano
CLE,1984,train,Sam Rutigliano
CLE,1985,train,Marty Schottenheimer
CLE,1986,train,Marty Schottenheimer
CLE,1987,train,Marty Schottenheimer
CLE,1988,train,Marty Schottenheimer
CLE,1989,train,Bud Carson
CLE,1990,train,Bud Carson
CLE,1991,test,Bill Belichick
CLE,1992,test,Bill Belichick
CLE,1993,test,Bill Belichick
CLE,1994,test,Bill Belichick
CLE,1995,test,Bill Belichick
CLE,1999,test,Chris Palmer
CLE,2000,test,Chris Palmer
CLE,2001,train,Butch Davis
CLE,2002,train,Butch Davis
CLE,2003,train,Butch Davis
CLE,2004,train,Butch Davis
CLE,2005,train,Romeo Crennel
CLE,2006,train,Romeo Crennel
CLE,2007,train,Romeo Crennel
CLE,2008,train,Romeo Crennel
CLE,2009,train,Eric Mangini
CLE,2010,train,Eric Mangini
CLE,2011,test,Pat Shurmur
CLE,2012,test,Pat Shurmur
CLE,2013,train,Rob Chudzinski
CLE,2014,train,Mike Pettine
CLE,2015,train,Mike Pettine
CLE,2016,test,Hue Jackson
CLE,2017,test,Hue Jackson
CLE,2018,test,Hue Jackson
CLE,2019,train,Freddie Kitchens
CLE,2020,train,Kevin Stefanski
CLE,2021,train,Kevin Stefanski
CLE,2022,train,Kevin Stefanski
CLE,2023,train,Kevin Stefanski
CLE,2024,train,Kevin Stefanski
CLT,1970,train,Don McCafferty
CLT,1971,train,Don McCafferty
CLT,1972,train,Don McCafferty
CLT,1973,train,Howard Schnellenberger
CLT,1974,train,Howard Schnellenberger
CLT,1975,train,Ted Marchibroda
CLT,1976,train,Ted Marchibroda
CLT,1977,train,Ted Marchibroda
CLT,1978,train,Ted Marchibroda
CLT,1979,train,Ted Marchibroda
CLT,1980,train,Mike McCormack
CLT,1981,train,Mike McCormack
CLT,1982,train,Frank Kush
CLT,1983,train,Frank Kush
CLT,1984,train,Frank Kush
CLT,1985,train,Rod Dowhower
CLT,1986,train,Rod Dowhower
CLT,1987,train,Ron Meyer
CLT,1988,train,Ron Meyer
CLT,1989,train,Ron Meyer
CLT,1990,train,Ron Meyer
CLT,1991,train,Ron Meyer
CLT,1992,train,Ted Marchibroda
CLT,1993,train,Ted Marchibroda
CLT,1994,train,Ted Marchibroda
CLT,1995,train,Ted Marchibroda
CLT,1996,train,Lindy Infante
CLT,1997,train,Lindy Infante
CLT,1998,train,Jim Mora Sr
CLT,1999,train,Jim Mora Sr
CLT,2000,train,Jim Mora Sr
CLT,2001,train,Jim Mora Sr
CLT,2002,train,Tony Dungy
CLT,2003,train,Tony Dungy
CLT,2004,train,Tony Dungy
CLT,2005,train,Tony Dungy
CLT,2006,train,Tony Dungy
CLT,2007,train,Tony Dungy
CLT,2008,train,Tony Dungy
CLT,2009,train,Jim Caldwell
CLT,2010,train,Jim Caldwell
CLT,2011,train,Jim Caldwell
CLT,2012,train,Chuck Pagano
CLT,2013,train,Chuck Pagano
CLT,2014,train,Chuck Pagano
CLT,2015,train,Chuck Pagano
CLT,2016,train,Chuck Pagano
CLT,2017,train,Chuck Pagano
CLT,2018,train,Frank Reich
CLT,2019,train,Frank Reich
CLT,2020,train,Frank Reich
CLT,2021,train,Frank Reich
CLT,2022,train,Frank Reich
CLT,2023,train,Shane Steichen
CLT,2024,train,Shane Steichen
CRD,1970,train,Charley Winner
CRD,1971,test,Bob Hollway
CRD,1972,test,Bob Hollway
CRD,1973,train,Don Coryell
CRD,1974,train,Don Coryell
CRD,1975,train,Don Coryell
CRD,1976,train,Don Coryell
CRD,1977,train,Don Coryell
CRD,1978,train,Bud Wilkinson
CRD,1979,train,Bud Wilkinson
CRD,1980,test,Jim Hanifan
CRD,1981,test,Jim Hanifan
CRD,1982,test,Jim Hanifan
CRD,1983,test,Jim Hanifan
CRD,1984,test,Jim Hanifan
CRD,1985,test,Jim Hanifan
CRD,1986,test,Gene Stallings
CRD,1987,test,Gene Stallings
CRD,1988,test,Gene Stallings
CRD,1989,test,Gene Stallings
CRD,1990,train,Joe Bugel
CRD,1991,train,Joe Bugel
CRD,1992,train,Joe Bugel
CRD,1993,train,Joe Bugel
CRD,1994,train,Buddy Ryan
CRD,1995,train,Buddy Ryan
CRD,1996,train,Vince Tobin
CRD,1997,train,Vince Tobin
CRD,1998,train,Vince Tobin
CRD,1999,train,Vince Tobin
CRD,2000,train,Vince Tobin
CRD,2001,test,Dave McGinnis
CRD,2002,test,Dave McGinnis
CRD,2003,test,Dave McGinnis
CRD,2004,test,Dennis Green
CRD,2005,test,Dennis Green
CRD,2006,test,Dennis Green
CRD,2007,train,Ken Whisenhunt
CRD,2008,train,Ken Whisenhunt
CRD,2009,train,Ken Whisenhunt
CRD,2010,train,Ken Whisenhunt
CRD,2011,train,Ken Whisenhunt
CRD,2012,train,Ken Whisenhunt
CRD,2013,train,Bruce Arians
CRD,2014,train,Bruce Arians
CRD,2015,train,Bruce Arians
CRD,2016,train,Bruce Arians
CRD,2017,train,Bruce Arians
CRD,2018,train,Steve Wilks
CRD,2019,test,Kliff Kingsbury
CRD,2020,test,Kliff Kingsbury
CRD,2021,test,Kliff Kingsbury
CRD,2022,test,Kliff Kingsbury
CRD,2023,train,Jonathan Gannon
CRD,2024,train,Jonathan Gannon
DAL,1970,train,Tom Landry
DAL,1971,train,Tom Landry
DAL,1972,train,Tom Landry
DAL,1973,train,Tom Landry
DAL,1974,train,Tom Landry
DAL,1975,train,Tom Landry
DAL,1976,train,Tom Landry
DAL,1977,train,Tom Landry
DAL,1978,train,Tom Landry
DAL,1979,train,Tom Landry
DAL,1980,train,Tom Landry
DAL,1981,train,Tom Landry
DAL,1982,train,Tom Landry
DAL,1983,train,Tom Landry
DAL,1984,train,Tom Landry
DAL,1985,train,Tom Landry
DAL,1986,train,Tom Landry
DAL,1987,train,Tom Landry
DAL,1988,train,Tom Landry
DAL,1989,train,Jimmy Johnson
DAL,1990,train,Jimmy Johnson
DAL,1991,train,Jimmy Johnson
DAL,1992,train,Jimmy Johnson
DAL,1993,train,Jimmy Johnson
DAL,1994,train,Barry Switzer
DAL,1995,train,Barry Switzer
DAL,1996,train,Barry Switzer
DAL,1997,train,Barry Switzer
DAL,1998,test,Chan Gailey
DAL,1999,test,Chan Gailey
DAL,2000,train,Dave Campo
DAL,2001,train,Dave Campo
DAL,2002,train,Dave Campo
DAL,2003,train,Bill Parcells
DAL,2004,train,Bill Parcells
DAL,2005,train,Bill Parcells
DAL,2006,train,Bill Parcells
DAL,2007,train,Wade Phillips
DAL,2008,train,Wade Phillips
DAL,2009,train,Wade Phillips
DAL,2010,train,Wade Phillips
DAL,2011,train,Jason Garrett
DAL,2012,train,Jason Garrett
DAL,2013,train,Jason Garrett
DAL,2014,train,Jason Garrett
DAL,2015,train,Jason Garrett
DAL,2016,train,Jason Garrett
DAL,2017,train,Jason Garrett
DAL,2018,train,Jason Garrett
DAL,2019,train,Jason Garrett
DAL,2020,test,Mike McCarthy
DAL,2021,test,Mike McCarthy
DAL,2022,test,Mike McCarthy
DAL,2023,test,Mike McCarthy
DAL,2024,test,Mike McCarthy
DEN,1970,train,Lou Saban
DEN,1971,train,Lou Saban
DEN,1972,train,John Ralston
DEN,1973,train,John Ralston
DEN,1974,train,John Ralston
DEN,1975,train,John Ralston
DEN,1976,train,John Ralston
DEN,1977,test,Red Miller
DEN,1978,test,Red Miller
DEN,1979,test,Red Miller
DEN,1980,test,Red Miller
DEN,1981,train,Dan Reeves
DEN,1982,train,Dan Reeves
DEN,1983,train,Dan Reeves
DEN,1984,train,Dan Reeves
DEN,1985,train,Dan Reeves
DEN,1986,train,Dan Reeves
DEN,1987,train,Dan Reeves
DEN,1988,train,Dan Reeves
DEN,1989,train,Dan Reeves
DEN,1990,train,Dan Reeves
DEN,1991,train,Dan Reeves
DEN,1992,train,Dan Reeves
DEN,1993,train,Wade Phillips
DEN,1994,train,Wade Phillips
DEN,1995,train,Mike Shanahan
DEN,1996,train,Mike Shanahan
DEN,1997,train,Mike Shanahan
DEN,1998,train,Mike Shanahan
DEN,1999,train,Mike Shanahan
DEN,2000,train,Mike Shanahan
DEN,2001,train,Mike Shanahan
DEN,2002,train,Mike Shanahan
DEN,2003,train,Mike Shanahan
DEN,2004,train,Mike Shanahan
DEN,2005,train,Mike Shanahan
DEN,2006,train,Mike Shanahan
DEN,2007,train,Mike Shanahan
DEN,2008,train,Mike Shanahan
DEN,2009,train,Josh McDaniels
DEN,2010,train,Josh McDaniels
DEN,2011,test,John Fox
DEN,2012,test,John Fox
DEN,2013,test,John Fox
DEN,2014,test,John Fox
DEN,2015,train,Gary Kubiak
DEN,2016,train,Gary Kubiak
DEN,2017,train,Vance Joseph
DEN,2018,train,Vance Joseph
DEN,2019,train,Vic Fangio
DEN,2020,train,Vic Fangio
DEN,2021,train,Vic Fangio
DEN,2022,train,Nathaniel Hackett
DEN,2023,train,Sean Payton
DEN,2024,train,Sean Payton
DET,1970,train,Joe Schmidt
DET,1971,train,Joe Schmidt
DET,1972,train,Joe Schmidt
DET,1973,train,Don McCafferty
DET,1974,test,Rick Forzano
DET,1975,test,Rick Forzano
DET,1976,test,Rick Forzano
DET,1977,train,Tommy Hudspeth
DET,1978,train,Monte Clark
DET,1979,train,Monte Clark
DET,1980,train,Monte Clark
DET,1981,train,Monte Clark
DET,1982,train,Monte Clark
DET,1983,train,Monte Clark
DET,1984,train,Monte Clark
DET,1985,train,Darryl Rogers
DET,1986,train,Darryl Rogers
DET,1987,train,Darryl Rogers
DET,1988,train,Darryl Rogers
DET,1989,train,Wayne Fontes
DET,1990,train,Wayne Fontes
DET,1991,train,Wayne Fontes
DET,1992,train,Wayne Fontes
DET,1993,train,Wayne Fontes
DET,1994,train,Wayne Fontes
DET,1995,train,Wayne Fontes
DET,1996,train,Wayne Fontes
DET,1997,train,Bobby Ross
DET,1998,train,Bobby Ross
DET,1999,train,Bobby Ross
DET,2000,train,Bobby Ross
DET,2001,train,Marty Mornhinweg
DET,2002,train,Marty Mornhinweg
DET,2003,train,Steve Mariucci
DET,2004,train,Steve Mariucci
DET,2005,train,Steve Mariucci
DET,2006,train,Rod Marinelli
DET,2007,train,Rod Marinelli
DET,2008,train,Rod Marinelli
DET,2009,train,Jim Schwartz
DET,2010,train,Jim Schwartz
DET,2011,train,Jim Schwartz
DET,2012,train,Jim Schwartz
DET,2013,train,Jim Schwartz
DET,2014,train,Jim Caldwell
DET,2015,train,Jim Caldwell
DET,2016,train,Jim Caldwell
DET,2017,train,Jim Caldwell
DET,2018,train,Matt Patricia
DET,2019,train,Matt Patricia
DET,2020,train,Matt Patricia
DET,2021,train,Dan Campbell
DET,2022,train,Dan Campbell
DET,2023,train,Dan Campbell
DET,2024,train,Dan Campbell
GNB,1970,train,Phil Bengtson
GNB,1971,train,Dan Devine
GNB,1972,train,Dan Devine
GNB,1973,train,Dan Devine
GNB,1974,train,Dan Devine
GNB,1975,train,Bart Starr
GNB,1976,train,Bart Starr
GNB,1977,train,Bart Starr
GNB,1978,train,Bart Starr
GNB,1979,train,Bart Starr
GNB,1980,train,Bart Starr
GNB,1981,train,Bart Starr
GNB,1982,train,Bart Starr
GNB,1983,train,Bart Starr
GNB,1984,train,Forrest Gregg
GNB,1985,train,Forrest Gregg
GNB,1986,train,Forrest Gregg
GNB,1987,train,Forrest Gregg
GNB,1988,train,Lindy Infante
GNB,1989,train,Lindy Infante
GNB,1990,train,Lindy Infante
GNB,1991,train,Lindy Infante
GNB,1992,test,Mike Holmgren
GNB,1993,test,Mike Holmgren
GNB,1994,test,Mike Holmgren
GNB,1995,test,Mike Holmgren
GNB,1996,test,Mike Holmgren
GNB,1997,test,Mike Holmgren
GNB,1998,test,Mike Holmgren
GNB,1999,train,Ray Rhodes
GNB,2000,train,Mike Sherman
GNB,2001,train,Mike Sherman
GNB,2002,train,Mike Sherman
GNB,2003,train,Mike Sherman
GNB,2004,train,Mike Sherman
GNB,2005,train,Mike Sherman
GNB,2006,test,Mike McCarthy
GNB,2007,test,Mike McCarthy
GNB,2008,test,Mike McCarthy
GNB,2009,test,Mike McCarthy
GNB,2010,test,Mike McCarthy
GNB,2011,test,Mike McCarthy
GNB,2012,test,Mike McCarthy
GNB,2013,test,Mike McCarthy
GNB,2014,test,Mike McCarthy
GNB,2015,test,Mike McCarthy
GNB,2016,test,Mike McCarthy
GNB,2017,test,Mike McCarthy
GNB,2018,test,Mike McCarthy
GNB,2019,train,Matt LaFleur
GNB,2020,train,Matt LaFleur
GNB,2021,train,Matt LaFleur
GNB,2022,train,Matt LaFleur
GNB,2023,train,Matt LaFleur
GNB,2024,train,Matt LaFleur
HTX,2002,train,Dom Capers
HTX,2003,train,Dom Capers
HTX,2004,train,Dom Capers
HTX,2005,train,Dom Capers
HTX,2006,train,Gary Kubiak
HTX,2007,train,Gary Kubiak
HTX,2008,train,Gary Kubiak
HTX,2009,train,Gary Kubiak
HTX,2010,train,Gary Kubiak
HTX,2011,train,Gary Kubiak
HTX,2012,train,Gary Kubiak
HTX,2013,train,Gary Kubiak
HTX,2014,test,Bill O'Brien
HTX,2015,test,Bill O'Brien
HTX,2016,test,Bill O'Brien
HTX,2017,test,Bill O'Brien
HTX,2018,test,Bill O'Brien
HTX,2019,test,Bill O'Brien
HTX,2020,test,Bill O'Brien
HTX,2021,train,David Culley
HTX,2022,train,Lovie Smith
HTX,2023,train,DeMeco Ryans
HTX,2024,train,DeMeco Ryans
JAX,1995,train,Tom Coughlin
JAX,1996,train,Tom Coughlin
JAX,1997,train,Tom Coughlin
JAX,1998,train,Tom Coughlin
JAX,1999,train,Tom Coughlin
JAX,2000,train,Tom Coughlin
JAX,2001,train,Tom Coughlin
JAX,2002,train,Tom Coughlin
JAX,2003,train,Jack Del Rio
JAX,2004,train,Jack Del Rio
JAX,2005,train,Jack Del Rio
JAX,2006,train,Jack Del Rio
JAX,2007,train,Jack Del Rio
JAX,2008,train,Jack Del Rio
JAX,2009,train,Jack Del Rio
JAX,2010,train,Jack Del Rio
JAX,2011,train,Jack Del Rio
JAX,2012,train,Mike Mularkey
JAX,2013,train,Gus Bradley
JAX,2014,train,Gus Bradley
JAX,2015,train,Gus Bradley
JAX,2016,train,Gus Bradley
JAX,2017,train,Doug Marrone
JAX,2018,train,Doug Marrone
JAX,2019,train,Doug Marrone
JAX,2020,train,Doug Marrone
JAX,2021,train,Urban Meyer
JAX,2022,test,Doug Pederson
JAX,2023,test,Doug Pederson
JAX,2024,test,Doug Pederson
KAN,1970,train,Hank Stram
KAN,1971,train,Hank Stram
KAN,1972,train,Hank Stram
KAN,1973,train,Hank Stram
KAN,1974,train,Hank Stram
KAN,1975,train,Paul Wiggin
KAN,1976,train,Paul Wiggin
KAN,1977,train,Paul Wiggin
KAN,1978,train,Marv Levy
KAN,1979,train,Marv Levy
KAN,1980,train,Marv Levy
KAN,1981,train,Marv Levy
KAN,1982,train,Marv Levy
KAN,1983,train,John Mackovic
KAN,1984,train,John Mackovic
KAN,1985,train,John Mackovic
KAN,1986,train,John Mackovic
KAN,1987,train,Frank Gansz
KAN,1988,train,Frank Gansz
KAN,1989,train,Marty Schottenheimer
KAN,1990,train,Marty Schottenheimer
KAN,1991,train,Marty Schottenheimer
KAN,1992,train,Marty Schottenheimer
KAN,1993,train,Marty Schottenheimer
KAN,1994,train,Marty Schottenheimer
KAN,1995,train,Marty Schottenheimer
KAN,1996,train,Marty Schottenheimer
KAN,1997,train,Marty Schottenheimer
KAN,1998,train,Marty Schottenheimer
KAN,1999,train,Gunther Cunningham
KAN,2000,train,Gunther Cunningham
KAN,2001,train,Dick Vermeil
KAN,2002,train,Dick Vermeil
KAN,2003,train,Dick Vermeil
KAN,2004,train,Dick Vermeil
KAN,2005,train,Dick Vermeil
KAN,2006,train,Herm Edwards
KAN,2007,train,Herm Edwards
KAN,2008,train,Herm Edwards
KAN,2009,train,Todd Haley
KAN,2010,train,Todd Haley
KAN,2011,train,Todd Haley
KAN,2012,train,Romeo Crennel
KAN,2013,train,Andy Reid
KAN,2014,train,Andy Reid
KAN,2015,train,Andy Reid
KAN,2016,train,Andy Reid
KAN,2017,train,Andy Reid
KAN,2018,train,Andy Reid
KAN,2019,train,Andy Reid
KAN,2020,train,Andy Reid
KAN,2021,train,Andy Reid
KAN,2022,train,Andy Reid
KAN,2023,train,Andy Reid
KAN,2024,train,Andy Reid
MIA,1970,test,Don Shula
MIA,1971,test,Don Shula
MIA,1972,test,Don Shula
MIA,1973,test,Don Shula
MIA,1974,test,Don Shula
MIA,1975,test,Don Shula
MIA,1976,test,Don Shula
MIA,1977,test,Don Shula
MIA,1978,test,Don Shula
MIA,1979,test,Don Shula
MIA,1980,test,Don Shula
MIA,1981,test,Don Shula
MIA,1982,test,Don Shula
MIA,1983,test,Don Shula
MIA,1984,test,Don Shula
MIA,1985,test,Don Shula
MIA,1986,test,Don Shula
MIA,1987,test,Don Shula
MIA,1988,test,Don Shula
MIA,1989,test,Don Shula
MIA,1990,test,Don Shula
MIA,1991,test,Don Shula
MIA,1992,test,Don Shula
MIA,1993,test,Don Shula
MIA,1994,test,Don Shula
MIA,1995,test,Don Shula
MIA,1996,train,Jimmy Johnson
MIA,1997,train,Jimmy Johnson
MIA,1998,train,Jimmy Johnson
MIA,1999,train,Jimmy Johnson
MIA,2000,train,Dave Wannstedt
MIA,2001,train,Dave Wannstedt
MIA,2002,train,Dave Wannstedt
MIA,2003,train,Dave Wannstedt
MIA,2004,train,Dave Wannstedt
MIA,2005,train,Nick Saban
MIA,2006,train,Nick Saban
MIA,2007,train,Cam Cameron
MIA,2008,train,Tony Sparano
MIA,2009,train,Tony Sparano
MIA,2010,train,Tony Sparano
MIA,2011,train,Tony Sparano
MIA,2012,train,Joe Philbin
MIA,2013,train,Joe Philbin
MIA,2014,train,Joe Philbin
MIA,2015,train,Joe Philbin
MIA,2016,train,Adam Gase
MIA,2017,train,Adam Gase
MIA,2018,train,Adam Gase
MIA,2019,train,Brian Flores
MIA,2020,train,Brian Flores
MIA,2021,train,Brian Flores
MIA,2022,train,Mike McDaniel
MIA,2023,train,Mike McDaniel
MIA,2024,train,Mike McDaniel
MIN,1970,train,Bud Grant
MIN,1971,train,Bud Grant
MIN,1972,train,Bud Grant
MIN,1973,train,Bud Grant
MIN,1974,train,Bud Grant
MIN,1975,train,Bud Grant
MIN,1976,train,Bud Grant
MIN,1977,train,Bud Grant
MIN,1978,train,Bud Grant
MIN,1979,train,Bud Grant
MIN,1980,train,Bud Grant
MIN,1981,train,Bud Grant
MIN,1982,train,Bud Grant
MIN,1983,train,Bud Grant
MIN,1984,train,Les Steckel
MIN,1985,train,Bud Grant
MIN,1986,train,Jerry Burns
MIN,1987,train,Jerry Burns
MIN,1988,train,Jerry Burns
MIN,1989,train,Jerry Burns
MIN,1990,train,Jerry Burns
MIN,1991,train,Jerry Burns
MIN,1992,test,Dennis Green
MIN,1993,test,Dennis Green
MIN,1994,test,Dennis Green
MIN,1995,test,Dennis Green
MIN,1996,test,Dennis Green
MIN,1997,test,Dennis Green
MIN,1998,test,Dennis Green
MIN,1999,test,Dennis Green
MIN,2000,test,Dennis Green
MIN,2001,test,Dennis Green
MIN,2002,test,Mike Tice
MIN,2003,test,Mike Tice
MIN,2004,test,Mike Tice
MIN,2005,test,Mike Tice
MIN,2006,train,Brad Childress
MIN,2007,train,Brad Childress
MIN,2008,train,Brad Childress
MIN,2009,train,Brad Childress
MIN,2010,train,Brad Childress
MIN,2011,train,Leslie Frazier
MIN,2012,train,Leslie Frazier
MIN,2013,train,Leslie Frazier
MIN,2014,train,Mike Zimmer
MIN,2015,train,Mike Zimmer
MIN,2016,train,Mike Zimmer
MIN,2017,train,Mike Zimmer
MIN,2018,train,Mike Zimmer
MIN,2019,train,Mike Zimmer
MIN,2020,train,Mike Zimmer
MIN,2021,train,Mike Zimmer
MIN,2022,train,Kevin O'Connell
MIN,2023,train,Kevin O'Connell
MIN,2024,train,Kevin O'Connell
NOR,1970,train,J.D. Roberts
NOR,1971,train,J.D. Roberts
NOR,1972,train,J.D. Roberts
NOR,1973,test,John North
NOR,1974,test,John North
NOR,1975,test,John North
NOR,1976,train,Hank Stram
NOR,1977,train,Hank Stram
NOR,1978,train,Dick Nolan
NOR,1979,train,Dick Nolan
NOR,1980,train,Dick Nolan
NOR,1981,train,Bum Phillips
NOR,1982,train,Bum Phillips
NOR,1983,train,Bum Phillips
NOR,1984,train,Bum Phillips
NOR,1985,train,Bum Phillips
NOR,1986,train,Jim Mora Sr
NOR,1987,train,Jim Mora Sr
NOR,1988,train,Jim Mora Sr
NOR,1989,train,Jim Mora Sr
NOR,1990,train,Jim Mora Sr
NOR,1991,train,Jim Mora Sr
NOR,1992,train,Jim Mora Sr
NOR,1993,train,Jim Mora Sr
NOR,1994,train,Jim Mora Sr
NOR,1995,train,Jim Mora Sr
NOR,1996,train,Jim Mora Sr
NOR,1997,train,Mike Ditka
NOR,1998,train,Mike Ditka
NOR,1999,train,Mike Ditka
NOR,2000,train,Jim Haslett
NOR,2001,train,Jim Haslett
NOR,2002,train,Jim Haslett
NOR,2003,train,Jim Haslett
NOR,2004,train,Jim Haslett
NOR,2005,train,Jim Haslett
NOR,2006,train,Sean Payton
NOR,2007,train,Sean Payton
NOR,2008,train,Sean Payton
NOR,2009,train,Sean Payton
NOR,2010,train,Sean Payton
NOR,2011,train,Sean Payton
NOR,2012,train,Joe Vitt
NOR,2013,train,Sean Payton
NOR,2014,train,Sean Payton
NOR,2015,train,Sean Payton
NOR,2016,train,Sean Payton
NOR,2017,train,Sean Payton
NOR,2018,train,Sean Payton
NOR,2019,train,Sean Payton
NOR,2020,train,Sean Payton
NOR,2021,train,Sean Payton
NOR,2022,train,Dennis Allen
NOR,2023,train,Dennis Allen
NOR,2024,train,Dennis Allen
NWE,1970,train,Clive Rush
NWE,1971,train,John Mazur
NWE,1972,train,John Mazur
NWE,1973,train,Chuck Fairbanks
NWE,1974,train,Chuck Fairbanks
NWE,1975,train,Chuck Fairbanks
NWE,1976,train,Chuck Fairbanks
NWE,1977,train,Chuck Fairbanks
NWE,1978,train,Chuck Fairbanks
NWE,1979,train,Ron Erhardt
NWE,1980,train,Ron Erhardt
NWE,1981,train,Ron Erhardt
NWE,1982,train,Ron Meyer
NWE,1983,train,Ron Meyer
NWE,1984,train,Ron Meyer
NWE,1985,train,Raymond Berry
NWE,1986,train,Raymond Berry
NWE,1987,train,Raymond Berry
NWE,1988,train,Raymond Berry
NWE,1989,train,Raymond Berry
NWE,1990,test,Rod Rust
NWE,1991,train,Dick MacPherson
NWE,1992,train,Dick MacPherson
NWE,1993,train,Bill Parcells
NWE,1994,train,Bill Parcells
NWE,1995,train,Bill Parcells
NWE,1996,train,Bill Parcells
NWE,1997,train,Pete Carroll
NWE,1998,train,Pete Carroll
NWE,1999,train,Pete Carroll
NWE,2000,test,Bill Belichick
NWE,2001,test,Bill Belichick
NWE,2002,test,Bill Belichick
NWE,2003,test,Bill Belichick
NWE,2004,test,Bill Belichick
NWE,2005,test,Bill Belichick
NWE,2006,test,Bill Belichick
NWE,2007,test,Bill Belichick
NWE,2008,test,Bill Belichick
NWE,2009,test,Bill Belichick
NWE,2010,test,Bill Belichick
NWE,2011,test,Bill Belichick
NWE,2012,test,Bill Belichick
NWE,2013,test,Bill Belichick
NWE,2014,test,Bill Belichick
NWE,2015,test,Bill Belichick
NWE,2016,test,Bill Belichick
NWE,2017,test,Bill Belichick
NWE,2018,test,Bill Belichick
NWE,2019,test,Bill Belichick
NWE,2020,test,Bill Belichick
NWE,2021,test,Bill Belichick
NWE,2022,test,Bill Belichick
NWE,2023,test,Bill Belichick
NWE,2024,test,Jerod Mayo
NYG,1970,train,Alex Webster
NYG,1971,train,Alex Webster
NYG,1972,train,Alex Webster
NYG,1973,train,Alex Webster
NYG,1974,train,Bill Arnsparger
NYG,1975,train,Bill Arnsparger
NYG,1976,train,Bill Arnsparger
NYG,1977,train,John McVay
NYG,1978,train,John McVay
NYG,1979,train,Ray Perkins
NYG,1980,train,Ray Perkins
NYG,1981,train,Ray Perkins
NYG,1982,train,Ray Perkins
NYG,1983,train,Bill Parcells
NYG,1984,train,Bill Parcells
NYG,1985,train,Bill Parcells
NYG,1986,train,Bill Parcells
NYG,1987,train,Bill Parcells
NYG,1988,train,Bill Parcells
NYG,1989,train,Bill Parcells
NYG,1990,train,Bill Parcells
NYG,1991,test,Ray Handley
NYG,1992,test,Ray Handley
NYG,1993,train,Dan Reeves
NYG,1994,train,Dan Reeves
NYG,1995,train,Dan Reeves
NYG,1996,train,Dan Reeves
NYG,1997,test,Jim Fassel
NYG,1998,test,Jim Fassel
NYG,1999,test,Jim Fassel
NYG,2000,test,Jim Fassel
NYG,2001,test,Jim Fassel
NYG,2002,test,Jim Fassel
NYG,2003,test,Jim Fassel
NYG,2004,train,Tom Coughlin
NYG,2005,train,Tom Coughlin
NYG,2006,train,Tom Coughlin
NYG,2007,train,Tom Coughlin
NYG,2008,train,Tom Coughlin
NYG,2009,train,Tom Coughlin
NYG,2010,train,Tom Coughlin
NYG,2011,train,Tom Coughlin
NYG,2012,train,Tom Coughlin
NYG,2013,train,Tom Coughlin
NYG,2014,train,Tom Coughlin
NYG,2015,train,Tom Coughlin
NYG,2016,train,Ben McAdoo
NYG,2017,train,Ben McAdoo
NYG,2018,test,Pat Shurmur
NYG,2019,test,Pat Shurmur
NYG,2020,train,Joe Judge
NYG,2021,train,Joe Judge
NYG,2022,train,Brian Daboll
NYG,2023,train,Brian Daboll
NYG,2024,train,Brian Daboll
NYJ,1970,test,Weeb Ewbank
NYJ,1971,test,Weeb Ewbank
NYJ,1972,test,Weeb Ewbank
NYJ,1973,test,Weeb Ewbank
NYJ,1974,train,Charley Winner
NYJ,1975,train,Charley Winner
NYJ,1976,test,Lou Holtz
NYJ,1977,test,Walt Michaels
NYJ,1978,test,Walt Michaels
NYJ,1979,test,Walt Michaels
NYJ,1980,test,Walt Michaels
NYJ,1981,test,Walt Michaels
NYJ,1982,test,Walt Michaels
NYJ,1983,train,Joe Walton
NYJ,1984,train,Joe Walton
NYJ,1985,train,Joe Walton
NYJ,1986,train,Joe Walton
NYJ,1987,train,Joe Walton
NYJ,1988,train,Joe Walton
NYJ,1989,train,Joe Walton
NYJ,1990,train,Bruce Coslet
NYJ,1991,train,Bruce Coslet
NYJ,1992,train,Bruce Coslet
NYJ,1993,train,Bruce Coslet
NYJ,1994,train,Pete Carroll
NYJ,1995,test,Rich Kotite
NYJ,1996,test,Rich Kotite
NYJ,1997,train,Bill Parcells
NYJ,1998,train,Bill Parcells
NYJ,1999,train,Bill Parcells
NYJ,2000,train,Al Groh
NYJ,2001,train,Herm Edwards
NYJ,2002,train,Herm Edwards
NYJ,2003,train,Herm Edwards
NYJ,2004,train,Herm Edwards
NYJ,2005,train,Herm Edwards
NYJ,2006,train,Eric Mangini
NYJ,2007,train,Eric Mangini
NYJ,2008,train,Eric Mangini
NYJ,2009,train,Rex Ryan
NYJ,2010,train,Rex Ryan
NYJ,2011,train,Rex Ryan
NYJ,2012,train,Rex Ryan
NYJ,2013,train,Rex Ryan
NYJ,2014,train,Rex Ryan
NYJ,2015,test,Todd Bowles
NYJ,2016,test,Todd Bowles
NYJ,2017,test,Todd Bowles
NYJ,2018,test,Todd Bowles
NYJ,2019,train,Adam Gase
NYJ,2020,train,Adam Gase
NYJ,2021,train,Robert Saleh
NYJ,2022,train,Robert Saleh
NYJ,2023,train,Robert Saleh
NYJ,2024,train,Robert Saleh
OTI,1970,train,Wally Lemm
OTI,1971,train,Ed Hughes
OTI,1972,train,Bill Peterson
OTI,1973,train,Bill Peterson
OTI,1974,test,Sid Gillman
OTI,1975,train,Bum Phillips
OTI,1976,train,Bum Phillips
OTI,1977,train,Bum Phillips
OTI,1978,train,Bum Phillips
OTI,1979,train,Bum Phillips
OTI,1980,train,Bum Phillips
OTI,1981,train,Ed Biles
OTI,1982,train,Ed Biles
OTI,1983,train,Ed Biles
OTI,1984,train,Hugh Campbell
OTI,1985,train,Hugh Campbell
OTI,1986,train,Jerry Glanville
OTI,1987,train,Jerry Glanville
OTI,1988,train,Jerry Glanville
OTI,1989,train,Jerry Glanville
OTI,1990,train,Jack Pardee
OTI,1991,train,Jack Pardee
OTI,1992,train,Jack Pardee
OTI,1993,train,Jack Pardee
OTI,1994,train,Jack Pardee
OTI,1995,train,Jeff Fisher
OTI,1996,train,Jeff Fisher
OTI,1997,train,Jeff Fisher
OTI,1998,train,Jeff Fisher
OTI,1999,train,Jeff Fisher
OTI,2000,train,Jeff Fisher
OTI,2001,train,Jeff Fisher
OTI,2002,train,Jeff Fisher
OTI,2003,train,Jeff Fisher
OTI,2004,train,Jeff Fisher
OTI,2005,train,Jeff Fisher
OTI,2006,train,Jeff Fisher
OTI,2007,train,Jeff Fisher
OTI,2008,train,Jeff Fisher
OTI,2009,train,Jeff Fisher
OTI,2010,train,Jeff Fisher
OTI,2011,train,Mike Munchak
OTI,2012,train,Mike Munchak
OTI,2013,train,Mike Munchak
OTI,2014,train,Ken Whisenhunt
OTI,2015,train,Ken Whisenhunt
OTI,2016,train,Mike Mularkey
OTI,2017,train,Mike Mularkey
OTI,2018,train,Mike Vrabel
OTI,2019,train,Mike Vrabel
OTI,2020,train,Mike Vrabel
OTI,2021,train,Mike Vrabel
OTI,2022,train,Mike Vrabel
OTI,2023,train,Mike Vrabel
OTI,2024,test,Brian Callahan
PHI,1970,test,Jerry Williams
PHI,1971,test,Jerry Williams
PHI,1972,test,Ed Khayat
PHI,1973,train,Mike McCormack
PHI,1974,train,Mike McCormack
PHI,1975,train,Mike McCormack
PHI,1976,train,Dick Vermeil
PHI,1977,train,Dick Vermeil
PHI,1978,train,Dick Vermeil
PHI,1979,train,Dick Vermeil
PHI,1980,train,Dick Vermeil
PHI,1981,train,Dick Vermeil
PHI,1982,train,Dick Vermeil
PHI,1983,train,Marion Campbell
PHI,1984,train,Marion Campbell
PHI,1985,train,Marion Campbell
PHI,1986,train,Buddy Ryan
PHI,1987,train,Buddy Ryan
PHI,1988,train,Buddy Ryan
PHI,1989,train,Buddy Ryan
PHI,1990,train,Buddy Ryan
PHI,1991,test,Rich Kotite
PHI,1992,test,Rich Kotite
PHI,1993,test,Rich Kotite
PHI,1994,test,Rich Kotite
PHI,1995,train,Ray Rhodes
PHI,1996,train,Ray Rhodes
PHI,1997,train,Ray Rhodes
PHI,1998,train,Ray Rhodes
PHI,1999,train,Andy Reid
PHI,2000,train,Andy Reid
PHI,2001,train,Andy Reid
PHI,2002,train,Andy Reid
PHI,2003,train,Andy Reid
PHI,2004,train,Andy Reid
PHI,2005,train,Andy Reid
PHI,2006,train,Andy Reid
PHI,2007,train,Andy Reid
PHI,2008,train,Andy Reid
PHI,2009,train,Andy Reid
PHI,2010,train,Andy Reid
PHI,2011,train,Andy Reid
PHI,2012,train,Andy Reid
PHI,2013,test,Chip Kelly
PHI,2014,test,Chip Kelly
PHI,2015,test,Chip Kelly
PHI,2016,test,Doug Pederson
PHI,2017,test,Doug Pederson
PHI,2018,test,Doug Pederson
PHI,2019,test,Doug Pederson
PHI,2020,test,Doug Pederson
PHI,2021,train,Nick Sirianni
PHI,2022,train,Nick Sirianni
PHI,2023,train,Nick Sirianni
PHI,2024,train,Nick Sirianni
PIT,1970,train,Chuck Noll
PIT,1971,train,Chuck Noll
PIT,1972,train,Chuck Noll
PIT,1973,train,Chuck Noll
PIT,1974,train,Chuck Noll
PIT,1975,train,Chuck Noll
PIT,1976,train,Chuck Noll
PIT,1977,train,Chuck Noll
PIT,1978,train,Chuck Noll
PIT,1979,train,Chuck Noll
PIT,1980,train,Chuck Noll
PIT,1981,train,Chuck Noll
PIT,1982,train,Chuck Noll
PIT,1983,train,Chuck Noll
PIT,1984,train,Chuck Noll
PIT,1985,train,Chuck Noll
PIT,1986,train,Chuck Noll
PIT,1987,train,Chuck Noll
PIT,1988,train,Chuck Noll
PIT,1989,train,Chuck Noll
PIT,1990,train,Chuck Noll
PIT,1991,train,Chuck Noll
PIT,1992,train,Bill Cowher
PIT,1993,train,Bill Cowher
PIT,1994,train,Bill Cowher
PIT,1995,train,Bill Cowher
PIT,1996,train,Bill Cowher
PIT,1997,train,Bill Cowher
PIT,1998,train,Bill Cowher
PIT,1999,train,Bill Cowher
PIT,2000,train,Bill Cowher
PIT,2001,train,Bill Cowher
PIT,2002,train,Bill Cowher
PIT,2003,train,Bill Cowher
PIT,2004,train,Bill Cowher
PIT,2005,train,Bill Cowher
PIT,2006,train,Bill Cowher
PIT,2007,train,Mike Tomlin
PIT,2008,train,Mike Tomlin
PIT,2009,train,Mike Tomlin
PIT,2010,train,Mike Tomlin
PIT,2011,train,Mike Tomlin
PIT,2012,train,Mike Tomlin
PIT,2013,train,Mike Tomlin
PIT,2014,train,Mike Tomlin
PIT,2015,train,Mike Tomlin
PIT,2016,train,Mike Tomlin
PIT,2017,train,Mike Tomlin
PIT,2018,train,Mike Tomlin
PIT,2019,train,Mike Tomlin
PIT,2020,train,Mike Tomlin
PIT,2021,train,Mike Tomlin
PIT,2022,train,Mike Tomlin
PIT,2023,train,Mike Tomlin
PIT,2024,train,Mike Tomlin
RAI,1970,train,John Madden
RAI,1971,train,John Madden
RAI,1972,train,John Madden
RAI,1973,train,John Madden
RAI,1974,train,John Madden
RAI,1975,train,John Madden
RAI,1976,train,John Madden
RAI,1977,train,John Madden
RAI,1978,train,John Madden
RAI,1979,train,Tom Flores
RAI,1980,train,Tom Flores
RAI,1981,train,Tom Flores
RAI,1982,train,Tom Flores
RAI,1983,train,Tom Flores
RAI,1984,train,Tom Flores
RAI,1985,train,Tom Flores
RAI,1986,train,Tom Flores
RAI,1987,train,Tom Flores
RAI,1988,train,Mike Shanahan
RAI,1989,train,Mike Shanahan
RAI,1990,train,Art Shell
RAI,1991,train,Art Shell
RAI,1992,train,Art Shell
RAI,1993,train,Art Shell
RAI,1994,train,Art Shell
RAI,1995,test,Mike White
RAI,1996,test,Mike White
RAI,1997,train,Joe Bugel
RAI,1998,train,Jon Gruden
RAI,1999,train,Jon Gruden
RAI,2000,train,Jon Gruden
RAI,2001,train,Jon Gruden
RAI,2002,train,Bill Callahan
RAI,2003,train,Bill Callahan
RAI,2004,test,Norv Turner
RAI,2005,test,Norv Turner
RAI,2006,train,Art Shell
RAI,2007,train,Lane Kiffin
RAI,2008,train,Lane Kiffin
RAI,2009,test,Tom Cable
RAI,2010,test,Tom Cable
RAI,2011,test,Hue Jackson
RAI,2012,train,Dennis Allen
RAI,2013,train,Dennis Allen
RAI,2014,train,Dennis Allen
RAI,2015,train,Jack Del Rio
RAI,2016,train,Jack Del Rio
RAI,2017,train,Jack Del Rio
RAI,2018,train,Jon Gruden
RAI,2019,train,Jon Gruden
RAI,2020,train,Jon Gruden
RAI,2021,train,Jon Gruden
RAI,2022,train,Josh McDaniels
RAI,2023,train,Josh McDaniels
RAI,2024,train,Antonio Pierce
RAM,1970,train,George Allen
RAM,1971,train,Tommy Prothro
RAM,1972,train,Tommy Prothro
RAM,1973,train,Chuck Knox
RAM,1974,train,Chuck Knox
RAM,1975,train,Chuck Knox
RAM,1976,train,Chuck Knox
RAM,1977,train,Chuck Knox
RAM,1978,train,Ray Malavasi
RAM,1979,train,Ray Malavasi
RAM,1980,train,Ray Malavasi
RAM,1981,train,Ray Malavasi
RAM,1982,train,Ray Malavasi
RAM,1983,train,John Robinson
RAM,1984,train,John Robinson
RAM,1985,train,John Robinson
RAM,1986,train,John Robinson
RAM,1987,train,John Robinson
RAM,1988,train,John Robinson
RAM,1989,train,John Robinson
RAM,1990,train,John Robinson
RAM,1991,train,John Robinson
RAM,1992,train,Chuck Knox
RAM,1993,train,Chuck Knox
RAM,1994,train,Chuck Knox
RAM,1995,train,Rich Brooks
RAM,1996,train,Rich Brooks
RAM,1997,train,Dick Vermeil
RAM,1998,train,Dick Vermeil
RAM,1999,train,Dick Vermeil
RAM,2000,train,Mike Martz
RAM,2001,train,Mike Martz
RAM,2002,train,Mike Martz
RAM,2003,train,Mike Martz
RAM,2004,train,Mike Martz
RAM,2005,train,Mike Martz
RAM,2006,train,Scott Linehan
RAM,2007,train,Scott Linehan
RAM,2008,train,Scott Linehan
RAM,2009,train,Steve Spagnuolo
RAM,2010,train,Steve Spagnuolo
RAM,2011,train,Steve Spagnuolo
RAM,2012,train,Jeff Fisher
RAM,2013,train,Jeff Fisher
RAM,2014,train,Jeff Fisher
RAM,2015,train,Jeff Fisher
RAM,2016,train,Jeff Fisher
RAM,2017,train,Sean McVay
RAM,2018,train,Sean McVay
RAM,2019,train,Sean McVay
RAM,2020,train,Sean McVay
RAM,2021,train,Sean McVay
RAM,2022,train,Sean McVay
RAM,2023,train,Sean McVay
RAM,2024,train,Sean McVay
RAV,1996,train,Ted Marchibroda
RAV,1997,train,Ted Marchibroda
RAV,1998,train,Ted Marchibroda
RAV,1999,train,Brian Billick
RAV,2000,train,Brian Billick
RAV,2001,train,Brian Billick
RAV,2002,train,Brian Billick
RAV,2003,train,Brian Billick
RAV,2004,train,Brian Billick
RAV,2005,train,Brian Billick
RAV,2006,train,Brian Billick
RAV,2007,train,Brian Billick
RAV,2008,train,John Harbaugh
RAV,2009,train,John Harbaugh
RAV,2010,train,John Harbaugh
RAV,2011,train,John Harbaugh
RAV,2012,train,John Harbaugh
RAV,2013,train,John Harbaugh
RAV,2014,train,John Harbaugh
RAV,2015,train,John Harbaugh
RAV,2016,train,John Harbaugh
RAV,2017,train,John Harbaugh
RAV,2018,train,John Harbaugh
RAV,2019,train,John Harbaugh
RAV,2020,train,John Harbaugh
RAV,2021,train,John Harbaugh
RAV,2022,train,John Harbaugh
RAV,2023,train,John Harbaugh
RAV,2024,train,John Harbaugh
SDG,1970,train,Charlie Waller
SDG,1971,test,Sid Gillman
SDG,1972,train,Harland Svare
SDG,1973,train,Harland Svare
SDG,1974,train,Tommy Prothro
SDG,1975,train,Tommy Prothro
SDG,1976,train,Tommy Prothro
SDG,1977,train,Tommy Prothro
SDG,1978,train,Tommy Prothro
SDG,1979,train,Don Coryell
SDG,1980,train,Don Coryell
SDG,1981,train,Don Coryell
SDG,1982,train,Don Coryell
SDG,1983,train,Don Coryell
SDG,1984,train,Don Coryell
SDG,1985,train,Don Coryell
SDG,1986,train,Don Coryell
SDG,1987,train,Al Saunders
SDG,1988,train,Al Saunders
SDG,1989,train,Dan Henning
SDG,1990,train,Dan Henning
SDG,1991,train,Dan Henning
SDG,1992,train,Bobby Ross
SDG,1993,train,Bobby Ross
SDG,1994,train,Bobby Ross
SDG,1995,train,Bobby Ross
SDG,1996,train,Bobby Ross
SDG,1997,train,Kevin Gilbride
SDG,1998,train,Kevin Gilbride
SDG,1999,train,Mike Riley
SDG,2000,train,Mike Riley
SDG,2001,train,Mike Riley
SDG,2002,train,Marty Schottenheimer
SDG,2003,train,Marty Schottenheimer
SDG,2004,train,Marty Schottenheimer
SDG,2005,train,Marty Schottenheimer
SDG,2006,train,Marty Schottenheimer
SDG,2007,test,Norv Turner
SDG,2008,test,Norv Turner
SDG,2009,test,Norv Turner
SDG,2010,test,Norv Turner
SDG,2011,test,Norv Turner
SDG,2012,test,Norv Turner
SDG,2013,test,Mike McCoy
SDG,2014,test,Mike McCoy
SDG,2015,test,Mike McCoy
SDG,2016,test,Mike McCoy
SDG,2017,test,Anthony Lynn
SDG,2018,test,Anthony Lynn
SDG,2019,test,Anthony Lynn
SDG,2020,test,Anthony Lynn
SDG,2021,train,Brandon Staley
SDG,2022,train,Brandon Staley
SDG,2023,train,Brandon Staley
SDG,2024,train,Jim Harbaugh
SEA,1976,test,Jack Patera
SEA,1977,test,Jack Patera
SEA,1978,test,Jack Patera
SEA,1979,test,Jack Patera
SEA,1980,test,Jack Patera
SEA,1981,test,Jack Patera
SEA,1982,test,Jack Patera
SEA,1983,train,Chuck Knox
SEA,1984,train,Chuck Knox
SEA,1985,train,Chuck Knox
SEA,1986,train,Chuck Knox
SEA,1987,train,Chuck Knox
SEA,1988,train,Chuck Knox
SEA,1989,train,Chuck Knox
SEA,1990,train,Chuck Knox
SEA,1991,train,Chuck Knox
SEA,1992,train,Tom Flores
SEA,1993,train,Tom Flores
SEA,1994,train,Tom Flores
SEA,1995,train,Dennis Erickson
SEA,1996,train,Dennis Erickson
SEA,1997,train,Dennis Erickson
SEA,1998,train,Dennis Erickson
SEA,1999,test,Mike Holmgren
SEA,2000,test,Mike Holmgren
SEA,2001,test,Mike Holmgren
SEA,2002,test,Mike Holmgren
SEA,2003,test,Mike Holmgren
SEA,2004,test,Mike Holmgren
SEA,2005,test,Mike Holmgren
SEA,2006,test,Mike Holmgren
SEA,2007,test,Mike Holmgren
SEA,2008,test,Mike Holmgren
SEA,2009,train,Jim Mora Jr
SEA,2010,train,Pete Carroll
SEA,2011,train,Pete Carroll
SEA,2012,train,Pete Carroll
SEA,2013,train,Pete Carroll
SEA,2014,train,Pete Carroll
SEA,2015,train,Pete Carroll
SEA,2016,train,Pete Carroll
SEA,2017,train,Pete Carroll
SEA,2018,train,Pete Carroll
SEA,2019,train,Pete Carroll
SEA,2020,train,Pete Carroll
SEA,2021,train,Pete Carroll
SEA,2022,train,Pete Carroll
SEA,2023,train,Pete Carroll
SEA,2024,train,Mike Macdonald
SFO,1970,train,Dick Nolan
SFO,1971,train,Dick Nolan
SFO,1972,train,Dick Nolan
SFO,1973,train,Dick Nolan
SFO,1974,train,Dick Nolan
SFO,1975,train,Dick Nolan
SFO,1976,train,Monte Clark
SFO,1977,train,Ken Meyer
SFO,1978,train,Pete McCulley
SFO,1979,test,Bill Walsh
SFO,1980,test,Bill Walsh
SFO,1981,test,Bill Walsh
SFO,1982,test,Bill Walsh
SFO,1983,test,Bill Walsh
SFO,1984,test,Bill Walsh
SFO,1985,test,Bill Walsh
SFO,1986,test,Bill Walsh
SFO,1987,test,Bill Walsh
SFO,1988,test,Bill Walsh
SFO,1989,train,George Seifert
SFO,1990,train,George Seifert
SFO,1991,train,George Seifert
SFO,1992,train,George Seifert
SFO,1993,train,George Seifert
SFO,1994,train,George Seifert
SFO,1995,train,George Seifert
SFO,1996,train,George Seifert
SFO,1997,train,Steve Mariucci
SFO,1998,train,Steve Mariucci
SFO,1999,train,Steve Mariucci
SFO,2000,train,Steve Mariucci
SFO,2001,train,Steve Mariucci
SFO,2002,train,Steve Mariucci
SFO,2003,train,Dennis Erickson
SFO,2004,train,Dennis Erickson
SFO,2005,train,Mike Nolan
SFO,2006,train,Mike Nolan
SFO,2007,train,Mike Nolan
SFO,2008,train,Mike Nolan
SFO,2009,test,Mike Singletary
SFO,2010,test,Mike Singletary
SFO,2011,train,Jim Harbaugh
SFO,2012,train,Jim Harbaugh
SFO,2013,train,Jim Harbaugh
SFO,2014,train,Jim Harbaugh
SFO,2015,test,Jim Tomsula
SFO,2016,test,Chip Kelly
SFO,2017,train,Kyle Shanahan
SFO,2018,train,Kyle Shanahan
SFO,2019,train,Kyle Shanahan
SFO,2020,train,Kyle Shanahan
SFO,2021,train,Kyle Shanahan
SFO,2022,train,Kyle Shanahan
SFO,2023,train,Kyle Shanahan
SFO,2024,train,Kyle Shanahan
TAM,1976,train,John McKay
TAM,1977,train,John McKay
TAM,1978,train,John McKay
TAM,1979,train,John McKay
TAM,1980,train,John McKay
TAM,1981,train,John McKay
TAM,1982,train,John McKay
TAM,1983,train,John McKay
TAM,1984,train,John McKay
TAM,1985,train,Leeman Bennett
TAM,1986,train,Leeman Bennett
TAM,1987,train,Ray Perkins
TAM,1988,train,Ray Perkins
TAM,1989,train,Ray Perkins
TAM,1990,train,Ray Perkins
TAM,1991,train,Richard Williamson
TAM,1992,train,Sam Wyche
TAM,1993,train,Sam Wyche
TAM,1994,train,Sam Wyche
TAM,1995,train,Sam Wyche
TAM,1996,train,Tony Dungy
TAM,1997,train,Tony Dungy
TAM,1998,train,Tony Dungy
TAM,1999,train,Tony Dungy
TAM,2000,train,Tony Dungy
TAM,2001,train,Tony Dungy
TAM,2002,train,Jon Gruden
TAM,2003,train,Jon Gruden
TAM,2004,train,Jon Gruden
TAM,2005,train,Jon Gruden
TAM,2006,train,Jon Gruden
TAM,2007,train,Jon Gruden
TAM,2008,train,Jon Gruden
TAM,2009,train,Raheem Morris
TAM,2010,train,Raheem Morris
TAM,2011,train,Raheem Morris
TAM,2012,test,Greg Schiano
TAM,2013,test,Greg Schiano
TAM,2014,train,Lovie Smith
TAM,2015,train,Lovie Smith
TAM,2016,train,Dirk Koetter
TAM,2017,train,Dirk Koetter
TAM,2018,train,Dirk Koetter
TAM,2019,train,Bruce Arians
TAM,2020,train,Bruce Arians
TAM,2021,train,Bruce Arians
TAM,2022,test,Todd Bowles
TAM,2023,test,Todd Bowles
TAM,2024,test,Todd Bowles
WAS,1970,train,Bill Austin
WAS,1971,train,George Allen
WAS,1972,train,George Allen
WAS,1973,train,George Allen
WAS,1974,train,George Allen
WAS,1975,train,George Allen
WAS,1976,train,George Allen
WAS,1977,train,George Allen
WAS,1978,train,Jack Pardee
WAS,1979,train,Jack Pardee
WAS,1980,train,Jack Pardee
WAS,1981,train,Joe Gibbs
WAS,1982,train,Joe Gibbs
WAS,1983,train,Joe Gibbs
WAS,1984,train,Joe Gibbs
WAS,1985,train,Joe Gibbs
WAS,1986,train,Joe Gibbs
WAS,1987,train,Joe Gibbs
WAS,1988,train,Joe Gibbs
WAS,1989,train,Joe Gibbs
WAS,1990,train,Joe Gibbs
WAS,1991,train,Joe Gibbs
WAS,1992,train,Joe Gibbs
WAS,1993,test,Richie Petitbon
WAS,1994,test,Norv Turner
WAS,1995,test,Norv Turner
WAS,1996,test,Norv Turner
WAS,1997,test,Norv Turner
WAS,1998,test,Norv Turner
WAS,1999,test,Norv Turner
WAS,2000,test,Norv Turner
WAS,2001,train,Marty Schottenheimer
WAS,2002,test,Steve Spurrier
WAS,2003,test,Steve Spurrier
WAS,2004,train,Joe Gibbs
WAS,2005,train,Joe Gibbs
WAS,2006,train,Joe Gibbs
WAS,2007,train,Joe Gibbs
WAS,2008,train,Jim Zorn
WAS,2009,train,Jim Zorn
WAS,2010,train,Mike Shanahan
WAS,2011,train,Mike Shanahan
WAS,2012,train,Mike Shanahan
WAS,2013,train,Mike Shanahan
WAS,2014,train,Jay Gruden
WAS,2015,train,Jay Gruden
WAS,2016,train,Jay Gruden
WAS,2017,train,Jay Gruden
WAS,2018,train,Jay Gruden
WAS,2019,train,Jay Gruden
WAS,2020,train,Ron Rivera
WAS,2021,train,Ron Rivera
WAS,2022,train,Ron Rivera
WAS,2023,train,Ron Rivera
WAS,2024,train,Dan Quinn
