Team,Year,Questionable,Doubtful,Out,IR,PUP,Total_Weeks_Missed,Total_Players_Injured,Scraped_Date,Source_File,Source_Team_Dir,Combined_Date
ATL,2009,81,8,4,62,0,66,38,2025-08-17 08:42:58,atl_2009_injuries.csv,ATL,2025-08-17 09:13:21
ATL,2010,64,1,4,17,0,21,31,2025-08-15 16:43:00,atl_2010_injuries.csv,ATL,2025-08-17 09:13:21
ATL,2011,101,6,11,24,0,35,40,2025-08-15 16:43:03,atl_2011_injuries.csv,ATL,2025-08-17 09:13:21
ATL,2012,129,2,6,107,0,113,43,2025-08-15 16:43:07,atl_2012_injuries.csv,ATL,2025-08-17 09:13:21
ATL,2013,75,4,9,99,0,108,40,2025-08-15 16:43:11,atl_2013_injuries.csv,ATL,2025-08-17 09:13:21
ATL,2014,52,2,6,110,24,140,32,2025-08-15 16:43:16,atl_2014_injuries.csv,ATL,2025-08-17 09:13:21
ATL,2015,4,0,25,71,15,111,42,2025-08-15 16:43:18,atl_2015_injuries.csv,ATL,2025-08-17 09:13:21
ATL,2016,6,0,23,143,0,166,26,2025-08-15 16:43:22,atl_2016_injuries.csv,ATL,2025-08-17 09:13:21
ATL,2017,8,0,24,69,0,93,25,2025-08-15 16:43:28,atl_2017_injuries.csv,ATL,2025-08-17 09:13:21
ATL,2018,3,0,24,81,0,105,21,2025-08-15 16:43:31,atl_2018_injuries.csv,ATL,2025-08-17 09:13:21
ATL,2019,14,0,33,194,0,227,41,2025-08-15 16:43:34,atl_2019_injuries.csv,ATL,2025-08-17 09:13:21
ATL,2020,26,1,31,30,0,61,24,2025-08-15 16:43:39,atl_2020_injuries.csv,ATL,2025-08-17 09:13:21
ATL,2021,12,4,20,96,0,116,35,2025-08-15 16:43:41,atl_2021_injuries.csv,ATL,2025-08-17 09:13:21
ATL,2022,16,1,18,175,0,193,31,2025-08-15 16:43:44,atl_2022_injuries.csv,ATL,2025-08-17 09:13:21
ATL,2023,28,1,19,175,0,194,37,2025-08-15 16:43:47,atl_2023_injuries.csv,ATL,2025-08-17 09:13:21
ATL,2024,20,1,27,103,0,130,29,2025-08-15 16:43:52,atl_2024_injuries.csv,ATL,2025-08-17 09:13:21
BUF,2009,90,8,19,97,7,123,50,2025-08-17 08:44:55,buf_2009_injuries.csv,BUF,2025-08-17 09:13:21
BUF,2010,69,1,20,98,4,122,44,2025-08-15 16:22:02,buf_2010_injuries.csv,BUF,2025-08-17 09:13:21
BUF,2011,43,4,27,121,0,148,42,2025-08-15 16:22:04,buf_2011_injuries.csv,BUF,2025-08-17 09:13:21
BUF,2012,109,3,19,106,10,135,46,2025-08-15 16:22:10,buf_2012_injuries.csv,BUF,2025-08-17 09:13:21
BUF,2013,56,3,45,82,0,127,32,2025-08-15 16:22:13,buf_2013_injuries.csv,BUF,2025-08-17 09:13:21
BUF,2014,80,1,20,77,0,97,45,2025-08-15 16:22:16,buf_2014_injuries.csv,BUF,2025-08-17 09:13:21
BUF,2015,16,0,38,123,0,161,43,2025-08-15 16:22:19,buf_2015_injuries.csv,BUF,2025-08-17 09:13:21
BUF,2016,86,5,17,214,0,231,45,2025-08-15 16:22:24,buf_2016_injuries.csv,BUF,2025-08-17 09:13:21
BUF,2017,47,0,27,88,0,115,38,2025-08-15 16:22:28,buf_2017_injuries.csv,BUF,2025-08-17 09:13:21
BUF,2018,31,2,20,61,0,81,28,2025-08-15 16:22:31,buf_2018_injuries.csv,BUF,2025-08-17 09:13:21
BUF,2019,38,0,18,87,0,105,30,2025-08-15 16:22:35,buf_2019_injuries.csv,BUF,2025-08-17 09:13:21
BUF,2020,41,0,30,121,6,157,41,2025-08-15 16:22:38,buf_2020_injuries.csv,BUF,2025-08-17 09:13:21
BUF,2021,25,3,10,60,0,70,27,2025-08-15 16:22:41,buf_2021_injuries.csv,BUF,2025-08-17 09:13:21
BUF,2022,36,3,28,81,0,109,34,2025-08-15 16:22:45,buf_2022_injuries.csv,BUF,2025-08-17 09:13:21
BUF,2023,27,0,24,130,0,154,35,2025-08-15 16:22:50,buf_2023_injuries.csv,BUF,2025-08-17 09:13:21
BUF,2024,45,3,29,59,0,88,31,2025-08-15 16:22:52,buf_2024_injuries.csv,BUF,2025-08-17 09:13:21
CAR,2009,56,9,5,104,0,109,43,2025-08-17 08:43:04,car_2009_injuries.csv,CAR,2025-08-17 09:13:21
CAR,2010,82,5,6,135,7,148,46,2025-08-15 16:24:53,car_2010_injuries.csv,CAR,2025-08-17 09:13:21
CAR,2011,57,2,7,141,7,155,39,2025-08-15 16:24:57,car_2011_injuries.csv,CAR,2025-08-17 09:13:21
CAR,2012,87,6,1,134,7,142,43,2025-08-15 16:25:00,car_2012_injuries.csv,CAR,2025-08-17 09:13:21
CAR,2013,63,6,8,222,6,236,48,2025-08-15 16:25:04,car_2013_injuries.csv,CAR,2025-08-17 09:13:21
CAR,2014,87,3,27,103,8,138,49,2025-08-15 16:25:07,car_2014_injuries.csv,CAR,2025-08-17 09:13:21
CAR,2015,11,12,30,90,0,120,43,2025-08-15 16:25:10,car_2015_injuries.csv,CAR,2025-08-17 09:13:21
CAR,2016,37,1,28,153,0,181,38,2025-08-15 16:25:14,car_2016_injuries.csv,CAR,2025-08-17 09:13:21
CAR,2017,44,0,21,287,0,308,49,2025-08-15 16:25:17,car_2017_injuries.csv,CAR,2025-08-17 09:13:21
CAR,2018,13,3,24,180,0,204,36,2025-08-15 16:25:21,car_2018_injuries.csv,CAR,2025-08-17 09:13:21
CAR,2019,37,3,37,143,0,180,41,2025-08-15 16:25:25,car_2019_injuries.csv,CAR,2025-08-17 09:13:21
CAR,2020,57,19,11,118,0,129,44,2025-08-15 16:25:29,car_2020_injuries.csv,CAR,2025-08-17 09:13:21
CAR,2021,22,5,17,135,0,152,38,2025-08-15 16:25:31,car_2021_injuries.csv,CAR,2025-08-17 09:13:21
CAR,2022,54,6,22,103,0,125,45,2025-08-15 16:25:35,car_2022_injuries.csv,CAR,2025-08-17 09:13:21
CAR,2023,53,7,36,171,0,207,50,2025-08-15 16:25:38,car_2023_injuries.csv,CAR,2025-08-17 09:13:21
CAR,2024,83,13,48,103,0,151,51,2025-08-15 16:25:41,car_2024_injuries.csv,CAR,2025-08-17 09:13:21
CHI,2009,57,5,14,60,0,74,40,2025-08-17 08:38:41,chi_2009_injuries.csv,CHI,2025-08-17 09:13:21
CHI,2010,47,0,6,34,0,40,33,2025-08-15 16:26:36,chi_2010_injuries.csv,CHI,2025-08-17 09:13:21
CHI,2011,51,6,16,54,0,70,35,2025-08-15 16:26:39,chi_2011_injuries.csv,CHI,2025-08-17 09:13:21
CHI,2012,67,3,18,42,15,75,41,2025-08-15 16:26:42,chi_2012_injuries.csv,CHI,2025-08-17 09:13:21
CHI,2013,58,1,17,61,0,78,35,2025-08-15 16:26:47,chi_2013_injuries.csv,CHI,2025-08-17 09:13:21
CHI,2014,103,3,9,69,0,78,46,2025-08-15 16:26:51,chi_2014_injuries.csv,CHI,2025-08-17 09:13:21
CHI,2015,91,13,14,111,0,125,45,2025-08-15 16:26:55,chi_2015_injuries.csv,CHI,2025-08-17 09:13:21
CHI,2016,92,26,9,228,0,237,50,2025-08-15 16:27:00,chi_2016_injuries.csv,CHI,2025-08-17 09:13:21
CHI,2017,56,21,5,182,0,187,46,2025-08-15 16:27:03,chi_2017_injuries.csv,CHI,2025-08-17 09:13:21
CHI,2018,20,11,12,89,0,101,25,2025-08-15 16:27:08,chi_2018_injuries.csv,CHI,2025-08-17 09:13:21
CHI,2019,25,4,34,74,0,108,28,2025-08-15 16:27:11,chi_2019_injuries.csv,CHI,2025-08-17 09:13:21
CHI,2020,62,5,20,164,0,184,49,2025-08-15 16:27:15,chi_2020_injuries.csv,CHI,2025-08-17 09:13:21
CHI,2021,64,16,34,79,0,113,43,2025-08-15 16:27:18,chi_2021_injuries.csv,CHI,2025-08-17 09:13:21
CHI,2022,23,9,27,98,0,125,41,2025-08-15 16:27:22,chi_2022_injuries.csv,CHI,2025-08-17 09:13:21
CHI,2023,34,4,42,45,0,87,37,2025-08-15 16:27:27,chi_2023_injuries.csv,CHI,2025-08-17 09:13:21
CHI,2024,37,3,43,113,0,156,39,2025-08-15 16:50:43,chi_2024_injuries.csv,CHI,2025-08-17 09:13:21
CIN,2009,77,4,13,80,0,93,47,2025-08-17 08:43:27,cin_2009_injuries.csv,CIN,2025-08-17 09:13:21
CIN,2010,84,1,27,87,4,118,41,2025-08-15 16:18:30,cin_2010_injuries.csv,CIN,2025-08-17 09:13:21
CIN,2011,110,6,20,66,5,91,45,2025-08-15 16:18:33,cin_2011_injuries.csv,CIN,2025-08-17 09:13:21
CIN,2012,100,5,13,160,7,180,51,2025-08-15 16:18:38,cin_2012_injuries.csv,CIN,2025-08-17 09:13:21
CIN,2013,82,2,20,109,41,170,50,2025-08-15 16:18:41,cin_2013_injuries.csv,CIN,2025-08-17 09:13:21
CIN,2014,94,5,21,104,0,125,53,2025-08-15 16:18:44,cin_2014_injuries.csv,CIN,2025-08-17 09:13:21
CIN,2015,18,10,15,55,0,70,36,2025-08-15 16:18:47,cin_2015_injuries.csv,CIN,2025-08-17 09:13:21
CIN,2016,19,12,15,86,0,101,26,2025-08-15 16:18:51,cin_2016_injuries.csv,CIN,2025-08-17 09:13:21
CIN,2017,26,5,40,126,0,166,37,2025-08-15 16:18:54,cin_2017_injuries.csv,CIN,2025-08-17 09:13:21
CIN,2018,20,6,39,208,0,247,42,2025-08-15 16:18:59,cin_2018_injuries.csv,CIN,2025-08-17 09:13:21
CIN,2019,15,4,55,103,21,179,35,2025-08-15 16:19:02,cin_2019_injuries.csv,CIN,2025-08-17 09:13:21
CIN,2020,27,7,31,111,0,142,39,2025-08-15 16:19:05,cin_2020_injuries.csv,CIN,2025-08-17 09:13:21
CIN,2021,36,11,22,126,0,148,42,2025-08-15 16:19:07,cin_2021_injuries.csv,CIN,2025-08-17 09:13:21
CIN,2022,29,4,25,110,0,135,35,2025-08-15 16:19:12,cin_2022_injuries.csv,CIN,2025-08-17 09:13:21
CIN,2023,33,4,15,77,0,92,35,2025-08-15 16:19:15,cin_2023_injuries.csv,CIN,2025-08-17 09:13:21
CIN,2024,38,14,20,139,0,159,37,2025-08-15 16:51:13,cin_2024_injuries.csv,CIN,2025-08-17 09:13:21
CLE,2009,134,2,5,67,0,72,48,2025-08-17 08:40:11,cle_2009_injuries.csv,CLE,2025-08-17 09:13:21
CLE,2010,155,5,6,134,0,140,53,2025-08-15 16:28:33,cle_2010_injuries.csv,CLE,2025-08-17 09:13:21
CLE,2011,90,6,28,77,0,105,45,2025-08-15 16:28:37,cle_2011_injuries.csv,CLE,2025-08-17 09:13:21
CLE,2012,93,5,13,102,7,122,51,2025-08-15 16:28:42,cle_2012_injuries.csv,CLE,2025-08-17 09:13:21
CLE,2013,67,7,28,69,0,97,49,2025-08-15 16:28:44,cle_2013_injuries.csv,CLE,2025-08-17 09:13:21
CLE,2014,73,5,21,87,0,108,45,2025-08-15 16:28:49,cle_2014_injuries.csv,CLE,2025-08-17 09:13:21
CLE,2015,59,2,37,127,0,164,49,2025-08-15 16:28:54,cle_2015_injuries.csv,CLE,2025-08-17 09:13:21
CLE,2016,30,2,36,156,0,192,35,2025-08-15 16:28:58,cle_2016_injuries.csv,CLE,2025-08-17 09:13:21
CLE,2017,31,9,9,196,0,205,38,2025-08-15 16:29:02,cle_2017_injuries.csv,CLE,2025-08-17 09:13:21
CLE,2018,40,1,22,180,0,202,35,2025-08-15 16:29:06,cle_2018_injuries.csv,CLE,2025-08-17 09:13:21
CLE,2019,58,1,25,113,0,138,34,2025-08-15 16:29:10,cle_2019_injuries.csv,CLE,2025-08-17 09:13:21
CLE,2020,55,0,35,216,0,251,61,2025-08-15 16:29:13,cle_2020_injuries.csv,CLE,2025-08-17 09:13:21
CLE,2021,72,0,30,118,0,148,44,2025-08-15 16:29:16,cle_2021_injuries.csv,CLE,2025-08-17 09:13:21
CLE,2022,16,0,24,195,0,219,38,2025-08-15 16:29:18,cle_2022_injuries.csv,CLE,2025-08-17 09:13:21
CLE,2023,43,1,38,183,0,221,47,2025-08-15 16:29:21,cle_2023_injuries.csv,CLE,2025-08-17 09:13:21
CLE,2024,39,0,51,204,0,255,48,2025-08-15 16:50:34,cle_2024_injuries.csv,CLE,2025-08-17 09:13:21
CLT,2009,101,5,31,76,0,107,52,2025-08-17 08:44:29,clt_2009_injuries.csv,CLT,2025-08-17 09:13:21
CLT,2010,126,2,46,191,0,237,53,2025-08-15 16:31:12,clt_2010_injuries.csv,CLT,2025-08-17 09:13:21
CLT,2011,81,8,28,113,0,141,40,2025-08-15 16:31:17,clt_2011_injuries.csv,CLT,2025-08-17 09:13:21
CLT,2012,89,3,29,188,0,217,47,2025-08-15 16:31:21,clt_2012_injuries.csv,CLT,2025-08-17 09:13:21
CLT,2013,99,3,7,187,0,194,47,2025-08-15 16:31:26,clt_2013_injuries.csv,CLT,2025-08-17 09:13:21
CLT,2014,79,6,25,202,9,236,53,2025-08-15 16:31:29,clt_2014_injuries.csv,CLT,2025-08-17 09:13:21
CLT,2015,32,4,37,92,0,129,47,2025-08-15 16:31:33,clt_2015_injuries.csv,CLT,2025-08-17 09:13:21
CLT,2016,42,2,30,141,0,171,32,2025-08-15 16:31:38,clt_2016_injuries.csv,CLT,2025-08-17 09:13:21
CLT,2017,27,2,41,324,0,365,54,2025-08-15 16:31:42,clt_2017_injuries.csv,CLT,2025-08-17 09:13:21
CLT,2018,63,1,56,404,0,460,63,2025-08-15 16:31:44,clt_2018_injuries.csv,CLT,2025-08-17 09:13:21
CLT,2019,41,7,36,150,2,188,41,2025-08-15 16:31:48,clt_2019_injuries.csv,CLT,2025-08-17 09:13:21
CLT,2020,40,2,24,122,5,151,47,2025-08-15 16:31:53,clt_2020_injuries.csv,CLT,2025-08-17 09:13:21
CLT,2021,29,0,31,178,0,209,39,2025-08-15 16:31:57,clt_2021_injuries.csv,CLT,2025-08-17 09:13:21
CLT,2022,26,1,39,108,0,147,37,2025-08-15 16:32:02,clt_2022_injuries.csv,CLT,2025-08-17 09:13:21
CLT,2023,32,2,36,186,0,222,44,2025-08-15 16:32:07,clt_2023_injuries.csv,CLT,2025-08-17 09:13:21
CLT,2024,33,3,29,135,0,164,33,2025-08-15 16:32:12,clt_2024_injuries.csv,CLT,2025-08-17 09:13:21
CRD,2009,82,2,7,60,0,67,42,2025-08-17 08:43:39,crd_2009_injuries.csv,CRD,2025-08-17 09:13:21
CRD,2010,79,3,6,33,5,44,32,2025-08-15 16:38:12,crd_2010_injuries.csv,CRD,2025-08-17 09:13:21
CRD,2011,95,5,11,66,0,77,34,2025-08-15 16:38:17,crd_2011_injuries.csv,CRD,2025-08-17 09:13:21
CRD,2012,142,4,7,96,0,103,50,2025-08-15 16:38:21,crd_2012_injuries.csv,CRD,2025-08-17 09:13:21
CRD,2013,75,3,5,121,0,126,48,2025-08-15 16:38:25,crd_2013_injuries.csv,CRD,2025-08-17 09:13:21
CRD,2014,68,9,29,90,0,119,47,2025-08-15 16:38:30,crd_2014_injuries.csv,CRD,2025-08-17 09:13:21
CRD,2015,44,5,21,105,0,126,46,2025-08-15 16:38:33,crd_2015_injuries.csv,CRD,2025-08-17 09:13:21
CRD,2016,35,7,15,175,0,190,38,2025-08-15 16:38:37,crd_2016_injuries.csv,CRD,2025-08-17 09:13:21
CRD,2017,59,1,23,190,0,213,43,2025-08-15 16:38:42,crd_2017_injuries.csv,CRD,2025-08-17 09:13:21
CRD,2018,66,0,18,192,0,210,42,2025-08-15 16:38:46,crd_2018_injuries.csv,CRD,2025-08-17 09:13:21
CRD,2019,61,0,26,146,9,181,49,2025-08-15 16:38:49,crd_2019_injuries.csv,CRD,2025-08-17 09:13:21
CRD,2020,63,0,28,86,0,114,47,2025-08-15 16:38:51,crd_2020_injuries.csv,CRD,2025-08-17 09:13:21
CRD,2021,67,0,29,126,0,155,45,2025-08-15 16:38:56,crd_2021_injuries.csv,CRD,2025-08-17 09:13:21
CRD,2022,64,1,51,188,0,239,54,2025-08-15 16:38:59,crd_2022_injuries.csv,CRD,2025-08-17 09:13:21
CRD,2023,74,1,39,178,0,217,54,2025-08-15 16:39:03,crd_2023_injuries.csv,CRD,2025-08-17 09:13:21
CRD,2024,53,0,29,120,0,149,42,2025-08-15 16:50:39,crd_2024_injuries.csv,CRD,2025-08-17 09:13:21
DAL,2009,23,7,19,34,17,70,31,2025-08-17 08:43:54,dal_2009_injuries.csv,DAL,2025-08-17 09:13:21
DAL,2010,59,2,20,46,4,70,39,2025-08-15 16:22:57,dal_2010_injuries.csv,DAL,2025-08-17 09:13:21
DAL,2011,69,3,55,36,0,91,37,2025-08-15 16:23:01,dal_2011_injuries.csv,DAL,2025-08-17 09:13:21
DAL,2012,93,11,14,90,7,111,47,2025-08-15 16:23:05,dal_2012_injuries.csv,DAL,2025-08-17 09:13:21
DAL,2013,76,10,11,110,5,126,39,2025-08-15 16:23:09,dal_2013_injuries.csv,DAL,2025-08-17 09:13:21
DAL,2014,62,7,46,88,0,134,44,2025-08-15 16:23:13,dal_2014_injuries.csv,DAL,2025-08-17 09:13:21
DAL,2015,20,4,22,89,0,111,42,2025-08-15 16:23:15,dal_2015_injuries.csv,DAL,2025-08-17 09:13:21
DAL,2016,73,2,21,143,0,164,34,2025-08-15 16:23:20,dal_2016_injuries.csv,DAL,2025-08-17 09:13:21
DAL,2017,66,0,21,138,0,159,39,2025-08-15 16:23:24,dal_2017_injuries.csv,DAL,2025-08-17 09:13:21
DAL,2018,53,3,38,138,0,176,36,2025-08-15 16:23:26,dal_2018_injuries.csv,DAL,2025-08-17 09:13:21
DAL,2019,34,0,25,155,15,195,40,2025-08-15 16:23:30,dal_2019_injuries.csv,DAL,2025-08-17 09:13:21
DAL,2020,27,0,18,214,0,232,40,2025-08-15 16:23:36,dal_2020_injuries.csv,DAL,2025-08-17 09:13:21
DAL,2021,30,1,18,171,0,189,38,2025-08-15 16:23:40,dal_2021_injuries.csv,DAL,2025-08-17 09:13:21
DAL,2022,51,4,22,184,0,206,48,2025-08-15 16:23:43,dal_2022_injuries.csv,DAL,2025-08-17 09:13:21
DAL,2023,31,5,8,145,0,153,33,2025-08-15 16:23:47,dal_2023_injuries.csv,DAL,2025-08-17 09:13:21
DAL,2024,54,5,36,138,0,174,40,2025-08-15 16:23:50,dal_2024_injuries.csv,DAL,2025-08-17 09:13:21
DEN,2009,49,4,12,24,0,36,38,2025-08-17 08:42:00,den_2009_injuries.csv,DEN,2025-08-17 09:13:21
DEN,2010,72,7,17,57,0,74,37,2025-08-15 16:41:05,den_2010_injuries.csv,DEN,2025-08-17 09:13:21
DEN,2011,57,2,16,98,0,114,36,2025-08-15 16:41:13,den_2011_injuries.csv,DEN,2025-08-17 09:13:21
DEN,2012,49,3,4,138,0,142,46,2025-08-15 16:41:18,den_2012_injuries.csv,DEN,2025-08-17 09:13:21
DEN,2013,88,1,15,162,7,184,52,2025-08-15 16:41:21,den_2013_injuries.csv,DEN,2025-08-17 09:13:21
DEN,2014,66,2,18,79,0,97,49,2025-08-15 16:41:25,den_2014_injuries.csv,DEN,2025-08-17 09:13:21
DEN,2015,40,2,22,85,0,107,51,2025-08-15 16:41:29,den_2015_injuries.csv,DEN,2025-08-17 09:13:21
DEN,2016,18,0,21,74,0,95,25,2025-08-15 16:41:34,den_2016_injuries.csv,DEN,2025-08-17 09:13:21
DEN,2017,35,0,27,135,0,162,32,2025-08-15 16:41:39,den_2017_injuries.csv,DEN,2025-08-17 09:13:21
DEN,2018,21,3,26,191,0,217,38,2025-08-15 16:41:41,den_2018_injuries.csv,DEN,2025-08-17 09:13:21
DEN,2019,45,2,32,191,0,223,43,2025-08-15 16:41:44,den_2019_injuries.csv,DEN,2025-08-17 09:13:21
DEN,2020,57,3,19,199,0,218,55,2025-08-16 13:06:00,den_2020_injuries.csv,DEN,2025-08-17 09:13:21
DEN,2021,75,6,11,169,0,180,52,2025-08-15 16:41:51,den_2021_injuries.csv,DEN,2025-08-17 09:13:21
DEN,2022,67,1,50,218,0,268,58,2025-08-15 16:41:55,den_2022_injuries.csv,DEN,2025-08-17 09:13:21
DEN,2023,15,0,24,111,0,135,27,2025-08-15 16:41:58,den_2023_injuries.csv,DEN,2025-08-17 09:13:21
DEN,2024,12,1,24,67,0,91,23,2025-08-15 16:51:18,den_2024_injuries.csv,DEN,2025-08-17 09:13:21
DET,2009,98,7,5,143,0,148,48,2025-08-17 08:42:08,det_2009_injuries.csv,DET,2025-08-17 09:13:21
DET,2010,107,9,25,147,5,177,50,2025-08-15 16:19:22,det_2010_injuries.csv,DET,2025-08-17 09:13:21
DET,2011,120,6,19,88,0,107,41,2025-08-15 16:19:25,det_2011_injuries.csv,DET,2025-08-17 09:13:21
DET,2012,124,3,21,70,22,113,44,2025-08-15 16:19:29,det_2012_injuries.csv,DET,2025-08-17 09:13:21
DET,2013,101,2,9,64,0,73,40,2025-08-15 16:19:32,det_2013_injuries.csv,DET,2025-08-17 09:13:21
DET,2014,57,10,13,98,16,127,40,2025-08-15 16:19:35,det_2014_injuries.csv,DET,2025-08-17 09:13:21
DET,2015,54,2,14,104,0,118,44,2025-08-15 16:19:38,det_2015_injuries.csv,DET,2025-08-17 09:13:21
DET,2016,56,7,19,171,0,190,38,2025-08-15 16:19:42,det_2016_injuries.csv,DET,2025-08-17 09:13:21
DET,2017,53,3,24,264,0,288,45,2025-08-15 16:19:45,det_2017_injuries.csv,DET,2025-08-17 09:13:21
DET,2018,67,3,22,136,0,158,42,2025-08-15 16:19:50,det_2018_injuries.csv,DET,2025-08-17 09:13:21
DET,2019,62,2,37,94,0,131,44,2025-08-15 16:19:53,det_2019_injuries.csv,DET,2025-08-17 09:13:21
DET,2020,62,1,36,144,0,180,45,2025-08-15 16:19:56,det_2020_injuries.csv,DET,2025-08-17 09:13:21
DET,2021,74,3,26,173,0,199,50,2025-08-15 16:20:01,det_2021_injuries.csv,DET,2025-08-17 09:13:21
DET,2022,54,3,50,131,0,181,46,2025-08-15 16:20:06,det_2022_injuries.csv,DET,2025-08-17 09:13:21
DET,2023,44,6,49,171,0,220,44,2025-08-15 16:20:10,det_2023_injuries.csv,DET,2025-08-17 09:13:21
DET,2024,22,1,42,240,0,282,47,2025-08-15 16:20:15,det_2024_injuries.csv,DET,2025-08-17 09:13:21
GNB,2009,81,4,22,122,0,144,50,2025-08-17 08:42:23,gnb_2009_injuries.csv,GNB,2025-08-17 09:13:21
GNB,2010,125,5,15,174,23,212,49,2025-08-15 16:27:36,gnb_2010_injuries.csv,GNB,2025-08-17 09:13:21
GNB,2011,69,9,32,61,0,93,38,2025-08-15 16:27:40,gnb_2011_injuries.csv,GNB,2025-08-17 09:13:21
GNB,2012,123,12,21,165,24,210,54,2025-08-15 16:27:43,gnb_2012_injuries.csv,GNB,2025-08-17 09:13:21
GNB,2013,79,7,27,167,41,235,48,2025-08-15 16:27:46,gnb_2013_injuries.csv,GNB,2025-08-17 09:13:21
GNB,2014,69,4,4,150,0,154,42,2025-08-15 16:27:50,gnb_2014_injuries.csv,GNB,2025-08-17 09:13:21
GNB,2015,56,8,12,91,0,103,44,2025-08-15 16:27:54,gnb_2015_injuries.csv,GNB,2025-08-17 09:13:21
GNB,2016,62,3,27,196,0,223,40,2025-08-15 16:27:58,gnb_2016_injuries.csv,GNB,2025-08-17 09:13:21
GNB,2017,56,19,24,170,0,194,43,2025-08-15 16:28:01,gnb_2017_injuries.csv,GNB,2025-08-17 09:13:21
GNB,2018,60,7,14,157,0,171,38,2025-08-15 16:28:05,gnb_2018_injuries.csv,GNB,2025-08-17 09:13:21
GNB,2019,40,11,16,117,26,159,43,2025-08-15 16:28:08,gnb_2019_injuries.csv,GNB,2025-08-17 09:13:21
GNB,2020,66,12,26,149,0,175,56,2025-08-15 16:28:12,gnb_2020_injuries.csv,GNB,2025-08-17 09:13:21
GNB,2021,31,10,28,121,0,149,36,2025-08-15 16:28:18,gnb_2021_injuries.csv,GNB,2025-08-17 09:13:21
GNB,2022,37,5,16,59,0,75,29,2025-08-15 16:28:21,gnb_2022_injuries.csv,GNB,2025-08-17 09:13:21
GNB,2023,87,18,20,71,0,91,35,2025-08-15 16:28:26,gnb_2023_injuries.csv,GNB,2025-08-17 09:13:21
GNB,2024,43,8,31,85,0,116,33,2025-08-15 16:51:28,gnb_2024_injuries.csv,GNB,2025-08-17 09:13:21
HTX,2009,71,0,7,100,0,107,50,2025-08-17 08:38:32,htx_2009_injuries.csv,HTX,2025-08-17 09:13:21
HTX,2010,94,2,4,118,11,133,50,2025-08-15 16:52:25,htx_2010_injuries.csv,HTX,2025-08-17 09:13:21
HTX,2011,107,6,13,119,0,132,57,2025-08-15 16:52:29,htx_2011_injuries.csv,HTX,2025-08-17 09:13:21
HTX,2012,121,4,30,90,8,128,51,2025-08-15 16:52:32,htx_2012_injuries.csv,HTX,2025-08-17 09:13:21
HTX,2013,115,3,2,116,0,118,56,2025-08-15 16:52:37,htx_2013_injuries.csv,HTX,2025-08-17 09:13:21
HTX,2014,103,1,27,110,0,137,56,2025-08-15 16:52:40,htx_2014_injuries.csv,HTX,2025-08-17 09:13:21
HTX,2015,25,0,35,136,0,171,55,2025-08-15 16:52:44,htx_2015_injuries.csv,HTX,2025-08-17 09:13:21
HTX,2016,34,0,29,220,0,249,36,2025-08-15 16:52:49,htx_2016_injuries.csv,HTX,2025-08-17 09:13:21
HTX,2017,18,0,47,179,0,226,47,2025-08-15 16:52:53,htx_2017_injuries.csv,HTX,2025-08-17 09:13:21
HTX,2018,50,0,20,167,0,187,35,2025-08-15 16:52:57,htx_2018_injuries.csv,HTX,2025-08-17 09:13:21
HTX,2019,64,1,21,206,0,227,42,2025-08-15 16:53:01,htx_2019_injuries.csv,HTX,2025-08-17 09:13:21
HTX,2020,47,1,14,99,0,113,47,2025-08-15 16:53:03,htx_2020_injuries.csv,HTX,2025-08-17 09:13:21
HTX,2021,45,0,33,108,0,141,44,2025-08-15 16:53:06,htx_2021_injuries.csv,HTX,2025-08-17 09:13:21
HTX,2022,32,0,42,112,0,154,44,2025-08-15 16:53:09,htx_2022_injuries.csv,HTX,2025-08-17 09:13:21
HTX,2023,60,0,48,266,0,314,54,2025-08-15 16:53:12,htx_2023_injuries.csv,HTX,2025-08-17 09:13:21
HTX,2024,36,0,51,164,0,215,42,2025-08-15 16:51:23,htx_2024_injuries.csv,HTX,2025-08-17 09:13:21
JAX,2009,52,4,6,85,0,91,42,2025-08-17 08:43:12,jax_2009_injuries.csv,JAX,2025-08-17 09:13:21
JAX,2010,81,2,2,145,0,147,45,2025-08-15 16:16:37,jax_2010_injuries.csv,JAX,2025-08-17 09:13:21
JAX,2011,91,6,7,150,0,157,48,2025-08-15 16:16:41,jax_2011_injuries.csv,JAX,2025-08-17 09:13:21
JAX,2012,78,8,20,181,20,221,42,2025-08-15 16:16:46,jax_2012_injuries.csv,JAX,2025-08-17 09:13:21
JAX,2013,131,9,14,88,0,102,49,2025-08-15 16:16:51,jax_2013_injuries.csv,JAX,2025-08-17 09:13:21
JAX,2014,63,6,24,170,0,194,53,2025-08-15 16:16:56,jax_2014_injuries.csv,JAX,2025-08-17 09:13:21
JAX,2015,31,13,27,127,0,154,55,2025-08-15 16:16:58,jax_2015_injuries.csv,JAX,2025-08-17 09:13:21
JAX,2016,31,0,21,142,0,163,35,2025-08-15 16:17:00,jax_2016_injuries.csv,JAX,2025-08-17 09:13:21
JAX,2017,46,0,18,284,0,302,39,2025-08-15 16:17:06,jax_2017_injuries.csv,JAX,2025-08-17 09:13:21
JAX,2018,30,4,32,276,0,308,46,2025-08-15 16:17:10,jax_2018_injuries.csv,JAX,2025-08-17 09:13:21
JAX,2019,23,3,23,213,0,236,40,2025-08-15 16:17:14,jax_2019_injuries.csv,JAX,2025-08-17 09:13:21
JAX,2020,29,0,35,203,0,238,55,2025-08-15 16:17:17,jax_2020_injuries.csv,JAX,2025-08-17 09:13:21
JAX,2021,18,0,13,102,0,115,29,2025-08-15 16:17:21,jax_2021_injuries.csv,JAX,2025-08-17 09:13:21
JAX,2022,58,0,13,58,0,71,29,2025-08-15 16:17:24,jax_2022_injuries.csv,JAX,2025-08-17 09:13:21
JAX,2023,56,0,30,86,0,116,36,2025-08-15 16:17:28,jax_2023_injuries.csv,JAX,2025-08-17 09:13:21
JAX,2024,47,0,25,73,0,98,33,2025-08-15 16:51:08,jax_2024_injuries.csv,JAX,2025-08-17 09:13:21
KAN,2009,37,2,2,73,6,81,32,2025-08-17 08:44:09,kan_2009_injuries.csv,KAN,2025-08-17 09:13:21
KAN,2010,45,0,1,66,0,67,27,2025-08-15 16:13:53,kan_2010_injuries.csv,KAN,2025-08-17 09:13:21
KAN,2011,31,3,3,79,0,82,26,2025-08-15 16:13:56,kan_2011_injuries.csv,KAN,2025-08-17 09:13:21
KAN,2012,117,2,6,116,0,122,49,2025-08-15 16:14:00,kan_2012_injuries.csv,KAN,2025-08-17 09:13:21
KAN,2013,80,2,9,25,0,34,39,2025-08-15 16:14:04,kan_2013_injuries.csv,KAN,2025-08-17 09:13:21
KAN,2014,58,5,12,127,0,139,45,2025-08-15 16:14:06,kan_2014_injuries.csv,KAN,2025-08-17 09:13:21
KAN,2015,31,1,22,124,0,146,42,2025-08-15 16:14:11,kan_2015_injuries.csv,KAN,2025-08-17 09:13:21
KAN,2016,32,3,23,95,0,118,26,2025-08-15 16:14:15,kan_2016_injuries.csv,KAN,2025-08-17 09:13:21
KAN,2017,28,5,23,181,0,204,35,2025-08-15 16:14:19,kan_2017_injuries.csv,KAN,2025-08-17 09:13:21
KAN,2018,29,19,14,201,0,215,31,2025-08-15 16:14:24,kan_2018_injuries.csv,KAN,2025-08-17 09:13:21
KAN,2019,30,2,42,210,0,252,43,2025-08-15 16:14:28,kan_2019_injuries.csv,KAN,2025-08-17 09:13:21
KAN,2020,24,1,30,133,8,171,46,2025-08-15 16:14:32,kan_2020_injuries.csv,KAN,2025-08-17 09:13:21
KAN,2021,27,1,23,61,0,84,26,2025-08-15 16:14:35,kan_2021_injuries.csv,KAN,2025-08-17 09:13:21
KAN,2022,26,1,19,70,0,89,30,2025-08-15 16:14:38,kan_2022_injuries.csv,KAN,2025-08-17 09:13:21
KAN,2023,32,1,40,99,0,139,35,2025-08-15 16:14:42,kan_2023_injuries.csv,KAN,2025-08-17 09:13:21
KAN,2024,9,11,26,125,0,151,34,2025-08-15 16:51:04,kan_2024_injuries.csv,KAN,2025-08-17 09:13:21
MIA,2009,30,2,5,66,0,71,30,2025-08-17 08:42:33,mia_2009_injuries.csv,MIA,2025-08-17 09:13:21
MIA,2010,43,4,14,72,0,86,33,2025-08-15 16:34:31,mia_2010_injuries.csv,MIA,2025-08-17 09:13:21
MIA,2011,54,2,1,65,0,66,36,2025-08-15 16:34:36,mia_2011_injuries.csv,MIA,2025-08-17 09:13:21
MIA,2012,69,4,1,32,15,48,46,2025-08-15 16:34:39,mia_2012_injuries.csv,MIA,2025-08-17 09:13:21
MIA,2013,89,1,11,50,0,61,52,2025-08-15 16:34:42,mia_2013_injuries.csv,MIA,2025-08-17 09:13:21
MIA,2014,115,0,17,126,0,143,55,2025-08-15 16:34:46,mia_2014_injuries.csv,MIA,2025-08-17 09:13:21
MIA,2015,36,15,12,45,0,57,43,2025-08-15 16:34:51,mia_2015_injuries.csv,MIA,2025-08-17 09:13:21
MIA,2016,88,9,15,120,0,135,37,2025-08-15 16:34:56,mia_2016_injuries.csv,MIA,2025-08-17 09:13:21
MIA,2017,66,13,7,191,0,198,52,2025-08-15 16:35:00,mia_2017_injuries.csv,MIA,2025-08-17 09:13:21
MIA,2018,60,8,19,131,0,150,40,2025-08-15 16:35:04,mia_2018_injuries.csv,MIA,2025-08-17 09:13:21
MIA,2019,58,4,24,187,36,247,54,2025-08-15 16:35:07,mia_2019_injuries.csv,MIA,2025-08-17 09:13:21
MIA,2020,38,6,14,74,0,88,36,2025-08-15 16:35:10,mia_2020_injuries.csv,MIA,2025-08-17 09:13:21
MIA,2021,29,3,10,121,0,131,35,2025-08-15 16:35:13,mia_2021_injuries.csv,MIA,2025-08-17 09:13:21
MIA,2022,86,14,18,164,0,182,50,2025-08-15 16:35:16,mia_2022_injuries.csv,MIA,2025-08-17 09:13:21
MIA,2023,91,4,20,104,0,124,42,2025-08-15 16:35:21,mia_2023_injuries.csv,MIA,2025-08-17 09:13:21
MIA,2024,63,11,22,176,0,198,45,2025-08-15 16:50:56,mia_2024_injuries.csv,MIA,2025-08-17 09:13:21
MIN,2009,84,3,2,5,0,7,36,2025-08-17 08:41:33,min_2009_injuries.csv,MIN,2025-08-17 09:13:21
MIN,2010,90,5,5,26,6,37,40,2025-08-15 16:36:24,min_2010_injuries.csv,MIN,2025-08-17 09:13:21
MIN,2011,68,5,6,47,0,53,40,2025-08-15 16:36:27,min_2011_injuries.csv,MIN,2025-08-17 09:13:21
MIN,2012,89,1,4,44,0,48,40,2025-08-15 16:36:32,min_2012_injuries.csv,MIN,2025-08-17 09:13:21
MIN,2013,105,4,6,44,15,65,47,2025-08-15 16:36:35,min_2013_injuries.csv,MIN,2025-08-17 09:13:21
MIN,2014,87,1,22,82,0,104,45,2025-08-15 16:36:40,min_2014_injuries.csv,MIN,2025-08-17 09:13:21
MIN,2015,19,2,26,89,0,115,44,2025-08-15 16:36:44,min_2015_injuries.csv,MIN,2025-08-17 09:13:21
MIN,2016,25,7,25,163,0,188,34,2025-08-15 16:36:47,min_2016_injuries.csv,MIN,2025-08-17 09:13:21
MIN,2017,34,2,24,98,0,122,33,2025-08-15 16:36:50,min_2017_injuries.csv,MIN,2025-08-17 09:13:21
MIN,2018,27,1,38,153,0,191,36,2025-08-15 16:36:54,min_2018_injuries.csv,MIN,2025-08-17 09:13:21
MIN,2019,29,2,27,54,17,98,34,2025-08-15 16:36:57,min_2019_injuries.csv,MIN,2025-08-17 09:13:21
MIN,2020,14,5,37,135,8,180,38,2025-08-15 16:37:00,min_2020_injuries.csv,MIN,2025-08-17 09:13:21
MIN,2021,24,3,21,101,0,122,32,2025-08-15 16:37:03,min_2021_injuries.csv,MIN,2025-08-17 09:13:21
MIN,2022,26,1,20,124,0,144,30,2025-08-15 16:37:06,min_2022_injuries.csv,MIN,2025-08-17 09:13:21
MIN,2023,45,1,26,124,0,150,37,2025-08-15 16:37:09,min_2023_injuries.csv,MIN,2025-08-17 09:13:21
MIN,2024,24,0,26,124,0,150,33,2025-08-15 16:37:12,min_2024_injuries.csv,MIN,2025-08-17 09:13:21
NOR,2009,134,8,12,206,0,218,56,2025-08-17 08:44:42,nor_2009_injuries.csv,NOR,2025-08-17 09:13:21
NOR,2010,90,4,14,58,21,93,47,2025-08-15 16:35:26,nor_2010_injuries.csv,NOR,2025-08-17 09:13:21
NOR,2011,83,6,21,105,23,149,42,2025-08-15 16:35:31,nor_2011_injuries.csv,NOR,2025-08-17 09:13:21
NOR,2012,64,4,3,93,4,100,46,2025-08-15 16:35:34,nor_2012_injuries.csv,NOR,2025-08-17 09:13:21
NOR,2013,90,2,7,135,17,159,49,2025-08-15 16:35:38,nor_2013_injuries.csv,NOR,2025-08-17 09:13:21
NOR,2014,73,2,8,102,0,110,40,2025-08-15 16:35:41,nor_2014_injuries.csv,NOR,2025-08-17 09:13:21
NOR,2015,17,4,35,95,0,130,39,2025-08-15 16:35:46,nor_2015_injuries.csv,NOR,2025-08-17 09:13:21
NOR,2016,60,1,33,255,0,288,45,2025-08-15 16:35:50,nor_2016_injuries.csv,NOR,2025-08-17 09:13:21
NOR,2017,26,0,20,352,0,372,46,2025-08-15 16:35:54,nor_2017_injuries.csv,NOR,2025-08-17 09:13:21
NOR,2018,10,0,21,221,0,242,31,2025-08-15 16:35:59,nor_2018_injuries.csv,NOR,2025-08-17 09:13:21
NOR,2019,17,0,47,152,0,199,36,2025-08-15 16:36:04,nor_2019_injuries.csv,NOR,2025-08-17 09:13:21
NOR,2020,26,0,40,151,7,198,46,2025-08-15 16:36:06,nor_2020_injuries.csv,NOR,2025-08-17 09:13:21
NOR,2021,30,0,45,136,0,181,40,2025-08-15 16:36:10,nor_2021_injuries.csv,NOR,2025-08-17 09:13:21
NOR,2022,72,1,52,153,0,205,48,2025-08-15 16:36:14,nor_2022_injuries.csv,NOR,2025-08-17 09:13:21
NOR,2023,56,0,43,116,0,159,47,2025-08-15 16:36:17,nor_2023_injuries.csv,NOR,2025-08-17 09:13:21
NOR,2024,48,5,56,111,0,167,42,2025-08-15 16:36:19,nor_2024_injuries.csv,NOR,2025-08-17 09:13:21
NWE,2009,136,9,20,62,5,87,44,2025-08-17 08:41:39,nwe_2009_injuries.csv,NWE,2025-08-17 09:13:21
NWE,2010,82,6,0,161,0,161,39,2025-08-15 16:20:18,nwe_2010_injuries.csv,NWE,2025-08-17 09:13:21
NWE,2011,227,6,10,91,16,117,51,2025-08-15 16:20:21,nwe_2011_injuries.csv,NWE,2025-08-17 09:13:21
NWE,2012,236,5,20,164,18,202,55,2025-08-15 16:20:26,nwe_2012_injuries.csv,NWE,2025-08-17 09:13:21
NWE,2013,148,5,42,142,0,184,44,2025-08-15 16:20:28,nwe_2013_injuries.csv,NWE,2025-08-17 09:13:21
NWE,2014,116,1,8,137,0,145,41,2025-08-15 16:20:33,nwe_2014_injuries.csv,NWE,2025-08-17 09:13:21
NWE,2015,96,5,31,199,0,230,54,2025-08-15 16:20:37,nwe_2015_injuries.csv,NWE,2025-08-17 09:13:21
NWE,2016,96,3,13,112,0,125,35,2025-08-15 16:20:42,nwe_2016_injuries.csv,NWE,2025-08-17 09:13:21
NWE,2017,104,1,26,255,0,281,48,2025-08-15 16:20:47,nwe_2017_injuries.csv,NWE,2025-08-17 09:13:21
NWE,2018,89,3,6,256,0,262,47,2025-08-15 16:20:50,nwe_2018_injuries.csv,NWE,2025-08-17 09:13:21
NWE,2019,109,0,14,192,4,210,49,2025-08-15 16:20:54,nwe_2019_injuries.csv,NWE,2025-08-17 09:13:21
NWE,2020,174,0,18,250,1,269,61,2025-08-15 16:20:57,nwe_2020_injuries.csv,NWE,2025-08-17 09:13:21
NWE,2021,140,1,27,156,0,183,50,2025-08-15 16:21:00,nwe_2021_injuries.csv,NWE,2025-08-17 09:13:21
NWE,2022,91,4,33,144,0,177,46,2025-08-15 16:21:04,nwe_2022_injuries.csv,NWE,2025-08-17 09:13:21
NWE,2023,126,1,38,149,0,187,47,2025-08-15 16:21:07,nwe_2023_injuries.csv,NWE,2025-08-17 09:13:21
NWE,2024,118,1,30,99,0,129,49,2025-08-15 16:21:10,nwe_2024_injuries.csv,NWE,2025-08-17 09:13:21
NYG,2009,68,5,13,60,0,73,36,2025-08-17 08:38:17,nyg_2009_injuries.csv,NYG,2025-08-17 09:13:21
NYG,2010,76,7,24,128,7,159,46,2025-08-15 16:40:08,nyg_2010_injuries.csv,NYG,2025-08-17 09:13:21
NYG,2011,99,10,14,165,25,204,53,2025-08-15 16:40:11,nyg_2011_injuries.csv,NYG,2025-08-17 09:13:21
NYG,2012,111,4,5,115,12,132,43,2025-08-15 16:40:16,nyg_2012_injuries.csv,NYG,2025-08-17 09:13:21
NYG,2013,107,2,24,120,8,152,49,2025-08-15 16:40:19,nyg_2013_injuries.csv,NYG,2025-08-17 09:13:21
NYG,2014,58,8,8,178,0,186,45,2025-08-15 16:40:22,nyg_2014_injuries.csv,NYG,2025-08-17 09:13:21
NYG,2015,29,3,36,166,0,202,46,2025-08-15 16:40:24,nyg_2015_injuries.csv,NYG,2025-08-17 09:13:21
NYG,2016,36,2,27,147,0,174,36,2025-08-15 16:40:29,nyg_2016_injuries.csv,NYG,2025-08-17 09:13:21
NYG,2017,44,4,26,325,0,351,55,2025-08-15 16:40:32,nyg_2017_injuries.csv,NYG,2025-08-17 09:13:21
NYG,2018,8,0,27,189,0,216,31,2025-08-15 16:40:36,nyg_2018_injuries.csv,NYG,2025-08-17 09:13:21
NYG,2019,7,1,42,159,0,201,39,2025-08-15 16:40:41,nyg_2019_injuries.csv,NYG,2025-08-17 09:13:21
NYG,2020,27,3,14,191,0,205,41,2025-08-15 16:40:44,nyg_2020_injuries.csv,NYG,2025-08-17 09:13:21
NYG,2021,54,7,49,254,0,303,54,2025-08-15 16:40:48,nyg_2021_injuries.csv,NYG,2025-08-17 09:13:21
NYG,2022,44,9,60,166,0,226,44,2025-08-15 16:40:52,nyg_2022_injuries.csv,NYG,2025-08-17 09:13:21
NYG,2023,45,9,31,138,0,169,43,2025-08-15 16:40:57,nyg_2023_injuries.csv,NYG,2025-08-17 09:13:21
NYG,2024,42,7,44,120,0,164,50,2025-08-15 16:51:01,nyg_2024_injuries.csv,NYG,2025-08-17 09:13:21
NYJ,2009,67,5,1,50,0,51,45,2025-08-17 08:42:49,nyj_2009_injuries.csv,NYJ,2025-08-17 09:13:21
NYJ,2010,65,3,12,45,0,57,37,2025-08-15 16:21:13,nyj_2010_injuries.csv,NYJ,2025-08-17 09:13:21
NYJ,2011,75,3,10,65,0,75,48,2025-08-15 16:21:16,nyj_2011_injuries.csv,NYJ,2025-08-17 09:13:21
NYJ,2012,106,10,14,42,0,56,53,2025-08-15 16:21:20,nyj_2012_injuries.csv,NYJ,2025-08-17 09:13:21
NYJ,2013,76,2,9,137,0,146,49,2025-08-15 16:21:23,nyj_2013_injuries.csv,NYJ,2025-08-17 09:13:21
NYJ,2014,56,9,2,96,5,103,49,2025-08-15 16:21:26,nyj_2014_injuries.csv,NYJ,2025-08-17 09:13:21
NYJ,2015,25,14,20,95,0,115,54,2025-08-15 16:21:29,nyj_2015_injuries.csv,NYJ,2025-08-17 09:13:21
NYJ,2016,41,16,40,169,0,209,48,2025-08-15 16:21:32,nyj_2016_injuries.csv,NYJ,2025-08-17 09:13:21
NYJ,2017,32,7,23,270,0,293,45,2025-08-15 16:21:35,nyj_2017_injuries.csv,NYJ,2025-08-17 09:13:21
NYJ,2018,35,14,22,105,0,127,35,2025-08-15 16:21:38,nyj_2018_injuries.csv,NYJ,2025-08-17 09:13:21
NYJ,2019,100,36,34,199,0,233,52,2025-08-15 16:21:42,nyj_2019_injuries.csv,NYJ,2025-08-17 09:13:21
NYJ,2020,49,19,22,181,12,215,54,2025-08-15 16:21:46,nyj_2020_injuries.csv,NYJ,2025-08-17 09:13:21
NYJ,2021,45,12,20,201,0,221,54,2025-08-15 16:21:51,nyj_2021_injuries.csv,NYJ,2025-08-17 09:13:21
NYJ,2022,34,5,26,97,0,123,36,2025-08-15 16:21:54,nyj_2022_injuries.csv,NYJ,2025-08-17 09:13:21
NYJ,2023,45,4,39,175,0,214,51,2025-08-15 16:21:57,nyj_2023_injuries.csv,NYJ,2025-08-17 09:13:21
NYJ,2024,45,6,34,137,0,171,38,2025-08-15 16:50:31,nyj_2024_injuries.csv,NYJ,2025-08-17 09:13:21
OTI,2009,78,4,10,28,0,38,39,2025-08-17 08:43:21,oti_2009_injuries.csv,OTI,2025-08-17 09:13:21
OTI,2010,59,2,7,81,9,97,37,2025-08-15 16:54:59,oti_2010_injuries.csv,OTI,2025-08-17 09:13:21
OTI,2011,55,3,5,36,0,41,36,2025-08-15 16:55:02,oti_2011_injuries.csv,OTI,2025-08-17 09:13:21
OTI,2012,70,3,18,147,15,180,47,2025-08-15 16:55:05,oti_2012_injuries.csv,OTI,2025-08-17 09:13:21
OTI,2013,68,4,8,43,15,66,38,2025-08-15 16:55:08,oti_2013_injuries.csv,OTI,2025-08-17 09:13:21
OTI,2014,74,1,8,130,0,138,44,2025-08-15 16:55:10,oti_2014_injuries.csv,OTI,2025-08-17 09:13:21
OTI,2015,18,2,31,66,0,97,34,2025-08-15 16:55:13,oti_2015_injuries.csv,OTI,2025-08-17 09:13:21
OTI,2016,17,0,8,67,0,75,22,2025-08-15 16:55:17,oti_2016_injuries.csv,OTI,2025-08-17 09:13:21
OTI,2017,19,0,19,125,0,144,24,2025-08-15 16:55:21,oti_2017_injuries.csv,OTI,2025-08-17 09:13:21
OTI,2018,31,0,23,243,0,266,43,2025-08-15 16:55:26,oti_2018_injuries.csv,OTI,2025-08-17 09:13:21
OTI,2019,27,4,39,129,0,168,35,2025-08-15 16:55:29,oti_2019_injuries.csv,OTI,2025-08-17 09:13:21
OTI,2020,24,0,31,115,0,146,39,2025-08-15 16:55:32,oti_2020_injuries.csv,OTI,2025-08-17 09:13:21
OTI,2021,34,0,58,242,0,300,54,2025-08-15 16:55:36,oti_2021_injuries.csv,OTI,2025-08-17 09:13:21
OTI,2022,38,4,64,223,0,287,47,2025-08-15 16:55:39,oti_2022_injuries.csv,OTI,2025-08-17 09:13:21
OTI,2023,38,0,53,122,0,175,49,2025-08-15 16:55:42,oti_2023_injuries.csv,OTI,2025-08-17 09:13:21
OTI,2024,44,1,41,137,0,178,40,2025-08-15 16:51:31,oti_2024_injuries.csv,OTI,2025-08-17 09:13:21
PHI,2009,28,10,23,86,0,109,47,2025-08-17 08:43:32,phi_2009_injuries.csv,PHI,2025-08-17 09:13:21
PHI,2010,35,9,10,97,16,123,47,2025-08-15 16:39:12,phi_2010_injuries.csv,PHI,2025-08-17 09:13:21
PHI,2011,31,21,7,39,6,52,42,2025-08-15 16:39:15,phi_2011_injuries.csv,PHI,2025-08-17 09:13:21
PHI,2012,52,15,36,53,0,89,48,2025-08-15 16:39:18,phi_2012_injuries.csv,PHI,2025-08-17 09:13:21
PHI,2013,48,7,8,88,0,96,46,2025-08-15 16:39:22,phi_2013_injuries.csv,PHI,2025-08-17 09:13:21
PHI,2014,20,5,14,74,0,88,41,2025-08-15 16:39:26,phi_2014_injuries.csv,PHI,2025-08-17 09:13:21
PHI,2015,24,0,28,92,0,120,45,2025-08-15 16:39:30,phi_2015_injuries.csv,PHI,2025-08-17 09:13:21
PHI,2016,28,2,18,52,0,70,23,2025-08-15 16:39:34,phi_2016_injuries.csv,PHI,2025-08-17 09:13:21
PHI,2017,36,0,16,169,0,185,31,2025-08-15 16:39:39,phi_2017_injuries.csv,PHI,2025-08-17 09:13:21
PHI,2018,40,1,45,242,0,287,39,2025-08-15 16:39:44,phi_2018_injuries.csv,PHI,2025-08-17 09:13:21
PHI,2019,30,2,45,117,6,168,31,2025-08-15 16:39:48,phi_2019_injuries.csv,PHI,2025-08-17 09:13:21
PHI,2020,15,1,56,159,22,237,51,2025-08-15 16:39:52,phi_2020_injuries.csv,PHI,2025-08-17 09:13:21
PHI,2021,13,1,14,99,0,113,29,2025-08-15 16:39:54,phi_2021_injuries.csv,PHI,2025-08-17 09:13:21
PHI,2022,7,1,21,86,0,107,28,2025-08-15 16:39:58,phi_2022_injuries.csv,PHI,2025-08-17 09:13:21
PHI,2023,14,2,43,94,0,137,35,2025-08-15 16:40:00,phi_2023_injuries.csv,PHI,2025-08-17 09:13:21
PHI,2024,16,11,32,109,0,141,33,2025-08-15 16:50:53,phi_2024_injuries.csv,PHI,2025-08-17 09:13:21
PIT,2009,42,4,14,42,0,56,31,2025-08-17 08:42:41,pit_2009_injuries.csv,PIT,2025-08-17 09:13:21
PIT,2010,62,2,21,67,7,95,38,2025-08-15 16:15:48,pit_2010_injuries.csv,PIT,2025-08-17 09:13:21
PIT,2011,72,9,19,78,0,97,39,2025-08-15 16:15:51,pit_2011_injuries.csv,PIT,2025-08-17 09:13:21
PIT,2012,77,8,20,52,0,72,46,2025-08-15 16:15:53,pit_2012_injuries.csv,PIT,2025-08-17 09:13:21
PIT,2013,63,5,18,138,7,163,41,2025-08-15 16:15:56,pit_2013_injuries.csv,PIT,2025-08-17 09:13:21
PIT,2014,51,3,16,35,0,51,34,2025-08-15 16:15:59,pit_2014_injuries.csv,PIT,2025-08-17 09:13:21
PIT,2015,11,0,28,140,0,168,46,2025-08-15 16:16:03,pit_2015_injuries.csv,PIT,2025-08-17 09:13:21
PIT,2016,25,5,43,177,0,220,35,2025-08-15 16:16:06,pit_2016_injuries.csv,PIT,2025-08-17 09:13:21
PIT,2017,24,3,19,121,0,140,26,2025-08-15 16:16:10,pit_2017_injuries.csv,PIT,2025-08-17 09:13:21
PIT,2018,17,14,8,157,0,165,37,2025-08-15 16:16:14,pit_2018_injuries.csv,PIT,2025-08-17 09:13:21
PIT,2019,16,4,32,82,15,129,26,2025-08-15 16:16:18,pit_2019_injuries.csv,PIT,2025-08-17 09:13:21
PIT,2020,15,3,23,66,0,89,35,2025-08-15 16:16:21,pit_2020_injuries.csv,PIT,2025-08-17 09:13:21
PIT,2021,8,1,40,117,0,157,34,2025-08-15 16:16:24,pit_2021_injuries.csv,PIT,2025-08-17 09:13:21
PIT,2022,16,1,22,115,0,137,31,2025-08-15 16:16:26,pit_2022_injuries.csv,PIT,2025-08-17 09:13:21
PIT,2023,17,0,25,93,0,118,30,2025-08-15 16:16:31,pit_2023_injuries.csv,PIT,2025-08-17 09:13:21
PIT,2024,17,3,47,162,0,209,34,2025-08-15 16:16:33,pit_2024_injuries.csv,PIT,2025-08-17 09:13:21
RAI,2009,54,6,39,37,0,76,40,2025-08-17 08:44:03,rai_2009_injuries.csv,RAI,2025-08-17 09:13:21
RAI,2010,121,5,19,10,0,29,42,2025-08-15 16:30:15,rai_2010_injuries.csv,RAI,2025-08-17 09:13:21
RAI,2011,123,16,21,57,0,78,46,2025-08-15 16:30:17,rai_2011_injuries.csv,RAI,2025-08-17 09:13:21
RAI,2012,108,7,18,140,7,165,48,2025-08-15 16:30:20,rai_2012_injuries.csv,RAI,2025-08-17 09:13:21
RAI,2013,98,3,16,103,9,128,42,2025-08-15 16:30:25,rai_2013_injuries.csv,RAI,2025-08-17 09:13:21
RAI,2014,101,2,5,131,5,141,44,2025-08-15 16:30:30,rai_2014_injuries.csv,RAI,2025-08-17 09:13:21
RAI,2015,16,6,20,92,0,112,35,2025-08-15 16:30:35,rai_2015_injuries.csv,RAI,2025-08-17 09:13:21
RAI,2016,68,2,10,93,0,103,32,2025-08-15 16:30:40,rai_2016_injuries.csv,RAI,2025-08-17 09:13:21
RAI,2017,58,6,18,113,0,131,38,2025-08-15 16:30:42,rai_2017_injuries.csv,RAI,2025-08-17 09:13:21
RAI,2018,35,2,8,244,0,252,41,2025-08-15 16:30:45,rai_2018_injuries.csv,RAI,2025-08-17 09:13:21
RAI,2019,43,2,23,155,0,178,39,2025-08-15 16:30:48,rai_2019_injuries.csv,RAI,2025-08-17 09:13:21
RAI,2020,35,8,23,112,0,135,43,2025-08-15 16:30:52,rai_2020_injuries.csv,RAI,2025-08-17 09:13:21
RAI,2021,25,4,29,132,0,161,37,2025-08-15 16:30:57,rai_2021_injuries.csv,RAI,2025-08-17 09:13:21
RAI,2022,52,1,19,161,0,180,43,2025-08-15 16:31:01,rai_2022_injuries.csv,RAI,2025-08-17 09:13:21
RAI,2023,36,4,24,94,0,118,40,2025-08-15 16:31:04,rai_2023_injuries.csv,RAI,2025-08-17 09:13:21
RAI,2024,41,9,34,145,0,179,41,2025-08-15 16:51:11,rai_2024_injuries.csv,RAI,2025-08-17 09:13:21
RAM,2009,61,5,19,110,0,129,48,2025-08-17 08:44:48,ram_2009_injuries.csv,RAM,2025-08-17 09:13:21
RAM,2010,78,3,24,132,11,167,44,2025-08-15 16:23:54,ram_2010_injuries.csv,RAM,2025-08-17 09:13:21
RAM,2011,89,13,7,133,7,147,51,2025-08-15 16:23:59,ram_2011_injuries.csv,RAM,2025-08-17 09:13:21
RAM,2012,88,3,8,47,0,55,36,2025-08-15 16:24:02,ram_2012_injuries.csv,RAM,2025-08-17 09:13:21
RAM,2013,79,4,3,73,0,76,39,2025-08-15 16:24:06,ram_2013_injuries.csv,RAM,2025-08-17 09:13:21
RAM,2014,77,1,11,97,0,108,42,2025-08-15 16:24:09,ram_2014_injuries.csv,RAM,2025-08-17 09:13:21
RAM,2015,30,8,14,74,0,88,41,2025-08-15 16:24:12,ram_2015_injuries.csv,RAM,2025-08-17 09:13:21
RAM,2016,37,8,5,126,0,131,33,2025-08-15 16:24:17,ram_2016_injuries.csv,RAM,2025-08-17 09:13:21
RAM,2017,19,8,7,129,0,136,29,2025-08-15 16:24:21,ram_2017_injuries.csv,RAM,2025-08-17 09:13:21
RAM,2018,10,5,8,195,0,203,24,2025-08-15 16:24:25,ram_2018_injuries.csv,RAM,2025-08-17 09:13:21
RAM,2019,10,6,23,88,0,111,28,2025-08-15 16:24:27,ram_2019_injuries.csv,RAM,2025-08-17 09:13:21
RAM,2020,26,2,10,100,0,110,33,2025-08-15 16:24:32,ram_2020_injuries.csv,RAM,2025-08-17 09:13:21
RAM,2021,37,4,5,124,0,129,42,2025-08-15 16:24:35,ram_2021_injuries.csv,RAM,2025-08-17 09:13:21
RAM,2022,33,2,50,167,0,217,46,2025-08-15 16:24:40,ram_2022_injuries.csv,RAM,2025-08-17 09:13:21
RAM,2023,40,9,11,58,0,69,32,2025-08-15 16:24:45,ram_2023_injuries.csv,RAM,2025-08-17 09:13:21
RAM,2024,35,9,27,129,0,156,40,2025-08-15 16:24:50,ram_2024_injuries.csv,RAM,2025-08-17 09:13:21
RAV,2009,84,6,4,135,17,156,51,2025-08-17 08:38:08,rav_2009_injuries.csv,RAV,2025-08-17 09:13:21
RAV,2010,74,3,18,99,27,144,46,2025-08-15 16:54:09,rav_2010_injuries.csv,RAV,2025-08-17 09:13:21
RAV,2011,68,9,14,95,0,109,39,2025-08-15 16:54:14,rav_2011_injuries.csv,RAV,2025-08-17 09:13:21
RAV,2012,117,2,7,188,15,210,60,2025-08-15 16:54:18,rav_2012_injuries.csv,RAV,2025-08-17 09:13:21
RAV,2013,92,2,24,63,5,92,42,2025-08-15 16:54:21,rav_2013_injuries.csv,RAV,2025-08-17 09:13:21
RAV,2014,52,2,16,172,8,196,51,2025-08-15 16:54:25,rav_2014_injuries.csv,RAV,2025-08-17 09:13:21
RAV,2015,22,9,16,193,0,209,45,2025-08-15 16:54:27,rav_2015_injuries.csv,RAV,2025-08-17 09:13:21
RAV,2016,46,20,23,231,0,254,43,2025-08-15 16:54:31,rav_2016_injuries.csv,RAV,2025-08-17 09:13:21
RAV,2017,89,11,26,242,0,268,54,2025-08-15 16:54:34,rav_2017_injuries.csv,RAV,2025-08-17 09:13:21
RAV,2018,73,6,22,222,0,244,40,2025-08-15 16:54:38,rav_2018_injuries.csv,RAV,2025-08-17 09:13:21
RAV,2019,62,4,10,128,0,138,44,2025-08-15 16:54:41,rav_2019_injuries.csv,RAV,2025-08-17 09:13:21
RAV,2020,101,11,8,163,0,171,62,2025-08-15 16:54:43,rav_2020_injuries.csv,RAV,2025-08-17 09:13:21
RAV,2021,97,11,27,173,0,200,48,2025-08-15 16:54:46,rav_2021_injuries.csv,RAV,2025-08-17 09:13:21
RAV,2022,65,8,24,171,0,195,50,2025-08-15 16:54:48,rav_2022_injuries.csv,RAV,2025-08-17 09:13:21
RAV,2023,57,5,37,112,0,149,35,2025-08-15 16:54:51,rav_2023_injuries.csv,RAV,2025-08-17 09:13:21
RAV,2024,43,7,31,119,0,150,40,2025-08-15 16:54:55,rav_2024_injuries.csv,RAV,2025-08-17 09:13:21
SDG,2009,71,6,13,77,0,90,38,2025-08-17 08:44:16,sdg_2009_injuries.csv,SDG,2025-08-17 09:13:21
SDG,2010,89,14,13,91,0,104,42,2025-08-15 16:53:16,sdg_2010_injuries.csv,SDG,2025-08-17 09:13:21
SDG,2011,65,8,18,100,0,118,41,2025-08-15 16:53:19,sdg_2011_injuries.csv,SDG,2025-08-17 09:13:21
SDG,2012,66,8,45,64,0,109,46,2025-08-15 16:53:23,sdg_2012_injuries.csv,SDG,2025-08-17 09:13:21
SDG,2013,60,6,10,124,11,145,46,2025-08-15 16:53:27,sdg_2013_injuries.csv,SDG,2025-08-17 09:13:21
SDG,2014,74,3,25,145,15,185,46,2025-08-15 16:53:31,sdg_2014_injuries.csv,SDG,2025-08-17 09:13:21
SDG,2015,53,15,34,68,0,102,34,2025-08-15 16:53:34,sdg_2015_injuries.csv,SDG,2025-08-17 09:13:21
SDG,2016,39,10,28,312,0,340,43,2025-08-15 16:53:37,sdg_2016_injuries.csv,SDG,2025-08-17 09:13:21
SDG,2017,49,3,13,127,0,140,33,2025-08-15 16:53:40,sdg_2017_injuries.csv,SDG,2025-08-17 09:13:21
SDG,2018,32,6,25,155,0,180,30,2025-08-15 16:53:43,sdg_2018_injuries.csv,SDG,2025-08-17 09:13:21
SDG,2019,38,20,24,159,0,183,42,2025-08-15 16:53:48,sdg_2019_injuries.csv,SDG,2025-08-17 09:13:21
SDG,2020,44,11,27,75,0,102,41,2025-08-15 16:53:50,sdg_2020_injuries.csv,SDG,2025-08-17 09:13:21
SDG,2021,25,8,15,91,0,106,27,2025-08-15 16:53:53,sdg_2021_injuries.csv,SDG,2025-08-17 09:13:21
SDG,2022,29,11,21,193,0,214,39,2025-08-15 16:53:58,sdg_2022_injuries.csv,SDG,2025-08-17 09:13:21
SDG,2023,47,13,34,90,0,124,39,2025-08-15 16:54:02,sdg_2023_injuries.csv,SDG,2025-08-17 09:13:21
SDG,2024,61,10,27,142,0,169,42,2025-08-15 16:54:06,sdg_2024_injuries.csv,SDG,2025-08-17 09:13:21
SEA,2009,44,5,20,23,5,48,33,2025-08-17 08:42:16,sea_2009_injuries.csv,SEA,2025-08-17 09:13:21
SEA,2010,75,5,21,96,0,117,42,2025-08-15 16:33:37,sea_2010_injuries.csv,SEA,2025-08-17 09:13:21
SEA,2011,74,3,6,141,16,163,43,2025-08-15 16:33:39,sea_2011_injuries.csv,SEA,2025-08-17 09:13:21
SEA,2012,83,1,11,56,10,77,41,2025-08-15 16:33:43,sea_2012_injuries.csv,SEA,2025-08-17 09:13:21
SEA,2013,73,3,46,63,44,153,44,2025-08-15 16:33:45,sea_2013_injuries.csv,SEA,2025-08-17 09:13:21
SEA,2014,99,2,39,212,0,251,54,2025-08-15 16:33:49,sea_2014_injuries.csv,SEA,2025-08-17 09:13:21
SEA,2015,31,12,29,88,0,117,43,2025-08-15 16:33:51,sea_2015_injuries.csv,SEA,2025-08-17 09:13:21
SEA,2016,30,5,33,163,0,196,37,2025-08-15 16:33:56,sea_2016_injuries.csv,SEA,2025-08-17 09:13:21
SEA,2017,48,10,18,225,0,243,48,2025-08-15 16:34:00,sea_2017_injuries.csv,SEA,2025-08-17 09:13:21
SEA,2018,46,16,19,272,0,291,48,2025-08-15 16:34:03,sea_2018_injuries.csv,SEA,2025-08-17 09:13:21
SEA,2019,50,21,14,214,25,253,44,2025-08-15 16:34:06,sea_2019_injuries.csv,SEA,2025-08-17 09:13:21
SEA,2020,60,11,31,178,12,221,47,2025-08-15 16:34:10,sea_2020_injuries.csv,SEA,2025-08-17 09:13:21
SEA,2021,30,4,27,109,0,136,39,2025-08-15 16:34:18,sea_2021_injuries.csv,SEA,2025-08-17 09:13:21
SEA,2022,49,10,13,195,0,208,53,2025-08-15 16:34:21,sea_2022_injuries.csv,SEA,2025-08-17 09:13:21
SEA,2023,59,10,26,96,0,122,47,2025-08-15 16:34:24,sea_2023_injuries.csv,SEA,2025-08-17 09:13:21
SEA,2024,24,9,42,84,0,126,35,2025-08-15 16:50:46,sea_2024_injuries.csv,SEA,2025-08-17 09:13:21
SFO,2009,64,0,26,45,0,71,44,2025-08-17 08:38:23,sfo_2009_injuries.csv,SFO,2025-08-17 09:13:21
SFO,2010,70,3,21,32,0,53,42,2025-08-15 16:25:44,sfo_2010_injuries.csv,SFO,2025-08-17 09:13:21
SFO,2011,67,5,13,78,0,91,32,2025-08-15 16:25:47,sfo_2011_injuries.csv,SFO,2025-08-17 09:13:21
SFO,2012,62,2,11,43,18,72,44,2025-08-15 16:25:52,sfo_2012_injuries.csv,SFO,2025-08-17 09:13:21
SFO,2013,102,3,70,111,17,198,48,2025-08-15 16:25:54,sfo_2013_injuries.csv,SFO,2025-08-17 09:13:21
SFO,2014,101,2,64,119,37,220,53,2025-08-15 16:25:57,sfo_2014_injuries.csv,SFO,2025-08-17 09:13:21
SFO,2015,27,7,9,138,0,147,49,2025-08-15 16:26:02,sfo_2015_injuries.csv,SFO,2025-08-17 09:13:21
SFO,2016,29,4,13,119,0,132,32,2025-08-15 16:26:05,sfo_2016_injuries.csv,SFO,2025-08-17 09:13:21
SFO,2017,34,1,27,255,0,282,46,2025-08-15 16:26:10,sfo_2017_injuries.csv,SFO,2025-08-17 09:13:21
SFO,2018,45,4,24,164,0,188,39,2025-08-15 16:26:12,sfo_2018_injuries.csv,SFO,2025-08-17 09:13:21
SFO,2019,36,10,45,206,8,259,43,2025-08-15 16:26:15,sfo_2019_injuries.csv,SFO,2025-08-17 09:13:21
SFO,2020,32,6,61,222,31,314,66,2025-08-15 16:26:19,sfo_2020_injuries.csv,SFO,2025-08-17 09:13:21
SFO,2021,38,11,38,165,0,203,47,2025-08-15 16:26:22,sfo_2021_injuries.csv,SFO,2025-08-17 09:13:21
SFO,2022,25,3,45,126,0,171,40,2025-08-15 16:26:25,sfo_2022_injuries.csv,SFO,2025-08-17 09:13:21
SFO,2023,44,5,33,108,0,141,36,2025-08-15 16:26:30,sfo_2023_injuries.csv,SFO,2025-08-17 09:13:21
SFO,2024,56,4,54,149,0,203,49,2025-08-15 16:26:33,sfo_2024_injuries.csv,SFO,2025-08-17 09:13:21
TAM,2009,59,5,22,150,0,172,48,2025-08-17 08:41:53,tam_2009_injuries.csv,TAM,2025-08-17 09:13:21
TAM,2010,58,1,8,60,0,68,37,2025-08-15 16:14:48,tam_2010_injuries.csv,TAM,2025-08-17 09:13:21
TAM,2011,70,5,5,59,6,70,41,2025-08-15 16:14:51,tam_2011_injuries.csv,TAM,2025-08-17 09:13:21
TAM,2012,34,2,1,107,5,113,39,2025-08-15 16:14:56,tam_2012_injuries.csv,TAM,2025-08-17 09:13:21
TAM,2013,62,0,52,137,0,189,44,2025-08-15 16:14:59,tam_2013_injuries.csv,TAM,2025-08-17 09:13:21
TAM,2014,92,4,5,58,0,63,43,2025-08-15 16:15:04,tam_2014_injuries.csv,TAM,2025-08-17 09:13:21
TAM,2015,41,21,21,106,0,127,43,2025-08-15 16:15:09,tam_2015_injuries.csv,TAM,2025-08-17 09:13:21
TAM,2016,45,5,31,136,0,167,40,2025-08-15 16:15:13,tam_2016_injuries.csv,TAM,2025-08-17 09:13:21
TAM,2017,52,11,32,134,0,166,40,2025-08-15 16:15:18,tam_2017_injuries.csv,TAM,2025-08-17 09:13:21
TAM,2018,42,4,28,222,0,250,40,2025-08-15 16:15:23,tam_2018_injuries.csv,TAM,2025-08-17 09:13:21
TAM,2019,23,1,41,151,0,192,37,2025-08-15 16:15:27,tam_2019_injuries.csv,TAM,2025-08-17 09:13:21
TAM,2020,25,6,17,125,1,143,41,2025-08-15 16:15:31,tam_2020_injuries.csv,TAM,2025-08-17 09:13:21
TAM,2021,47,5,34,91,0,125,36,2025-08-15 16:15:36,tam_2021_injuries.csv,TAM,2025-08-17 09:13:21
TAM,2022,66,16,45,97,0,142,39,2025-08-15 16:15:40,tam_2022_injuries.csv,TAM,2025-08-17 09:13:21
TAM,2023,54,4,35,55,0,90,35,2025-08-15 16:15:42,tam_2023_injuries.csv,TAM,2025-08-17 09:13:21
TAM,2024,57,7,56,129,0,185,42,2025-08-15 16:50:49,tam_2024_injuries.csv,TAM,2025-08-17 09:13:21
WAS,2009,52,3,16,80,0,96,36,2025-08-17 08:43:48,was_2009_injuries.csv,WAS,2025-08-17 09:13:21
WAS,2010,86,5,27,72,0,99,41,2025-08-15 16:17:34,was_2010_injuries.csv,WAS,2025-08-17 09:13:21
WAS,2011,80,5,11,69,0,80,43,2025-08-15 16:17:38,was_2011_injuries.csv,WAS,2025-08-17 09:13:21
WAS,2012,56,3,25,169,16,210,49,2025-08-15 16:17:40,was_2012_injuries.csv,WAS,2025-08-17 09:13:21
WAS,2013,51,1,0,64,26,90,40,2025-08-15 16:17:45,was_2013_injuries.csv,WAS,2025-08-17 09:13:21
WAS,2014,81,2,13,118,13,144,50,2025-08-15 16:17:47,was_2014_injuries.csv,WAS,2025-08-17 09:13:21
WAS,2015,59,3,26,169,0,195,48,2025-08-15 16:17:50,was_2015_injuries.csv,WAS,2025-08-17 09:13:21
WAS,2016,60,1,19,149,0,168,41,2025-08-15 16:17:55,was_2016_injuries.csv,WAS,2025-08-17 09:13:21
WAS,2017,99,5,25,226,0,251,55,2025-08-15 16:17:58,was_2017_injuries.csv,WAS,2025-08-17 09:13:21
WAS,2018,65,4,21,237,0,258,46,2025-08-15 16:18:02,was_2018_injuries.csv,WAS,2025-08-17 09:13:21
WAS,2019,32,3,50,190,28,268,46,2025-08-15 16:18:06,was_2019_injuries.csv,WAS,2025-08-17 09:13:21
WAS,2020,41,4,33,165,0,198,46,2025-08-15 16:18:10,was_2020_injuries.csv,WAS,2025-08-17 09:13:21
WAS,2021,35,1,39,141,0,180,43,2025-08-15 16:18:13,was_2021_injuries.csv,WAS,2025-08-17 09:13:21
WAS,2022,37,0,44,131,0,175,47,2025-08-15 16:18:17,was_2022_injuries.csv,WAS,2025-08-17 09:13:21
WAS,2023,13,1,30,176,0,206,40,2025-08-15 16:18:21,was_2023_injuries.csv,WAS,2025-08-17 09:13:21
WAS,2024,34,4,41,77,0,118,37,2025-08-15 16:51:25,was_2024_injuries.csv,WAS,2025-08-17 09:13:21
