Team,Year,SoS,Win_Pct,Extraction_Date
AKR,1920,7.3,0.8636,2025-08-16 10:08:32
AKR,1921,2.0,0.7083,2025-08-16 10:08:32
AKR,1922,2.3,0.4,2025-08-16 10:08:32
AKR,1923,9.7,0.1429,2025-08-16 10:08:32
AKR,1924,2.4,0.25,2025-08-16 10:08:32
AKR,1925,2.7,0.625,2025-08-16 10:08:32
AKR,1926,0.9,0.3125,2025-08-16 10:08:32
ATL,1966,1.1,0.2143,2025-08-16 10:08:32
ATL,1967,3.2,0.1071,2025-08-16 10:08:32
ATL,1968,3.7,0.1429,2025-08-16 10:08:32
ATL,1969,2.3,0.4286,2025-08-16 10:08:32
ATL,1970,1.6,0.3571,2025-08-16 10:08:32
ATL,1971,1.5,0.5357,2025-08-16 10:08:32
ATL,1972,-1.6,0.5,2025-08-16 10:08:32
ATL,1973,-0.9,0.6429,2025-08-16 10:08:32
ATL,1974,-0.9,0.2143,2025-08-16 10:08:32
ATL,1975,0.0,0.2857,2025-08-16 10:08:32
ATL,1976,-0.3,0.2857,2025-08-16 10:08:32
ATL,1977,-3.1,0.5,2025-08-16 10:08:32
ATL,1978,-1.5,0.5625,2025-08-16 10:08:32
ATL,1979,-1.1,0.375,2025-08-16 10:08:32
ATL,1980,-0.5,0.75,2025-08-16 10:08:32
ATL,1981,-0.5,0.4375,2025-08-16 10:08:32
ATL,1982,-2.0,0.5556,2025-08-16 10:08:32
ATL,1983,2.0,0.4375,2025-08-16 10:08:32
ATL,1984,-0.3,0.25,2025-08-16 10:08:32
ATL,1985,1.7,0.25,2025-08-16 10:08:32
ATL,1986,-0.5,0.4688,2025-08-16 10:08:32
ATL,1987,1.6,0.2,2025-08-16 10:08:32
ATL,1988,-0.1,0.3125,2025-08-16 10:08:32
ATL,1989,0.8,0.1875,2025-08-16 10:08:32
ATL,1990,-1.1,0.3125,2025-08-16 10:08:32
ATL,1991,2.0,0.625,2025-08-16 10:08:32
ATL,1992,1.4,0.375,2025-08-16 10:08:32
ATL,1993,-0.1,0.375,2025-08-16 10:08:32
ATL,1994,0.0,0.4375,2025-08-16 10:08:32
ATL,1995,-0.7,0.5625,2025-08-16 10:08:32
ATL,1996,0.4,0.1875,2025-08-16 10:08:32
ATL,1997,-1.6,0.4375,2025-08-16 10:08:32
ATL,1998,0.4,0.875,2025-08-16 10:08:32
ATL,1999,-1.1,0.3125,2025-08-16 10:08:32
ATL,2000,1.5,0.25,2025-08-16 10:08:32
ATL,2001,0.7,0.4375,2025-08-16 10:08:32
ATL,2002,-0.4,0.5938,2025-08-16 10:08:32
ATL,2003,0.3,0.3125,2025-08-16 10:08:32
ATL,2004,-2.4,0.6875,2025-08-16 10:08:32
ATL,2005,-1.9,0.5,2025-08-16 10:08:32
ATL,2006,-0.8,0.4375,2025-08-16 10:08:32
ATL,2007,-0.9,0.25,2025-08-16 10:08:32
ATL,2008,-0.3,0.6875,2025-08-16 10:08:32
ATL,2009,2.7,0.5625,2025-08-16 10:08:32
ATL,2010,-1.8,0.8125,2025-08-16 10:08:32
ATL,2011,0.3,0.625,2025-08-16 10:08:32
ATL,2012,-1.1,0.8125,2025-08-16 10:08:32
ATL,2013,2.9,0.25,2025-08-16 10:08:32
ATL,2014,-1.6,0.375,2025-08-16 10:08:32
ATL,2015,-3.4,0.5,2025-08-16 10:08:32
ATL,2016,0.1,0.6875,2025-08-16 10:08:32
ATL,2017,1.9,0.625,2025-08-16 10:08:32
ATL,2018,0.4,0.4375,2025-08-16 10:08:32
ATL,2019,1.1,0.4375,2025-08-16 10:08:32
ATL,2020,1.9,0.25,2025-08-16 10:08:32
ATL,2021,0.1,0.4118,2025-08-16 10:08:32
ATL,2022,-0.9,0.4118,2025-08-16 10:08:32
ATL,2023,-1.9,0.4118,2025-08-16 10:08:32
ATL,2024,-0.2,0.4706,2025-08-16 10:08:32
BBA,1946,1.1,0.25,2025-08-16 10:08:32
BBA,1947,-0.3,0.6429,2025-08-16 10:08:32
BBA,1948,0.0,0.5,2025-08-16 10:08:32
BBA,1949,0.2,0.5,2025-08-16 10:08:32
BCL,1947,1.9,0.1786,2025-08-16 10:08:32
BCL,1948,-0.1,0.5,2025-08-16 10:08:32
BCL,1949,1.8,0.0833,2025-08-16 10:08:32
BCL,1950,1.0,0.0833,2025-08-16 10:08:32
BDA,1946,1.0,0.25,2025-08-16 10:08:32
BDA,1947,1.4,0.25,2025-08-16 10:08:32
BDA,1948,1.2,0.1429,2025-08-16 10:08:32
BFF,1920,-7.9,0.8636,2025-08-16 10:08:32
BFF,1921,-5.0,0.8333,2025-08-16 10:08:32
BFF,1922,1.7,0.55,2025-08-16 10:08:32
BFF,1923,-0.5,0.5417,2025-08-16 10:08:32
BFF,1924,-10.6,0.5455,2025-08-16 10:08:32
BFF,1925,2.4,0.2222,2025-08-16 10:08:32
BFF,1926,-0.9,0.5,2025-08-16 10:08:32
BFF,1927,-2.2,0.0,2025-08-16 10:08:32
BFF,1929,0.4,0.1667,2025-08-16 10:08:32
BKN,1930,-2.1,0.625,2025-08-16 10:08:32
BKN,1931,1.4,0.1429,2025-08-16 10:08:32
BKN,1932,-0.6,0.25,2025-08-16 10:08:32
BKN,1933,-3.7,0.55,2025-08-16 10:08:32
BKN,1934,0.4,0.3636,2025-08-16 10:08:32
BKN,1935,-1.6,0.4583,2025-08-16 10:08:32
BKN,1936,-1.8,0.2917,2025-08-16 10:08:32
BKN,1937,-0.9,0.3182,2025-08-16 10:08:32
BKN,1938,0.2,0.5,2025-08-16 10:08:32
BKN,1939,-0.3,0.4091,2025-08-16 10:08:32
BKN,1940,-2.3,0.7273,2025-08-16 10:08:32
BKN,1941,-3.3,0.6364,2025-08-16 10:08:32
BKN,1942,1.1,0.2727,2025-08-16 10:08:32
BKN,1943,2.1,0.2,2025-08-16 10:08:32
BKN,1944,3.1,0.0,2025-08-16 10:08:32
BRL,1926,-1.4,0.2727,2025-08-16 10:08:32
BUF,1960,0.1,0.3929,2025-08-16 10:08:32
BUF,1961,0.4,0.4286,2025-08-16 10:08:32
BUF,1962,-0.3,0.5357,2025-08-16 10:08:32
BUF,1963,-0.1,0.5357,2025-08-16 10:08:32
BUF,1964,-1.4,0.8571,2025-08-16 10:08:32
BUF,1965,-0.8,0.75,2025-08-16 10:08:32
BUF,1966,-0.2,0.6786,2025-08-16 10:08:32
BUF,1967,-0.2,0.2857,2025-08-16 10:08:32
BUF,1968,1.2,0.1071,2025-08-16 10:08:32
BUF,1969,0.9,0.2857,2025-08-16 10:08:32
BUF,1970,-2.8,0.25,2025-08-16 10:08:32
BUF,1971,1.6,0.0714,2025-08-16 10:08:32
BUF,1972,1.4,0.3214,2025-08-16 10:08:32
BUF,1973,-1.7,0.6429,2025-08-16 10:08:32
BUF,1974,-0.4,0.6429,2025-08-16 10:08:32
BUF,1975,2.4,0.5714,2025-08-16 10:08:32
BUF,1976,-0.8,0.1429,2025-08-16 10:08:32
BUF,1977,3.0,0.2143,2025-08-16 10:08:32
BUF,1978,0.0,0.3125,2025-08-16 10:08:32
BUF,1979,0.4,0.4375,2025-08-16 10:08:32
BUF,1980,0.2,0.6875,2025-08-16 10:08:32
BUF,1981,-0.9,0.625,2025-08-16 10:08:32
BUF,1982,1.9,0.4444,2025-08-16 10:08:32
BUF,1983,0.5,0.5,2025-08-16 10:08:32
BUF,1984,0.7,0.125,2025-08-16 10:08:32
BUF,1985,1.5,0.125,2025-08-16 10:08:32
BUF,1986,-2.0,0.25,2025-08-16 10:08:32
BUF,1987,2.1,0.4667,2025-08-16 10:08:32
BUF,1988,0.6,0.75,2025-08-16 10:08:32
BUF,1989,-1.4,0.5625,2025-08-16 10:08:32
BUF,1990,-1.7,0.8125,2025-08-16 10:08:32
BUF,1991,-5.2,0.8125,2025-08-16 10:08:32
BUF,1992,-1.9,0.6875,2025-08-16 10:08:32
BUF,1993,-0.6,0.75,2025-08-16 10:08:32
BUF,1994,0.8,0.4375,2025-08-16 10:08:32
BUF,1995,-1.8,0.625,2025-08-16 10:08:32
BUF,1996,-0.4,0.625,2025-08-16 10:08:32
BUF,1997,2.5,0.375,2025-08-16 10:08:32
BUF,1998,1.0,0.625,2025-08-16 10:08:32
BUF,1999,1.5,0.6875,2025-08-16 10:08:32
BUF,2000,2.2,0.5,2025-08-16 10:08:32
BUF,2001,0.2,0.1875,2025-08-16 10:08:32
BUF,2002,0.9,0.5,2025-08-16 10:08:32
BUF,2003,1.3,0.375,2025-08-16 10:08:32
BUF,2004,1.1,0.5625,2025-08-16 10:08:32
BUF,2005,0.2,0.3125,2025-08-16 10:08:32
BUF,2006,2.9,0.4375,2025-08-16 10:08:32
BUF,2007,2.3,0.4375,2025-08-16 10:08:32
BUF,2008,-3.0,0.4375,2025-08-16 10:08:32
BUF,2009,2.4,0.375,2025-08-16 10:08:32
BUF,2010,4.3,0.25,2025-08-16 10:08:32
BUF,2011,0.5,0.375,2025-08-16 10:08:32
BUF,2012,-1.0,0.375,2025-08-16 10:08:32
BUF,2013,-0.1,0.375,2025-08-16 10:08:32
BUF,2014,1.6,0.5625,2025-08-16 10:08:32
BUF,2015,-1.2,0.5,2025-08-16 10:08:32
BUF,2016,-1.6,0.4375,2025-08-16 10:08:32
BUF,2017,-0.5,0.5625,2025-08-16 10:08:32
BUF,2018,-0.3,0.375,2025-08-16 10:08:32
BUF,2019,-1.3,0.625,2025-08-16 10:08:32
BUF,2020,-0.2,0.8125,2025-08-16 10:08:32
BUF,2021,-1.6,0.6471,2025-08-16 10:08:32
BUF,2022,0.4,0.8125,2025-08-16 10:08:32
BUF,2023,-1.8,0.6471,2025-08-16 10:08:32
BUF,2024,-1.1,0.7647,2025-08-16 10:08:32
BYK,1944,3.9,0.2,2025-08-16 10:08:32
BYK,1945,1.6,0.35,2025-08-16 10:08:32
BYK,1946,0.5,0.2273,2025-08-16 10:08:32
BYK,1947,-1.6,0.375,2025-08-16 10:08:32
BYK,1948,0.9,0.25,2025-08-16 10:08:32
CAR,1995,-1.5,0.4375,2025-08-16 10:08:32
CAR,1996,-2.3,0.75,2025-08-16 10:08:32
CAR,1997,-0.5,0.4375,2025-08-16 10:08:32
CAR,1998,3.5,0.25,2025-08-16 10:08:32
CAR,1999,-3.6,0.5,2025-08-16 10:08:32
CAR,2000,-1.1,0.4375,2025-08-16 10:08:32
CAR,2001,0.9,0.0625,2025-08-16 10:08:32
CAR,2002,-0.5,0.4375,2025-08-16 10:08:32
CAR,2003,-2.2,0.6875,2025-08-16 10:08:32
CAR,2004,-1.7,0.4375,2025-08-16 10:08:32
CAR,2005,-3.2,0.6875,2025-08-16 10:08:32
CAR,2006,-0.5,0.5,2025-08-16 10:08:32
CAR,2007,-0.8,0.4375,2025-08-16 10:08:32
CAR,2008,0.3,0.75,2025-08-16 10:08:32
CAR,2009,3.5,0.5,2025-08-16 10:08:32
CAR,2010,0.1,0.125,2025-08-16 10:08:32
CAR,2011,0.1,0.375,2025-08-16 10:08:32
CAR,2012,1.2,0.4375,2025-08-16 10:08:32
CAR,2013,1.4,0.75,2025-08-16 10:08:32
CAR,2014,-0.9,0.4688,2025-08-16 10:08:32
CAR,2015,-3.9,0.9375,2025-08-16 10:08:32
CAR,2016,1.1,0.375,2025-08-16 10:08:32
CAR,2017,2.1,0.6875,2025-08-16 10:08:32
CAR,2018,1.3,0.4375,2025-08-16 10:08:32
CAR,2019,1.1,0.3125,2025-08-16 10:08:32
CAR,2020,2.2,0.3125,2025-08-16 10:08:32
CAR,2021,0.4,0.2941,2025-08-16 10:08:32
CAR,2022,-0.6,0.4118,2025-08-16 10:08:32
CAR,2023,0.7,0.1176,2025-08-16 10:08:32
CAR,2024,0.4,0.2941,2025-08-16 10:08:32
CBD,1920,6.6,0.6154,2025-08-16 10:08:32
CBD,1921,7.2,0.65,2025-08-16 10:08:32
CBD,1922,-3.4,0.9167,2025-08-16 10:08:32
CBD,1923,-3.1,0.9583,2025-08-16 10:08:32
CBD,1925,-0.7,0.5,2025-08-16 10:08:32
CBD,1926,-0.6,0.1923,2025-08-16 10:08:32
CCL,1921,0.1,0.25,2025-08-16 10:08:32
CHI,1920,-0.3,0.8462,2025-08-16 10:08:32
CHI,1921,-3.9,0.8636,2025-08-16 10:08:32
CHI,1922,-0.4,0.75,2025-08-16 10:08:32
CHI,1923,-2.2,0.7917,2025-08-16 10:08:32
CHI,1924,0.1,0.7273,2025-08-16 10:08:32
CHI,1925,-0.5,0.6176,2025-08-16 10:08:32
CHI,1926,-1.4,0.8438,2025-08-16 10:08:32
CHI,1927,-1.0,0.7143,2025-08-16 10:08:32
CHI,1928,-4.3,0.5769,2025-08-16 10:08:32
CHI,1929,1.8,0.3333,2025-08-16 10:08:32
CHI,1930,0.8,0.6786,2025-08-16 10:08:32
CHI,1931,1.6,0.6154,2025-08-16 10:08:32
CHI,1932,-0.5,0.7143,2025-08-16 10:08:32
CHI,1933,3.0,0.8077,2025-08-16 10:08:32
CHI,1934,-1.0,1.0,2025-08-16 10:08:32
CHI,1935,1.1,0.5833,2025-08-16 10:08:32
CHI,1936,0.4,0.75,2025-08-16 10:08:32
CHI,1937,0.6,0.8636,2025-08-16 10:08:32
CHI,1938,-0.1,0.5455,2025-08-16 10:08:32
CHI,1939,-0.6,0.7273,2025-08-16 10:08:32
CHI,1940,1.2,0.7273,2025-08-16 10:08:32
CHI,1941,-2.4,0.9091,2025-08-16 10:08:32
CHI,1942,-5.2,1.0,2025-08-16 10:08:32
CHI,1943,-1.7,0.85,2025-08-16 10:08:32
CHI,1944,-1.6,0.65,2025-08-16 10:08:32
CHI,1945,1.4,0.3,2025-08-16 10:08:32
CHI,1946,-0.9,0.7727,2025-08-16 10:08:32
CHI,1947,1.5,0.6667,2025-08-16 10:08:32
CHI,1948,-1.3,0.8333,2025-08-16 10:08:32
CHI,1949,0.3,0.75,2025-08-16 10:08:32
CHI,1950,-3.7,0.75,2025-08-16 10:08:32
CHI,1951,-1.5,0.5833,2025-08-16 10:08:32
CHI,1952,0.0,0.4167,2025-08-16 10:08:32
CHI,1953,-0.9,0.2917,2025-08-16 10:08:32
CHI,1954,2.9,0.6667,2025-08-16 10:08:32
CHI,1955,-3.6,0.6667,2025-08-16 10:08:32
CHI,1956,0.3,0.7917,2025-08-16 10:08:32
CHI,1957,0.1,0.4167,2025-08-16 10:08:32
CHI,1958,0.2,0.6667,2025-08-16 10:08:32
CHI,1959,0.8,0.6667,2025-08-16 10:08:32
CHI,1960,0.8,0.4583,2025-08-16 10:08:32
CHI,1961,2.5,0.5714,2025-08-16 10:08:32
CHI,1962,3.6,0.6429,2025-08-16 10:08:32
CHI,1963,-1.8,0.8571,2025-08-16 10:08:32
CHI,1964,3.9,0.3571,2025-08-16 10:08:32
CHI,1965,5.0,0.6429,2025-08-16 10:08:32
CHI,1966,2.5,0.4286,2025-08-16 10:08:32
CHI,1967,1.5,0.5357,2025-08-16 10:08:32
CHI,1968,0.9,0.5,2025-08-16 10:08:32
CHI,1969,3.4,0.0714,2025-08-16 10:08:32
CHI,1970,2.6,0.4286,2025-08-16 10:08:32
CHI,1971,3.1,0.4286,2025-08-16 10:08:32
CHI,1972,2.2,0.3214,2025-08-16 10:08:32
CHI,1973,1.1,0.2143,2025-08-16 10:08:32
CHI,1974,-1.2,0.2857,2025-08-16 10:08:32
CHI,1975,1.9,0.2857,2025-08-16 10:08:32
CHI,1976,1.9,0.5,2025-08-16 10:08:32
CHI,1977,-3.7,0.6429,2025-08-16 10:08:32
CHI,1978,-1.1,0.4375,2025-08-16 10:08:32
CHI,1979,-3.6,0.625,2025-08-16 10:08:32
CHI,1980,-1.1,0.4375,2025-08-16 10:08:32
CHI,1981,1.6,0.375,2025-08-16 10:08:32
CHI,1982,-1.7,0.3333,2025-08-16 10:08:32
CHI,1983,-1.7,0.5,2025-08-16 10:08:32
CHI,1984,-0.1,0.625,2025-08-16 10:08:32
CHI,1985,-0.2,0.9375,2025-08-16 10:08:32
CHI,1986,-2.7,0.875,2025-08-16 10:08:32
CHI,1987,-1.1,0.7333,2025-08-16 10:08:32
CHI,1988,0.5,0.75,2025-08-16 10:08:32
CHI,1989,1.2,0.375,2025-08-16 10:08:32
CHI,1990,-0.8,0.6875,2025-08-16 10:08:32
CHI,1991,-1.0,0.6875,2025-08-16 10:08:32
CHI,1992,0.6,0.3125,2025-08-16 10:08:32
CHI,1993,-0.5,0.4375,2025-08-16 10:08:32
CHI,1994,0.3,0.5625,2025-08-16 10:08:32
CHI,1995,0.3,0.5625,2025-08-16 10:08:32
CHI,1996,1.1,0.4375,2025-08-16 10:08:32
CHI,1997,1.4,0.25,2025-08-16 10:08:32
CHI,1998,2.0,0.25,2025-08-16 10:08:32
CHI,1999,2.3,0.375,2025-08-16 10:08:32
CHI,2000,2.4,0.3125,2025-08-16 10:08:32
CHI,2001,-0.5,0.8125,2025-08-16 10:08:32
CHI,2002,0.9,0.25,2025-08-16 10:08:32
CHI,2003,0.4,0.4375,2025-08-16 10:08:32
CHI,2004,-2.0,0.3125,2025-08-16 10:08:32
CHI,2005,-2.2,0.6875,2025-08-16 10:08:32
CHI,2006,-2.9,0.8125,2025-08-16 10:08:32
CHI,2007,2.1,0.4375,2025-08-16 10:08:32
CHI,2008,0.5,0.5625,2025-08-16 10:08:32
CHI,2009,-0.9,0.4375,2025-08-16 10:08:32
CHI,2010,1.1,0.6875,2025-08-16 10:08:32
CHI,2011,0.9,0.5,2025-08-16 10:08:32
CHI,2012,0.8,0.625,2025-08-16 10:08:32
CHI,2013,-2.1,0.5,2025-08-16 10:08:32
CHI,2014,1.0,0.3125,2025-08-16 10:08:32
CHI,2015,2.6,0.375,2025-08-16 10:08:32
CHI,2016,0.0,0.1875,2025-08-16 10:08:32
CHI,2017,2.2,0.3125,2025-08-16 10:08:32
CHI,2018,-2.3,0.75,2025-08-16 10:08:32
CHI,2019,0.2,0.5,2025-08-16 10:08:32
CHI,2020,0.1,0.5,2025-08-16 10:08:32
CHI,2021,0.5,0.3529,2025-08-16 10:08:32
CHI,2022,1.6,0.1765,2025-08-16 10:08:32
CHI,2023,-0.9,0.4118,2025-08-16 10:08:32
CHI,2024,1.2,0.2941,2025-08-16 10:08:32
CHT,1920,-2.5,0.3125,2025-08-16 10:08:32
CIB,1923,-2.5,0.6429,2025-08-16 10:08:32
CIB,1924,-7.3,0.8333,2025-08-16 10:08:32
CIB,1925,3.7,0.3929,2025-08-16 10:08:32
CIB,1927,1.8,0.6538,2025-08-16 10:08:32
CIN,1968,1.8,0.2143,2025-08-16 10:08:32
CIN,1969,2.0,0.3214,2025-08-16 10:08:32
CIN,1970,-3.5,0.5714,2025-08-16 10:08:32
CIN,1971,-1.9,0.2857,2025-08-16 10:08:32
CIN,1972,-0.9,0.5714,2025-08-16 10:08:32
CIN,1973,-0.9,0.7143,2025-08-16 10:08:32
CIN,1974,0.5,0.5,2025-08-16 10:08:32
CIN,1975,0.2,0.7857,2025-08-16 10:08:32
CIN,1976,1.2,0.7143,2025-08-16 10:08:32
CIN,1977,2.0,0.5714,2025-08-16 10:08:32
CIN,1978,0.7,0.25,2025-08-16 10:08:32
CIN,1979,3.9,0.25,2025-08-16 10:08:32
CIN,1980,0.6,0.375,2025-08-16 10:08:32
CIN,1981,-1.8,0.75,2025-08-16 10:08:32
CIN,1982,-2.5,0.7778,2025-08-16 10:08:32
CIN,1983,-2.3,0.4375,2025-08-16 10:08:32
CIN,1984,-1.2,0.5,2025-08-16 10:08:32
CIN,1985,-0.9,0.4375,2025-08-16 10:08:32
CIN,1986,0.5,0.625,2025-08-16 10:08:32
CIN,1987,2.0,0.2667,2025-08-16 10:08:32
CIN,1988,-1.3,0.75,2025-08-16 10:08:32
CIN,1989,-0.5,0.5,2025-08-16 10:08:32
CIN,1990,-1.6,0.5625,2025-08-16 10:08:32
CIN,1991,2.1,0.1875,2025-08-16 10:08:32
CIN,1992,-1.0,0.3125,2025-08-16 10:08:32
CIN,1993,-0.2,0.1875,2025-08-16 10:08:32
CIN,1994,1.2,0.1875,2025-08-16 10:08:32
CIN,1995,-0.2,0.4375,2025-08-16 10:08:32
CIN,1996,-0.3,0.5,2025-08-16 10:08:32
CIN,1997,1.0,0.4375,2025-08-16 10:08:32
CIN,1998,0.5,0.1875,2025-08-16 10:08:32
CIN,1999,-0.5,0.25,2025-08-16 10:08:32
CIN,2000,0.4,0.25,2025-08-16 10:08:32
CIN,2001,1.7,0.375,2025-08-16 10:08:32
CIN,2002,0.6,0.125,2025-08-16 10:08:32
CIN,2003,0.0,0.5,2025-08-16 10:08:32
CIN,2004,2.5,0.5,2025-08-16 10:08:32
CIN,2005,-0.6,0.6875,2025-08-16 10:08:32
CIN,2006,1.5,0.5,2025-08-16 10:08:32
CIN,2007,-2.1,0.4375,2025-08-16 10:08:32
CIN,2008,3.0,0.2812,2025-08-16 10:08:32
CIN,2009,-0.2,0.625,2025-08-16 10:08:32
CIN,2010,3.1,0.25,2025-08-16 10:08:32
CIN,2011,-0.9,0.5625,2025-08-16 10:08:32
CIN,2012,-2.4,0.625,2025-08-16 10:08:32
CIN,2013,-2.5,0.6875,2025-08-16 10:08:32
CIN,2014,-0.6,0.6562,2025-08-16 10:08:32
CIN,2015,1.9,0.75,2025-08-16 10:08:32
CIN,2016,0.4,0.4062,2025-08-16 10:08:32
CIN,2017,-1.3,0.4375,2025-08-16 10:08:32
CIN,2018,2.0,0.375,2025-08-16 10:08:32
CIN,2019,1.5,0.125,2025-08-16 10:08:32
CIN,2020,-0.4,0.2812,2025-08-16 10:08:32
CIN,2021,-1.9,0.5882,2025-08-16 10:08:32
CIN,2022,0.9,0.75,2025-08-16 10:08:32
CIN,2023,2.8,0.5294,2025-08-16 10:08:32
CIN,2024,-0.8,0.5294,2025-08-16 10:08:32
CLE,1946,-2.6,0.8571,2025-08-16 10:08:32
CLE,1947,-2.0,0.8929,2025-08-16 10:08:32
CLE,1948,-1.8,1.0,2025-08-16 10:08:32
CLE,1949,-2.2,0.8333,2025-08-16 10:08:32
CLE,1950,1.7,0.8333,2025-08-16 10:08:32
CLE,1951,-0.3,0.9167,2025-08-16 10:08:32
CLE,1952,0.7,0.6667,2025-08-16 10:08:32
CLE,1953,-1.5,0.9167,2025-08-16 10:08:32
CLE,1954,-4.1,0.75,2025-08-16 10:08:32
CLE,1955,1.1,0.7917,2025-08-16 10:08:32
CLE,1956,-1.6,0.4167,2025-08-16 10:08:32
CLE,1957,-1.2,0.7917,2025-08-16 10:08:32
CLE,1958,-2.0,0.75,2025-08-16 10:08:32
CLE,1959,-1.6,0.5833,2025-08-16 10:08:32
CLE,1960,-1.1,0.7083,2025-08-16 10:08:32
CLE,1961,-1.9,0.6071,2025-08-16 10:08:32
CLE,1962,-4.0,0.5357,2025-08-16 10:08:32
CLE,1963,-1.0,0.7143,2025-08-16 10:08:32
CLE,1964,-3.5,0.75,2025-08-16 10:08:32
CLE,1965,-7.1,0.7857,2025-08-16 10:08:32
CLE,1966,-2.7,0.6429,2025-08-16 10:08:32
CLE,1967,-1.3,0.6429,2025-08-16 10:08:32
CLE,1968,-1.5,0.7143,2025-08-16 10:08:32
CLE,1969,-2.8,0.75,2025-08-16 10:08:32
CLE,1970,-0.9,0.5,2025-08-16 10:08:32
CLE,1971,-0.6,0.6429,2025-08-16 10:08:32
CLE,1972,-1.1,0.7143,2025-08-16 10:08:32
CLE,1973,0.3,0.5714,2025-08-16 10:08:32
CLE,1974,2.4,0.2857,2025-08-16 10:08:32
CLE,1975,4.2,0.2143,2025-08-16 10:08:32
CLE,1976,-0.3,0.6429,2025-08-16 10:08:32
CLE,1977,2.4,0.4286,2025-08-16 10:08:32
CLE,1978,-0.6,0.5,2025-08-16 10:08:32
CLE,1979,2.6,0.5625,2025-08-16 10:08:32
CLE,1980,-1.1,0.6875,2025-08-16 10:08:32
CLE,1981,-0.3,0.3125,2025-08-16 10:08:32
CLE,1982,1.2,0.4444,2025-08-16 10:08:32
CLE,1983,-3.1,0.5625,2025-08-16 10:08:32
CLE,1984,-0.8,0.3125,2025-08-16 10:08:32
CLE,1985,-0.8,0.5,2025-08-16 10:08:32
CLE,1986,-1.4,0.75,2025-08-16 10:08:32
CLE,1987,0.7,0.6667,2025-08-16 10:08:32
CLE,1988,-0.5,0.625,2025-08-16 10:08:32
CLE,1989,-0.6,0.5938,2025-08-16 10:08:32
CLE,1990,1.7,0.1875,2025-08-16 10:08:32
CLE,1991,0.0,0.375,2025-08-16 10:08:32
CLE,1992,-0.8,0.4375,2025-08-16 10:08:32
CLE,1993,-1.0,0.4375,2025-08-16 10:08:32
CLE,1994,-1.2,0.6875,2025-08-16 10:08:32
CLE,1995,0.4,0.3125,2025-08-16 10:08:32
CLE,1999,-0.3,0.125,2025-08-16 10:08:32
CLE,2000,1.5,0.1875,2025-08-16 10:08:32
CLE,2001,1.3,0.4375,2025-08-16 10:08:32
CLE,2002,-0.3,0.5625,2025-08-16 10:08:32
CLE,2003,1.3,0.3125,2025-08-16 10:08:32
CLE,2004,3.7,0.25,2025-08-16 10:08:32
CLE,2005,0.1,0.375,2025-08-16 10:08:32
CLE,2006,1.5,0.25,2025-08-16 10:08:32
CLE,2007,-2.3,0.625,2025-08-16 10:08:32
CLE,2008,2.7,0.25,2025-08-16 10:08:32
CLE,2009,-0.3,0.3125,2025-08-16 10:08:32
CLE,2010,2.3,0.3125,2025-08-16 10:08:32
CLE,2011,0.2,0.25,2025-08-16 10:08:32
CLE,2012,-1.2,0.3125,2025-08-16 10:08:32
CLE,2013,-1.6,0.25,2025-08-16 10:08:32
CLE,2014,-1.5,0.4375,2025-08-16 10:08:32
CLE,2015,3.5,0.1875,2025-08-16 10:08:32
CLE,2016,1.7,0.0625,2025-08-16 10:08:32
CLE,2017,0.0,0.0,2025-08-16 10:08:32
CLE,2018,1.7,0.4688,2025-08-16 10:08:32
CLE,2019,1.7,0.375,2025-08-16 10:08:32
CLE,2020,-1.9,0.6875,2025-08-16 10:08:32
CLE,2021,0.0,0.4706,2025-08-16 10:08:32
CLE,2022,1.1,0.4118,2025-08-16 10:08:32
CLE,2023,1.3,0.6471,2025-08-16 10:08:32
CLE,2024,1.2,0.1765,2025-08-16 10:08:32
CLI,1931,2.8,0.2,2025-08-16 10:08:32
CLT,1953,2.0,0.25,2025-08-16 10:08:32
CLT,1954,4.1,0.25,2025-08-16 10:08:32
CLT,1955,-2.5,0.4583,2025-08-16 10:08:32
CLT,1956,1.3,0.4167,2025-08-16 10:08:32
CLT,1957,-0.4,0.5833,2025-08-16 10:08:32
CLT,1958,-0.7,0.75,2025-08-16 10:08:32
CLT,1959,-0.2,0.75,2025-08-16 10:08:32
CLT,1960,-2.5,0.5,2025-08-16 10:08:32
CLT,1961,1.5,0.5714,2025-08-16 10:08:32
CLT,1962,3.2,0.5,2025-08-16 10:08:32
CLT,1963,-0.2,0.5714,2025-08-16 10:08:32
CLT,1964,1.0,0.8571,2025-08-16 10:08:32
CLT,1965,5.4,0.75,2025-08-16 10:08:32
CLT,1966,1.4,0.6429,2025-08-16 10:08:32
CLT,1967,-0.8,0.8571,2025-08-16 10:08:32
CLT,1968,-0.6,0.9286,2025-08-16 10:08:32
CLT,1969,2.2,0.6071,2025-08-16 10:08:32
CLT,1970,-5.8,0.8214,2025-08-16 10:08:32
CLT,1971,-1.9,0.7143,2025-08-16 10:08:32
CLT,1972,-1.1,0.3571,2025-08-16 10:08:32
CLT,1973,-0.2,0.2857,2025-08-16 10:08:32
CLT,1974,1.3,0.1429,2025-08-16 10:08:32
CLT,1975,-0.4,0.7143,2025-08-16 10:08:32
CLT,1976,-2.5,0.7857,2025-08-16 10:08:32
CLT,1977,-0.3,0.7143,2025-08-16 10:08:32
CLT,1978,2.6,0.3125,2025-08-16 10:08:32
CLT,1979,1.5,0.3125,2025-08-16 10:08:32
CLT,1980,0.5,0.4375,2025-08-16 10:08:32
CLT,1981,1.3,0.125,2025-08-16 10:08:32
CLT,1982,4.8,0.0556,2025-08-16 10:08:32
CLT,1983,-1.2,0.4375,2025-08-16 10:08:32
CLT,1984,-0.2,0.25,2025-08-16 10:08:32
CLT,1985,1.5,0.3125,2025-08-16 10:08:32
CLT,1986,0.3,0.1875,2025-08-16 10:08:32
CLT,1987,0.1,0.6,2025-08-16 10:08:32
CLT,1988,0.8,0.5625,2025-08-16 10:08:32
CLT,1989,-0.3,0.5,2025-08-16 10:08:32
CLT,1990,0.6,0.4375,2025-08-16 10:08:32
CLT,1991,-2.4,0.0625,2025-08-16 10:08:32
CLT,1992,-1.6,0.5625,2025-08-16 10:08:32
CLT,1993,0.5,0.25,2025-08-16 10:08:32
CLT,1994,-0.7,0.5,2025-08-16 10:08:32
CLT,1995,-2.3,0.5625,2025-08-16 10:08:32
CLT,1996,-0.6,0.5625,2025-08-16 10:08:32
CLT,1997,1.2,0.1875,2025-08-16 10:08:32
CLT,1998,3.0,0.1875,2025-08-16 10:08:32
CLT,1999,0.5,0.8125,2025-08-16 10:08:32
CLT,2000,1.5,0.625,2025-08-16 10:08:32
CLT,2001,0.8,0.375,2025-08-16 10:08:32
CLT,2002,-1.1,0.625,2025-08-16 10:08:32
CLT,2003,0.0,0.75,2025-08-16 10:08:32
CLT,2004,0.7,0.75,2025-08-16 10:08:32
CLT,2005,-1.2,0.875,2025-08-16 10:08:32
CLT,2006,1.7,0.75,2025-08-16 10:08:32
CLT,2007,0.3,0.8125,2025-08-16 10:08:32
CLT,2008,1.6,0.75,2025-08-16 10:08:32
CLT,2009,-0.9,0.875,2025-08-16 10:08:32
CLT,2010,-0.1,0.625,2025-08-16 10:08:32
CLT,2011,0.4,0.125,2025-08-16 10:08:32
CLT,2012,-2.8,0.6875,2025-08-16 10:08:32
CLT,2013,0.6,0.6875,2025-08-16 10:08:32
CLT,2014,-1.1,0.6875,2025-08-16 10:08:32
CLT,2015,-2.0,0.5,2025-08-16 10:08:32
CLT,2016,-0.8,0.5,2025-08-16 10:08:32
CLT,2017,-1.3,0.25,2025-08-16 10:08:32
CLT,2018,-2.2,0.625,2025-08-16 10:08:32
CLT,2019,-1.1,0.4375,2025-08-16 10:08:32
CLT,2020,-2.8,0.6875,2025-08-16 10:08:32
CLT,2021,-0.6,0.5294,2025-08-16 10:08:32
CLT,2022,-0.5,0.2647,2025-08-16 10:08:32
CLT,2023,-0.2,0.5294,2025-08-16 10:08:32
CLT,2024,-0.7,0.4706,2025-08-16 10:08:32
COL,1920,6.6,0.3,2025-08-16 10:08:32
COL,1921,7.8,0.1111,2025-08-16 10:08:32
COL,1922,7.3,0.0,2025-08-16 10:08:32
COL,1923,-4.2,0.55,2025-08-16 10:08:32
COL,1924,-0.8,0.5,2025-08-16 10:08:32
COL,1925,9.0,0.0,2025-08-16 10:08:32
COL,1926,2.3,0.1429,2025-08-16 10:08:32
CRA,1946,0.5,0.4643,2025-08-16 10:08:32
CRA,1947,1.4,0.0714,2025-08-16 10:08:32
CRA,1948,2.1,0.0714,2025-08-16 10:08:32
CRA,1949,1.5,0.3333,2025-08-16 10:08:32
CRD,1920,-1.9,0.7,2025-08-16 10:08:32
CRD,1921,-2.6,0.5,2025-08-16 10:08:32
CRD,1922,-5.0,0.7273,2025-08-16 10:08:32
CRD,1923,-7.1,0.6667,2025-08-16 10:08:32
CRD,1924,-6.4,0.55,2025-08-16 10:08:32
CRD,1925,-10.1,0.8214,2025-08-16 10:08:32
CRD,1926,3.0,0.4583,2025-08-16 10:08:32
CRD,1927,1.8,0.3182,2025-08-16 10:08:32
CRD,1928,1.1,0.1667,2025-08-16 10:08:32
CRD,1929,0.2,0.5,2025-08-16 10:08:32
CRD,1930,1.4,0.4615,2025-08-16 10:08:32
CRD,1931,3.9,0.5556,2025-08-16 10:08:32
CRD,1932,1.1,0.3,2025-08-16 10:08:32
CRD,1933,-0.3,0.1364,2025-08-16 10:08:32
CRD,1934,2.7,0.4545,2025-08-16 10:08:32
CRD,1935,2.5,0.5833,2025-08-16 10:08:32
CRD,1936,4.3,0.2917,2025-08-16 10:08:32
CRD,1937,2.6,0.5,2025-08-16 10:08:32
CRD,1938,2.4,0.1818,2025-08-16 10:08:32
CRD,1939,5.8,0.0909,2025-08-16 10:08:32
CRD,1940,3.3,0.2727,2025-08-16 10:08:32
CRD,1941,4.8,0.3182,2025-08-16 10:08:32
CRD,1942,2.5,0.2727,2025-08-16 10:08:32
CRD,1943,3.9,0.0,2025-08-16 10:08:32
CRD,1944,4.1,0.0,2025-08-16 10:08:32
CRD,1945,4.8,0.1,2025-08-16 10:08:32
CRD,1946,-0.6,0.5455,2025-08-16 10:08:32
CRD,1947,1.9,0.75,2025-08-16 10:08:32
CRD,1948,-0.9,0.9167,2025-08-16 10:08:32
CRD,1949,-0.2,0.5417,2025-08-16 10:08:32
CRD,1950,5.7,0.4167,2025-08-16 10:08:32
CRD,1951,2.5,0.25,2025-08-16 10:08:32
CRD,1952,0.0,0.3333,2025-08-16 10:08:32
CRD,1953,2.6,0.125,2025-08-16 10:08:32
CRD,1954,-0.8,0.1667,2025-08-16 10:08:32
CRD,1955,3.6,0.375,2025-08-16 10:08:32
CRD,1956,-1.4,0.5833,2025-08-16 10:08:32
CRD,1957,0.7,0.25,2025-08-16 10:08:32
CRD,1958,0.5,0.2083,2025-08-16 10:08:32
CRD,1959,-0.7,0.1667,2025-08-16 10:08:32
CRD,1960,0.3,0.5417,2025-08-16 10:08:32
CRD,1961,-2.4,0.5,2025-08-16 10:08:32
CRD,1962,-2.0,0.3214,2025-08-16 10:08:32
CRD,1963,-0.1,0.6429,2025-08-16 10:08:32
CRD,1964,-2.5,0.7143,2025-08-16 10:08:32
CRD,1965,-6.1,0.3571,2025-08-16 10:08:32
CRD,1966,-2.3,0.6071,2025-08-16 10:08:32
CRD,1967,-0.7,0.4643,2025-08-16 10:08:32
CRD,1968,-0.7,0.6786,2025-08-16 10:08:32
CRD,1969,-1.7,0.3214,2025-08-16 10:08:32
CRD,1970,0.5,0.6071,2025-08-16 10:08:32
CRD,1971,-0.8,0.3214,2025-08-16 10:08:32
CRD,1972,2.2,0.3214,2025-08-16 10:08:32
CRD,1973,2.3,0.3214,2025-08-16 10:08:32
CRD,1974,1.0,0.7143,2025-08-16 10:08:32
CRD,1975,-2.2,0.7857,2025-08-16 10:08:32
CRD,1976,-0.4,0.7143,2025-08-16 10:08:32
CRD,1977,-0.3,0.5,2025-08-16 10:08:32
CRD,1978,0.5,0.375,2025-08-16 10:08:32
CRD,1979,0.4,0.3125,2025-08-16 10:08:32
CRD,1980,0.8,0.3125,2025-08-16 10:08:32
CRD,1981,1.1,0.4375,2025-08-16 10:08:32
CRD,1982,1.2,0.5556,2025-08-16 10:08:32
CRD,1983,2.3,0.5312,2025-08-16 10:08:32
CRD,1984,0.5,0.5625,2025-08-16 10:08:32
CRD,1985,-1.6,0.3125,2025-08-16 10:08:32
CRD,1986,0.2,0.2812,2025-08-16 10:08:32
CRD,1987,-0.5,0.4667,2025-08-16 10:08:32
CRD,1988,0.2,0.4375,2025-08-16 10:08:32
CRD,1989,0.3,0.3125,2025-08-16 10:08:32
CRD,1990,1.3,0.3125,2025-08-16 10:08:32
CRD,1991,3.8,0.25,2025-08-16 10:08:32
CRD,1992,2.5,0.25,2025-08-16 10:08:32
CRD,1993,0.4,0.4375,2025-08-16 10:08:32
CRD,1994,-0.3,0.5,2025-08-16 10:08:32
CRD,1995,1.7,0.25,2025-08-16 10:08:32
CRD,1996,-1.4,0.4375,2025-08-16 10:08:32
CRD,1997,-0.4,0.25,2025-08-16 10:08:32
CRD,1998,-4.1,0.5625,2025-08-16 10:08:32
CRD,1999,-0.2,0.375,2025-08-16 10:08:32
CRD,2000,-0.7,0.1875,2025-08-16 10:08:32
CRD,2001,-1.2,0.4375,2025-08-16 10:08:32
CRD,2002,-0.2,0.3125,2025-08-16 10:08:32
CRD,2003,1.6,0.25,2025-08-16 10:08:32
CRD,2004,-2.5,0.375,2025-08-16 10:08:32
CRD,2005,-0.2,0.3125,2025-08-16 10:08:32
CRD,2006,-2.2,0.3125,2025-08-16 10:08:32
CRD,2007,-4.3,0.5,2025-08-16 10:08:32
CRD,2008,-1.9,0.5625,2025-08-16 10:08:32
CRD,2009,-3.4,0.625,2025-08-16 10:08:32
CRD,2010,-3.6,0.3125,2025-08-16 10:08:32
CRD,2011,0.0,0.5,2025-08-16 10:08:32
CRD,2012,3.5,0.3125,2025-08-16 10:08:32
CRD,2013,3.0,0.625,2025-08-16 10:08:32
CRD,2014,1.3,0.6875,2025-08-16 10:08:32
CRD,2015,1.3,0.8125,2025-08-16 10:08:32
CRD,2016,-1.9,0.4688,2025-08-16 10:08:32
CRD,2017,0.4,0.5,2025-08-16 10:08:32
CRD,2018,1.0,0.1875,2025-08-16 10:08:32
CRD,2019,1.8,0.3438,2025-08-16 10:08:32
CRD,2020,-0.1,0.5,2025-08-16 10:08:32
CRD,2021,0.3,0.6471,2025-08-16 10:08:32
CRD,2022,0.2,0.2353,2025-08-16 10:08:32
CRD,2023,1.9,0.2353,2025-08-16 10:08:32
CRD,2024,0.9,0.4706,2025-08-16 10:08:32
CTI,1920,11.4,0.375,2025-08-16 10:08:32
CTI,1921,-3.4,0.375,2025-08-16 10:08:32
DAL,1960,1.2,0.0417,2025-08-16 10:08:32
DAL,1961,-2.1,0.3214,2025-08-16 10:08:32
DAL,1962,-3.7,0.3929,2025-08-16 10:08:32
DAL,1963,0.2,0.2857,2025-08-16 10:08:32
DAL,1964,-2.7,0.3929,2025-08-16 10:08:32
DAL,1965,-6.5,0.5,2025-08-16 10:08:32
DAL,1966,-4.0,0.75,2025-08-16 10:08:32
DAL,1967,-2.4,0.6429,2025-08-16 10:08:32
DAL,1968,-3.7,0.8571,2025-08-16 10:08:32
DAL,1969,-3.5,0.8214,2025-08-16 10:08:32
DAL,1970,1.4,0.7143,2025-08-16 10:08:32
DAL,1971,-3.3,0.7857,2025-08-16 10:08:32
DAL,1972,0.5,0.7143,2025-08-16 10:08:32
DAL,1973,0.0,0.7143,2025-08-16 10:08:32
DAL,1974,1.5,0.5714,2025-08-16 10:08:32
DAL,1975,-1.7,0.7143,2025-08-16 10:08:32
DAL,1976,-2.8,0.7857,2025-08-16 10:08:32
DAL,1977,-1.7,0.8571,2025-08-16 10:08:32
DAL,1978,0.0,0.75,2025-08-16 10:08:32
DAL,1979,-0.3,0.6875,2025-08-16 10:08:32
DAL,1980,-1.0,0.75,2025-08-16 10:08:32
DAL,1981,0.5,0.75,2025-08-16 10:08:32
DAL,1982,-0.8,0.6667,2025-08-16 10:08:32
DAL,1983,1.1,0.75,2025-08-16 10:08:32
DAL,1984,1.0,0.5625,2025-08-16 10:08:32
DAL,1985,-1.3,0.625,2025-08-16 10:08:32
DAL,1986,1.5,0.4375,2025-08-16 10:08:32
DAL,1987,-1.5,0.4667,2025-08-16 10:08:32
DAL,1988,1.2,0.1875,2025-08-16 10:08:32
DAL,1989,1.4,0.0625,2025-08-16 10:08:32
DAL,1990,0.3,0.4375,2025-08-16 10:08:32
DAL,1991,2.4,0.6875,2025-08-16 10:08:32
DAL,1992,-0.4,0.8125,2025-08-16 10:08:32
DAL,1993,0.4,0.75,2025-08-16 10:08:32
DAL,1994,-0.3,0.75,2025-08-16 10:08:32
DAL,1995,0.7,0.75,2025-08-16 10:08:32
DAL,1996,0.1,0.625,2025-08-16 10:08:32
DAL,1997,-0.1,0.375,2025-08-16 10:08:32
DAL,1998,-3.1,0.625,2025-08-16 10:08:32
DAL,1999,-1.6,0.5,2025-08-16 10:08:32
DAL,2000,-0.4,0.3125,2025-08-16 10:08:32
DAL,2001,-0.2,0.3125,2025-08-16 10:08:32
DAL,2002,-1.5,0.3125,2025-08-16 10:08:32
DAL,2003,-2.3,0.625,2025-08-16 10:08:32
DAL,2004,-0.8,0.375,2025-08-16 10:08:32
DAL,2005,2.1,0.5625,2025-08-16 10:08:32
DAL,2006,-1.0,0.5625,2025-08-16 10:08:32
DAL,2007,1.3,0.8125,2025-08-16 10:08:32
DAL,2008,0.8,0.5625,2025-08-16 10:08:32
DAL,2009,0.2,0.6875,2025-08-16 10:08:32
DAL,2010,0.5,0.375,2025-08-16 10:08:32
DAL,2011,0.3,0.5,2025-08-16 10:08:32
DAL,2012,1.8,0.5,2025-08-16 10:08:32
DAL,2013,-1.1,0.5,2025-08-16 10:08:32
DAL,2014,-1.8,0.75,2025-08-16 10:08:32
DAL,2015,-0.7,0.25,2025-08-16 10:08:32
DAL,2016,-0.2,0.8125,2025-08-16 10:08:32
DAL,2017,0.2,0.5625,2025-08-16 10:08:32
DAL,2018,0.2,0.625,2025-08-16 10:08:32
DAL,2019,-1.8,0.5,2025-08-16 10:08:32
DAL,2020,-0.2,0.375,2025-08-16 10:08:32
DAL,2021,-0.2,0.7059,2025-08-16 10:08:32
DAL,2022,-0.8,0.7059,2025-08-16 10:08:32
DAL,2023,-2.2,0.7059,2025-08-16 10:08:32
DAL,2024,0.6,0.4118,2025-08-16 10:08:32
DAY,1920,-0.5,0.6667,2025-08-16 10:08:32
DAY,1921,2.5,0.5,2025-08-16 10:08:32
DAY,1922,1.2,0.5625,2025-08-16 10:08:32
DAY,1923,8.3,0.1875,2025-08-16 10:08:32
DAY,1924,5.2,0.25,2025-08-16 10:08:32
DAY,1925,8.9,0.0625,2025-08-16 10:08:32
DAY,1926,3.8,0.25,2025-08-16 10:08:32
DAY,1927,3.8,0.1875,2025-08-16 10:08:32
DAY,1928,7.0,0.0,2025-08-16 10:08:32
DAY,1929,5.3,0.0,2025-08-16 10:08:32
DEN,1960,0.8,0.3214,2025-08-16 10:08:32
DEN,1961,1.6,0.2143,2025-08-16 10:08:32
DEN,1962,-0.2,0.5,2025-08-16 10:08:32
DEN,1963,1.5,0.1786,2025-08-16 10:08:32
DEN,1964,1.8,0.1786,2025-08-16 10:08:32
DEN,1965,0.8,0.2857,2025-08-16 10:08:32
DEN,1966,1.2,0.2857,2025-08-16 10:08:32
DEN,1967,2.5,0.2143,2025-08-16 10:08:32
DEN,1968,1.7,0.3571,2025-08-16 10:08:32
DEN,1969,1.4,0.3929,2025-08-16 10:08:32
DEN,1970,-1.8,0.3929,2025-08-16 10:08:32
DEN,1971,0.6,0.3214,2025-08-16 10:08:32
DEN,1972,-0.1,0.3571,2025-08-16 10:08:32
DEN,1973,-1.2,0.5714,2025-08-16 10:08:32
DEN,1974,0.1,0.5357,2025-08-16 10:08:32
DEN,1975,0.3,0.4286,2025-08-16 10:08:32
DEN,1976,-0.8,0.6429,2025-08-16 10:08:32
DEN,1977,2.3,0.8571,2025-08-16 10:08:32
DEN,1978,-0.2,0.625,2025-08-16 10:08:32
DEN,1979,2.4,0.625,2025-08-16 10:08:32
DEN,1980,1.3,0.5,2025-08-16 10:08:32
DEN,1981,-0.7,0.625,2025-08-16 10:08:32
DEN,1982,-1.1,0.2222,2025-08-16 10:08:32
DEN,1983,-1.2,0.5625,2025-08-16 10:08:32
DEN,1984,0.7,0.8125,2025-08-16 10:08:32
DEN,1985,0.4,0.6875,2025-08-16 10:08:32
DEN,1986,2.0,0.6875,2025-08-16 10:08:32
DEN,1987,-1.9,0.7,2025-08-16 10:08:32
DEN,1988,-1.8,0.5,2025-08-16 10:08:32
DEN,1989,0.8,0.6875,2025-08-16 10:08:32
DEN,1990,1.9,0.3125,2025-08-16 10:08:32
DEN,1991,-0.9,0.75,2025-08-16 10:08:32
DEN,1992,0.8,0.5,2025-08-16 10:08:32
DEN,1993,-0.5,0.5625,2025-08-16 10:08:32
DEN,1994,-0.3,0.4375,2025-08-16 10:08:32
DEN,1995,0.4,0.5,2025-08-16 10:08:32
DEN,1996,0.3,0.8125,2025-08-16 10:08:32
DEN,1997,-0.9,0.75,2025-08-16 10:08:32
DEN,1998,-3.1,0.875,2025-08-16 10:08:32
DEN,1999,3.6,0.375,2025-08-16 10:08:32
DEN,2000,-2.2,0.6875,2025-08-16 10:08:32
DEN,2001,-0.5,0.5,2025-08-16 10:08:32
DEN,2002,1.9,0.5625,2025-08-16 10:08:32
DEN,2003,0.5,0.625,2025-08-16 10:08:32
DEN,2004,1.0,0.625,2025-08-16 10:08:32
DEN,2005,2.2,0.8125,2025-08-16 10:08:32
DEN,2006,0.4,0.5625,2025-08-16 10:08:32
DEN,2007,1.6,0.4375,2025-08-16 10:08:32
DEN,2008,-0.9,0.5,2025-08-16 10:08:32
DEN,2009,0.2,0.5,2025-08-16 10:08:32
DEN,2010,-1.0,0.25,2025-08-16 10:08:32
DEN,2011,-0.2,0.5,2025-08-16 10:08:32
DEN,2012,-1.9,0.8125,2025-08-16 10:08:32
DEN,2013,-1.6,0.8125,2025-08-16 10:08:32
DEN,2014,1.6,0.75,2025-08-16 10:08:32
DEN,2015,2.1,0.75,2025-08-16 10:08:32
DEN,2016,1.8,0.5625,2025-08-16 10:08:32
DEN,2017,-0.9,0.3125,2025-08-16 10:08:32
DEN,2018,0.7,0.375,2025-08-16 10:08:32
DEN,2019,0.0,0.4375,2025-08-16 10:08:32
DEN,2020,1.7,0.3125,2025-08-16 10:08:32
DEN,2021,-1.3,0.4118,2025-08-16 10:08:32
DEN,2022,-0.7,0.2941,2025-08-16 10:08:32
DEN,2023,-0.5,0.4706,2025-08-16 10:08:32
DEN,2024,-0.3,0.5882,2025-08-16 10:08:32
DET,1930,-0.7,0.4643,2025-08-16 10:08:32
DET,1931,-2.9,0.7857,2025-08-16 10:08:32
DET,1932,0.9,0.6667,2025-08-16 10:08:32
DET,1933,1.4,0.5455,2025-08-16 10:08:32
DET,1934,-1.5,0.7692,2025-08-16 10:08:32
DET,1935,1.1,0.6667,2025-08-16 10:08:32
DET,1936,-0.1,0.6667,2025-08-16 10:08:32
DET,1937,0.9,0.6364,2025-08-16 10:08:32
DET,1938,-0.8,0.6364,2025-08-16 10:08:32
DET,1939,2.3,0.5455,2025-08-16 10:08:32
DET,1940,0.6,0.5,2025-08-16 10:08:32
DET,1941,4.1,0.4091,2025-08-16 10:08:32
DET,1942,2.8,0.0,2025-08-16 10:08:32
DET,1943,1.4,0.35,2025-08-16 10:08:32
DET,1944,-3.1,0.65,2025-08-16 10:08:32
DET,1945,0.6,0.7,2025-08-16 10:08:32
DET,1946,1.7,0.0909,2025-08-16 10:08:32
DET,1947,2.8,0.25,2025-08-16 10:08:32
DET,1948,3.9,0.1667,2025-08-16 10:08:32
DET,1949,1.2,0.3333,2025-08-16 10:08:32
DET,1950,-4.6,0.5,2025-08-16 10:08:32
DET,1951,-2.1,0.625,2025-08-16 10:08:32
DET,1952,-1.4,0.75,2025-08-16 10:08:32
DET,1953,-2.1,0.8333,2025-08-16 10:08:32
DET,1954,2.5,0.7917,2025-08-16 10:08:32
DET,1955,-2.8,0.25,2025-08-16 10:08:32
DET,1956,-0.7,0.75,2025-08-16 10:08:32
DET,1957,0.4,0.6667,2025-08-16 10:08:32
DET,1958,2.3,0.375,2025-08-16 10:08:32
DET,1959,2.3,0.2917,2025-08-16 10:08:32
DET,1960,-1.1,0.5833,2025-08-16 10:08:32
DET,1961,2.5,0.6071,2025-08-16 10:08:32
DET,1962,2.5,0.7857,2025-08-16 10:08:32
DET,1963,-0.6,0.3929,2025-08-16 10:08:32
DET,1964,2.7,0.5714,2025-08-16 10:08:32
DET,1965,6.7,0.4643,2025-08-16 10:08:32
DET,1966,3.0,0.3214,2025-08-16 10:08:32
DET,1967,1.7,0.4286,2025-08-16 10:08:32
DET,1968,0.5,0.3571,2025-08-16 10:08:32
DET,1969,1.6,0.6786,2025-08-16 10:08:32
DET,1970,3.7,0.7143,2025-08-16 10:08:32
DET,1971,0.2,0.5357,2025-08-16 10:08:32
DET,1972,0.9,0.6071,2025-08-16 10:08:32
DET,1973,0.3,0.4643,2025-08-16 10:08:32
DET,1974,-0.6,0.5,2025-08-16 10:08:32
DET,1975,-0.7,0.5,2025-08-16 10:08:32
DET,1976,-0.2,0.4286,2025-08-16 10:08:32
DET,1977,-2.5,0.4286,2025-08-16 10:08:32
DET,1978,-1.2,0.4375,2025-08-16 10:08:32
DET,1979,-1.9,0.125,2025-08-16 10:08:32
DET,1980,-2.2,0.5625,2025-08-16 10:08:32
DET,1981,0.6,0.5,2025-08-16 10:08:32
DET,1982,0.8,0.4444,2025-08-16 10:08:32
DET,1983,-1.7,0.5625,2025-08-16 10:08:32
DET,1984,1.6,0.2812,2025-08-16 10:08:32
DET,1985,2.0,0.4375,2025-08-16 10:08:32
DET,1986,-1.2,0.3125,2025-08-16 10:08:32
DET,1987,-2.2,0.2667,2025-08-16 10:08:32
DET,1988,1.8,0.25,2025-08-16 10:08:32
DET,1989,-0.2,0.4375,2025-08-16 10:08:32
DET,1990,0.9,0.375,2025-08-16 10:08:32
DET,1991,-1.8,0.75,2025-08-16 10:08:32
DET,1992,1.8,0.3125,2025-08-16 10:08:32
DET,1993,-0.7,0.625,2025-08-16 10:08:32
DET,1994,1.4,0.5625,2025-08-16 10:08:32
DET,1995,0.6,0.625,2025-08-16 10:08:32
DET,1996,1.2,0.3125,2025-08-16 10:08:32
DET,1997,-0.6,0.5625,2025-08-16 10:08:32
DET,1998,1.1,0.3125,2025-08-16 10:08:32
DET,1999,2.0,0.5,2025-08-16 10:08:32
DET,2000,1.4,0.5625,2025-08-16 10:08:32
DET,2001,2.4,0.125,2025-08-16 10:08:32
DET,2002,-0.1,0.1875,2025-08-16 10:08:32
DET,2003,1.0,0.3125,2025-08-16 10:08:32
DET,2004,-1.8,0.375,2025-08-16 10:08:32
DET,2005,-1.0,0.3125,2025-08-16 10:08:32
DET,2006,-0.5,0.1875,2025-08-16 10:08:32
DET,2007,2.6,0.4375,2025-08-16 10:08:32
DET,2008,2.5,0.0,2025-08-16 10:08:32
DET,2009,0.1,0.125,2025-08-16 10:08:32
DET,2010,2.3,0.375,2025-08-16 10:08:32
DET,2011,0.6,0.625,2025-08-16 10:08:32
DET,2012,1.8,0.25,2025-08-16 10:08:32
DET,2013,-2.8,0.4375,2025-08-16 10:08:32
DET,2014,-0.4,0.6875,2025-08-16 10:08:32
DET,2015,2.4,0.4375,2025-08-16 10:08:32
DET,2016,-0.6,0.5625,2025-08-16 10:08:32
DET,2017,0.6,0.5625,2025-08-16 10:08:32
DET,2018,-0.8,0.375,2025-08-16 10:08:32
DET,2019,-0.1,0.2188,2025-08-16 10:08:32
DET,2020,1.2,0.3125,2025-08-16 10:08:32
DET,2021,0.6,0.2059,2025-08-16 10:08:32
DET,2022,0.7,0.5294,2025-08-16 10:08:32
DET,2023,0.4,0.7059,2025-08-16 10:08:32
DET,2024,0.7,0.8824,2025-08-16 10:08:32
DHR,1920,-0.8,0.4375,2025-08-16 10:08:32
DPN,1925,-8.4,0.75,2025-08-16 10:08:32
DPN,1926,-2.6,0.4167,2025-08-16 10:08:32
DTI,1921,8.6,0.2143,2025-08-16 10:08:32
DTX,1952,2.4,0.0833,2025-08-16 10:08:32
DUL,1923,1.8,0.5714,2025-08-16 10:08:32
DUL,1924,2.1,0.8333,2025-08-16 10:08:32
DUL,1925,-0.1,0.0,2025-08-16 10:08:32
DUL,1926,4.1,0.5357,2025-08-16 10:08:32
DUL,1927,6.9,0.1111,2025-08-16 10:08:32
DWL,1928,1.3,0.75,2025-08-16 10:08:32
ECG,1921,-20.9,0.6,2025-08-16 10:08:32
ECG,1922,2.1,0.0,2025-08-16 10:08:32
FYJ,1924,-8.4,0.8214,2025-08-16 10:08:32
FYJ,1925,-1.0,0.65,2025-08-16 10:08:32
FYJ,1926,-3.5,0.8824,2025-08-16 10:08:32
FYJ,1927,-2.4,0.4167,2025-08-16 10:08:32
FYJ,1928,-2.5,0.75,2025-08-16 10:08:32
FYJ,1929,-0.1,0.6579,2025-08-16 10:08:32
FYJ,1930,1.0,0.25,2025-08-16 10:08:32
FYJ,1931,2.0,0.1875,2025-08-16 10:08:32
GNB,1921,-2.4,0.5833,2025-08-16 10:08:32
GNB,1922,-0.5,0.55,2025-08-16 10:08:32
GNB,1923,-2.1,0.75,2025-08-16 10:08:32
GNB,1924,2.8,0.6364,2025-08-16 10:08:32
GNB,1925,-1.8,0.6154,2025-08-16 10:08:32
GNB,1926,-0.3,0.6538,2025-08-16 10:08:32
GNB,1927,-1.9,0.75,2025-08-16 10:08:32
GNB,1928,-2.0,0.5769,2025-08-16 10:08:32
GNB,1929,-1.3,0.9615,2025-08-16 10:08:32
GNB,1930,0.8,0.75,2025-08-16 10:08:32
GNB,1931,-2.0,0.8571,2025-08-16 10:08:32
GNB,1932,-0.1,0.75,2025-08-16 10:08:32
GNB,1933,1.7,0.4231,2025-08-16 10:08:32
GNB,1934,2.2,0.5385,2025-08-16 10:08:32
GNB,1935,1.8,0.6667,2025-08-16 10:08:32
GNB,1936,1.7,0.875,2025-08-16 10:08:32
GNB,1937,1.0,0.6364,2025-08-16 10:08:32
GNB,1938,-1.1,0.7273,2025-08-16 10:08:32
GNB,1939,0.2,0.8182,2025-08-16 10:08:32
GNB,1940,-1.4,0.5909,2025-08-16 10:08:32
GNB,1941,-0.1,0.9091,2025-08-16 10:08:32
GNB,1942,-1.5,0.7727,2025-08-16 10:08:32
GNB,1943,-0.4,0.75,2025-08-16 10:08:32
GNB,1944,-1.5,0.8,2025-08-16 10:08:32
GNB,1945,-0.6,0.6,2025-08-16 10:08:32
GNB,1946,0.3,0.5455,2025-08-16 10:08:32
GNB,1947,2.0,0.5417,2025-08-16 10:08:32
GNB,1948,1.5,0.25,2025-08-16 10:08:32
GNB,1949,1.8,0.1667,2025-08-16 10:08:32
GNB,1950,-2.8,0.25,2025-08-16 10:08:32
GNB,1951,0.0,0.25,2025-08-16 10:08:32
GNB,1952,-0.9,0.5,2025-08-16 10:08:32
GNB,1953,1.7,0.2083,2025-08-16 10:08:32
GNB,1954,3.3,0.3333,2025-08-16 10:08:32
GNB,1955,-2.3,0.5,2025-08-16 10:08:32
GNB,1956,2.1,0.3333,2025-08-16 10:08:32
GNB,1957,1.6,0.25,2025-08-16 10:08:32
GNB,1958,2.8,0.125,2025-08-16 10:08:32
GNB,1959,1.4,0.5833,2025-08-16 10:08:32
GNB,1960,-2.8,0.6667,2025-08-16 10:08:32
GNB,1961,1.6,0.7857,2025-08-16 10:08:32
GNB,1962,0.6,0.9286,2025-08-16 10:08:32
GNB,1963,-1.1,0.8214,2025-08-16 10:08:32
GNB,1964,2.4,0.6071,2025-08-16 10:08:32
GNB,1965,5.1,0.75,2025-08-16 10:08:32
GNB,1966,1.2,0.8571,2025-08-16 10:08:32
GNB,1967,0.6,0.6786,2025-08-16 10:08:32
GNB,1968,-0.3,0.4643,2025-08-16 10:08:32
GNB,1969,1.8,0.5714,2025-08-16 10:08:32
GNB,1970,5.1,0.4286,2025-08-16 10:08:32
GNB,1971,0.7,0.3571,2025-08-16 10:08:32
GNB,1972,1.5,0.7143,2025-08-16 10:08:32
GNB,1973,-0.8,0.4286,2025-08-16 10:08:32
GNB,1974,-1.6,0.4286,2025-08-16 10:08:32
GNB,1975,0.0,0.2857,2025-08-16 10:08:32
GNB,1976,1.3,0.3571,2025-08-16 10:08:32
GNB,1977,-2.6,0.2857,2025-08-16 10:08:32
GNB,1978,0.7,0.5312,2025-08-16 10:08:32
GNB,1979,-2.5,0.3125,2025-08-16 10:08:32
GNB,1980,-0.3,0.3438,2025-08-16 10:08:32
GNB,1981,0.6,0.5,2025-08-16 10:08:32
GNB,1982,-0.2,0.6111,2025-08-16 10:08:32
GNB,1983,-1.2,0.5,2025-08-16 10:08:32
GNB,1984,-0.1,0.5,2025-08-16 10:08:32
GNB,1985,1.3,0.5,2025-08-16 10:08:32
GNB,1986,0.7,0.25,2025-08-16 10:08:32
GNB,1987,-0.4,0.3667,2025-08-16 10:08:32
GNB,1988,1.4,0.25,2025-08-16 10:08:32
GNB,1989,-1.3,0.625,2025-08-16 10:08:32
GNB,1990,0.6,0.375,2025-08-16 10:08:32
GNB,1991,-2.3,0.25,2025-08-16 10:08:32
GNB,1992,-0.3,0.5625,2025-08-16 10:08:32
GNB,1993,-0.4,0.5625,2025-08-16 10:08:32
GNB,1994,0.1,0.5625,2025-08-16 10:08:32
GNB,1995,0.4,0.6875,2025-08-16 10:08:32
GNB,1996,-0.1,0.8125,2025-08-16 10:08:32
GNB,1997,-1.1,0.8125,2025-08-16 10:08:32
GNB,1998,-0.6,0.6875,2025-08-16 10:08:32
GNB,1999,0.6,0.5,2025-08-16 10:08:32
GNB,2000,0.6,0.5625,2025-08-16 10:08:32
GNB,2001,-1.1,0.75,2025-08-16 10:08:32
GNB,2002,-0.8,0.75,2025-08-16 10:08:32
GNB,2003,-0.3,0.625,2025-08-16 10:08:32
GNB,2004,-2.4,0.625,2025-08-16 10:08:32
GNB,2005,-0.8,0.25,2025-08-16 10:08:32
GNB,2006,-0.4,0.5,2025-08-16 10:08:32
GNB,2007,0.0,0.8125,2025-08-16 10:08:32
GNB,2008,0.5,0.375,2025-08-16 10:08:32
GNB,2009,-2.9,0.6875,2025-08-16 10:08:32
GNB,2010,1.7,0.625,2025-08-16 10:08:32
GNB,2011,-1.2,0.9375,2025-08-16 10:08:32
GNB,2012,1.2,0.6875,2025-08-16 10:08:32
GNB,2013,-2.4,0.5312,2025-08-16 10:08:32
GNB,2014,-0.3,0.75,2025-08-16 10:08:32
GNB,2015,2.5,0.625,2025-08-16 10:08:32
GNB,2016,0.1,0.625,2025-08-16 10:08:32
GNB,2017,2.1,0.4375,2025-08-16 10:08:32
GNB,2018,-1.2,0.4062,2025-08-16 10:08:32
GNB,2019,-0.7,0.8125,2025-08-16 10:08:32
GNB,2020,-1.1,0.8125,2025-08-16 10:08:32
GNB,2021,-0.2,0.7647,2025-08-16 10:08:32
GNB,2022,0.4,0.4706,2025-08-16 10:08:32
GNB,2023,-0.8,0.5294,2025-08-16 10:08:32
GNB,2024,0.9,0.6471,2025-08-16 10:08:32
GUN,1934,0.0,0.3333,2025-08-16 10:08:32
HAM,1920,1.8,0.2857,2025-08-16 10:08:32
HAM,1921,9.8,0.3,2025-08-16 10:08:32
HAM,1922,11.4,0.0833,2025-08-16 10:08:32
HAM,1923,8.0,0.2143,2025-08-16 10:08:32
HAM,1924,7.8,0.5,2025-08-16 10:08:32
HAM,1925,9.6,0.2,2025-08-16 10:08:32
HAM,1926,-1.1,0.0,2025-08-16 10:08:32
HRT,1926,-3.6,0.3,2025-08-16 10:08:32
HTX,2002,-0.5,0.25,2025-08-16 10:08:32
HTX,2003,1.9,0.3125,2025-08-16 10:08:32
HTX,2004,1.2,0.4375,2025-08-16 10:08:32
HTX,2005,0.7,0.125,2025-08-16 10:08:32
HTX,2006,1.7,0.375,2025-08-16 10:08:32
HTX,2007,0.3,0.5,2025-08-16 10:08:32
HTX,2008,1.4,0.5,2025-08-16 10:08:32
HTX,2009,-1.5,0.5625,2025-08-16 10:08:32
HTX,2010,0.5,0.375,2025-08-16 10:08:32
HTX,2011,-1.9,0.625,2025-08-16 10:08:32
HTX,2012,-1.8,0.75,2025-08-16 10:08:32
HTX,2013,1.9,0.125,2025-08-16 10:08:32
HTX,2014,-2.3,0.5625,2025-08-16 10:08:32
HTX,2015,-2.4,0.5625,2025-08-16 10:08:32
HTX,2016,0.4,0.5625,2025-08-16 10:08:32
HTX,2017,-0.3,0.25,2025-08-16 10:08:32
HTX,2018,-1.5,0.6875,2025-08-16 10:08:32
HTX,2019,1.0,0.625,2025-08-16 10:08:32
HTX,2020,-0.5,0.25,2025-08-16 10:08:32
HTX,2021,0.4,0.2353,2025-08-16 10:08:32
HTX,2022,-0.8,0.2059,2025-08-16 10:08:32
HTX,2023,-1.0,0.5882,2025-08-16 10:08:32
HTX,2024,-0.7,0.5882,2025-08-16 10:08:32
JAX,1995,0.0,0.25,2025-08-16 10:08:32
JAX,1996,-0.9,0.5625,2025-08-16 10:08:32
JAX,1997,0.7,0.6875,2025-08-16 10:08:32
JAX,1998,-0.9,0.6875,2025-08-16 10:08:32
JAX,1999,-4.8,0.875,2025-08-16 10:08:32
JAX,2000,-1.4,0.4375,2025-08-16 10:08:32
JAX,2001,0.4,0.375,2025-08-16 10:08:32
JAX,2002,-1.0,0.375,2025-08-16 10:08:32
JAX,2003,1.0,0.3125,2025-08-16 10:08:32
JAX,2004,1.9,0.5625,2025-08-16 10:08:32
JAX,2005,-1.0,0.75,2025-08-16 10:08:32
JAX,2006,1.4,0.5,2025-08-16 10:08:32
JAX,2007,0.1,0.6875,2025-08-16 10:08:32
JAX,2008,1.6,0.3125,2025-08-16 10:08:32
JAX,2009,-0.9,0.4375,2025-08-16 10:08:32
JAX,2010,-0.4,0.5,2025-08-16 10:08:32
JAX,2011,-0.3,0.3125,2025-08-16 10:08:32
JAX,2012,-1.1,0.125,2025-08-16 10:08:32
JAX,2013,1.5,0.25,2025-08-16 10:08:32
JAX,2014,-0.3,0.1875,2025-08-16 10:08:32
JAX,2015,-3.0,0.3125,2025-08-16 10:08:32
JAX,2016,0.2,0.1875,2025-08-16 10:08:32
JAX,2017,-2.8,0.625,2025-08-16 10:08:32
JAX,2018,0.4,0.3125,2025-08-16 10:08:32
JAX,2019,-0.6,0.375,2025-08-16 10:08:32
JAX,2020,-0.1,0.0625,2025-08-16 10:08:32
JAX,2021,0.6,0.1765,2025-08-16 10:08:32
JAX,2022,-1.4,0.5294,2025-08-16 10:08:32
JAX,2023,1.1,0.5294,2025-08-16 10:08:32
JAX,2024,-0.8,0.2353,2025-08-16 10:08:32
KAN,1960,-1.0,0.5714,2025-08-16 10:08:32
KAN,1961,0.1,0.4286,2025-08-16 10:08:32
KAN,1962,-1.4,0.7857,2025-08-16 10:08:32
KAN,1963,-0.8,0.4286,2025-08-16 10:08:32
KAN,1964,-0.5,0.5,2025-08-16 10:08:32
KAN,1965,-0.3,0.5714,2025-08-16 10:08:32
KAN,1966,-1.3,0.8214,2025-08-16 10:08:32
KAN,1967,-0.7,0.6429,2025-08-16 10:08:32
KAN,1968,-0.4,0.8571,2025-08-16 10:08:32
KAN,1969,-1.1,0.7857,2025-08-16 10:08:32
KAN,1970,-0.5,0.5714,2025-08-16 10:08:32
KAN,1971,-1.7,0.75,2025-08-16 10:08:32
KAN,1972,0.2,0.5714,2025-08-16 10:08:32
KAN,1973,-1.8,0.5714,2025-08-16 10:08:32
KAN,1974,1.9,0.3571,2025-08-16 10:08:32
KAN,1975,0.0,0.3571,2025-08-16 10:08:32
KAN,1976,1.4,0.3571,2025-08-16 10:08:32
KAN,1977,3.9,0.1429,2025-08-16 10:08:32
KAN,1978,0.9,0.25,2025-08-16 10:08:32
KAN,1979,2.9,0.4375,2025-08-16 10:08:32
KAN,1980,0.6,0.5,2025-08-16 10:08:32
KAN,1981,-0.1,0.5625,2025-08-16 10:08:32
KAN,1982,0.7,0.3333,2025-08-16 10:08:32
KAN,1983,0.9,0.375,2025-08-16 10:08:32
KAN,1984,1.5,0.5,2025-08-16 10:08:32
KAN,1985,1.1,0.375,2025-08-16 10:08:32
KAN,1986,-1.0,0.625,2025-08-16 10:08:32
KAN,1987,-0.3,0.2667,2025-08-16 10:08:32
KAN,1988,-1.6,0.2812,2025-08-16 10:08:32
KAN,1989,0.0,0.5312,2025-08-16 10:08:32
KAN,1990,-0.3,0.6875,2025-08-16 10:08:32
KAN,1991,2.0,0.625,2025-08-16 10:08:32
KAN,1992,-0.7,0.625,2025-08-16 10:08:32
KAN,1993,0.6,0.6875,2025-08-16 10:08:32
KAN,1994,-0.4,0.5625,2025-08-16 10:08:32
KAN,1995,0.3,0.8125,2025-08-16 10:08:32
KAN,1996,2.0,0.5625,2025-08-16 10:08:32
KAN,1997,-0.5,0.8125,2025-08-16 10:08:32
KAN,1998,-0.8,0.4375,2025-08-16 10:08:32
KAN,1999,2.6,0.5625,2025-08-16 10:08:32
KAN,2000,0.6,0.4375,2025-08-16 10:08:32
KAN,2001,0.3,0.375,2025-08-16 10:08:32
KAN,2002,1.9,0.5,2025-08-16 10:08:32
KAN,2003,-1.2,0.8125,2025-08-16 10:08:32
KAN,2004,2.3,0.4375,2025-08-16 10:08:32
KAN,2005,2.1,0.625,2025-08-16 10:08:32
KAN,2006,0.0,0.5625,2025-08-16 10:08:32
KAN,2007,1.4,0.25,2025-08-16 10:08:32
KAN,2008,0.1,0.125,2025-08-16 10:08:32
KAN,2009,-0.3,0.25,2025-08-16 10:08:32
KAN,2010,-3.2,0.625,2025-08-16 10:08:32
KAN,2011,-0.2,0.4375,2025-08-16 10:08:32
KAN,2012,-0.6,0.125,2025-08-16 10:08:32
KAN,2013,-1.7,0.6875,2025-08-16 10:08:32
KAN,2014,1.2,0.5625,2025-08-16 10:08:32
KAN,2015,1.6,0.6875,2025-08-16 10:08:32
KAN,2016,0.7,0.75,2025-08-16 10:08:32
KAN,2017,-1.3,0.625,2025-08-16 10:08:32
KAN,2018,-0.1,0.75,2025-08-16 10:08:32
KAN,2019,0.2,0.75,2025-08-16 10:08:32
KAN,2020,-0.1,0.875,2025-08-16 10:08:32
KAN,2021,0.6,0.7059,2025-08-16 10:08:32
KAN,2022,-1.2,0.8235,2025-08-16 10:08:32
KAN,2023,-0.8,0.6471,2025-08-16 10:08:32
KAN,2024,0.7,0.8824,2025-08-16 10:08:32
KCB,1924,6.0,0.2222,2025-08-16 10:08:32
KCB,1925,8.5,0.3125,2025-08-16 10:08:32
KCB,1926,3.4,0.7273,2025-08-16 10:08:32
KEN,1924,6.5,0.1,2025-08-16 10:08:32
LAB,1926,4.9,0.65,2025-08-16 10:08:32
LDA,1946,-0.1,0.5714,2025-08-16 10:08:32
LDA,1947,-0.6,0.5,2025-08-16 10:08:32
LDA,1948,0.4,0.5,2025-08-16 10:08:32
LDA,1949,0.8,0.3333,2025-08-16 10:08:32
LOU,1921,-12.0,0.0,2025-08-16 10:08:32
LOU,1922,-0.8,0.25,2025-08-16 10:08:32
LOU,1923,4.9,0.0,2025-08-16 10:08:32
LOU,1926,6.9,0.0,2025-08-16 10:08:32
MIA,1966,0.9,0.2143,2025-08-16 10:08:32
MIA,1967,1.2,0.2857,2025-08-16 10:08:32
MIA,1968,-0.9,0.3929,2025-08-16 10:08:32
MIA,1969,0.4,0.25,2025-08-16 10:08:32
MIA,1970,-6.3,0.7143,2025-08-16 10:08:32
MIA,1971,-2.4,0.75,2025-08-16 10:08:32
MIA,1972,-4.3,1.0,2025-08-16 10:08:32
MIA,1973,-0.5,0.8571,2025-08-16 10:08:32
MIA,1974,-1.8,0.7857,2025-08-16 10:08:32
MIA,1975,-0.3,0.7143,2025-08-16 10:08:32
MIA,1976,0.0,0.4286,2025-08-16 10:08:32
MIA,1977,-0.5,0.7143,2025-08-16 10:08:32
MIA,1978,0.2,0.6875,2025-08-16 10:08:32
MIA,1979,-0.9,0.625,2025-08-16 10:08:32
MIA,1980,0.9,0.5,2025-08-16 10:08:32
MIA,1981,-1.5,0.7188,2025-08-16 10:08:32
MIA,1982,0.8,0.7778,2025-08-16 10:08:32
MIA,1983,-1.0,0.75,2025-08-16 10:08:32
MIA,1984,-2.9,0.875,2025-08-16 10:08:32
MIA,1985,0.3,0.75,2025-08-16 10:08:32
MIA,1986,-1.1,0.5,2025-08-16 10:08:32
MIA,1987,0.3,0.5333,2025-08-16 10:08:32
MIA,1988,1.0,0.375,2025-08-16 10:08:32
MIA,1989,-1.8,0.5,2025-08-16 10:08:32
MIA,1990,-1.2,0.75,2025-08-16 10:08:32
MIA,1991,-3.7,0.5,2025-08-16 10:08:32
MIA,1992,-2.2,0.6875,2025-08-16 10:08:32
MIA,1993,-0.3,0.5625,2025-08-16 10:08:32
MIA,1994,0.3,0.625,2025-08-16 10:08:32
MIA,1995,-1.4,0.5625,2025-08-16 10:08:32
MIA,1996,-0.6,0.5,2025-08-16 10:08:32
MIA,1997,0.6,0.5625,2025-08-16 10:08:32
MIA,1998,2.4,0.625,2025-08-16 10:08:32
MIA,1999,2.5,0.5625,2025-08-16 10:08:32
MIA,2000,1.0,0.6875,2025-08-16 10:08:32
MIA,2001,-0.7,0.6875,2025-08-16 10:08:32
MIA,2002,1.2,0.5625,2025-08-16 10:08:32
MIA,2003,0.3,0.625,2025-08-16 10:08:32
MIA,2004,2.7,0.25,2025-08-16 10:08:32
MIA,2005,-0.8,0.5625,2025-08-16 10:08:32
MIA,2006,2.1,0.375,2025-08-16 10:08:32
MIA,2007,2.3,0.0625,2025-08-16 10:08:32
MIA,2008,-2.3,0.6875,2025-08-16 10:08:32
MIA,2009,3.6,0.4375,2025-08-16 10:08:32
MIA,2010,4.1,0.4375,2025-08-16 10:08:32
MIA,2011,-0.1,0.375,2025-08-16 10:08:32
MIA,2012,-0.8,0.4375,2025-08-16 10:08:32
MIA,2013,0.3,0.5,2025-08-16 10:08:32
MIA,2014,1.6,0.5,2025-08-16 10:08:32
MIA,2015,-1.9,0.375,2025-08-16 10:08:32
MIA,2016,-1.3,0.625,2025-08-16 10:08:32
MIA,2017,0.7,0.375,2025-08-16 10:08:32
MIA,2018,-1.7,0.4375,2025-08-16 10:08:32
MIA,2019,0.2,0.3125,2025-08-16 10:08:32
MIA,2020,-1.2,0.625,2025-08-16 10:08:32
MIA,2021,-0.8,0.5294,2025-08-16 10:08:32
MIA,2022,2.0,0.5294,2025-08-16 10:08:32
MIA,2023,-1.8,0.6471,2025-08-16 10:08:32
MIA,2024,-1.9,0.4706,2025-08-16 10:08:32
MIL,1922,0.4,0.3889,2025-08-16 10:08:32
MIL,1923,-0.2,0.7083,2025-08-16 10:08:32
MIL,1924,2.5,0.3846,2025-08-16 10:08:32
MIL,1925,6.6,0.0,2025-08-16 10:08:32
MIL,1926,1.1,0.2222,2025-08-16 10:08:32
MIN,1961,2.1,0.2143,2025-08-16 10:08:32
MIN,1962,4.4,0.1786,2025-08-16 10:08:32
MIN,1963,0.4,0.3929,2025-08-16 10:08:32
MIN,1964,1.6,0.6071,2025-08-16 10:08:32
MIN,1965,6.5,0.5,2025-08-16 10:08:32
MIN,1966,3.0,0.3214,2025-08-16 10:08:32
MIN,1967,2.3,0.3214,2025-08-16 10:08:32
MIN,1968,-0.2,0.5714,2025-08-16 10:08:32
MIN,1969,0.0,0.8571,2025-08-16 10:08:32
MIN,1970,1.4,0.8571,2025-08-16 10:08:32
MIN,1971,-1.1,0.7857,2025-08-16 10:08:32
MIN,1972,2.6,0.5,2025-08-16 10:08:32
MIN,1973,-0.5,0.8571,2025-08-16 10:08:32
MIN,1974,-2.1,0.7143,2025-08-16 10:08:32
MIN,1975,-5.2,0.8571,2025-08-16 10:08:32
MIN,1976,0.1,0.8214,2025-08-16 10:08:32
MIN,1977,-1.9,0.6429,2025-08-16 10:08:32
MIN,1978,0.6,0.5312,2025-08-16 10:08:32
MIN,1979,-2.7,0.4375,2025-08-16 10:08:32
MIN,1980,-0.9,0.5625,2025-08-16 10:08:32
MIN,1981,0.7,0.4375,2025-08-16 10:08:32
MIN,1982,2.4,0.5556,2025-08-16 10:08:32
MIN,1983,-1.1,0.5,2025-08-16 10:08:32
MIN,1984,2.1,0.1875,2025-08-16 10:08:32
MIN,1985,-0.4,0.4375,2025-08-16 10:08:32
MIN,1986,-1.3,0.5625,2025-08-16 10:08:32
MIN,1987,-2.7,0.5333,2025-08-16 10:08:32
MIN,1988,0.0,0.6875,2025-08-16 10:08:32
MIN,1989,-0.4,0.625,2025-08-16 10:08:32
MIN,1990,0.9,0.375,2025-08-16 10:08:32
MIN,1991,-1.7,0.5,2025-08-16 10:08:32
MIN,1992,-0.1,0.6875,2025-08-16 10:08:32
MIN,1993,0.7,0.5625,2025-08-16 10:08:32
MIN,1994,0.6,0.625,2025-08-16 10:08:32
MIN,1995,2.0,0.5,2025-08-16 10:08:32
MIN,1996,0.9,0.5625,2025-08-16 10:08:32
MIN,1997,0.2,0.5625,2025-08-16 10:08:32
MIN,1998,-1.4,0.9375,2025-08-16 10:08:32
MIN,1999,0.4,0.625,2025-08-16 10:08:32
MIN,2000,0.3,0.6875,2025-08-16 10:08:32
MIN,2001,1.5,0.3125,2025-08-16 10:08:32
MIN,2002,0.2,0.375,2025-08-16 10:08:32
MIN,2003,-1.0,0.5625,2025-08-16 10:08:32
MIN,2004,-2.3,0.5,2025-08-16 10:08:32
MIN,2005,-1.1,0.5625,2025-08-16 10:08:32
MIN,2006,-1.3,0.375,2025-08-16 10:08:32
MIN,2007,0.4,0.5,2025-08-16 10:08:32
MIN,2008,1.2,0.625,2025-08-16 10:08:32
MIN,2009,-2.7,0.75,2025-08-16 10:08:32
MIN,2010,2.6,0.375,2025-08-16 10:08:32
MIN,2011,1.1,0.1875,2025-08-16 10:08:32
MIN,2012,1.4,0.625,2025-08-16 10:08:32
MIN,2013,-1.1,0.3438,2025-08-16 10:08:32
MIN,2014,-0.5,0.4375,2025-08-16 10:08:32
MIN,2015,1.9,0.6875,2025-08-16 10:08:32
MIN,2016,-0.3,0.5,2025-08-16 10:08:32
MIN,2017,1.0,0.8125,2025-08-16 10:08:32
MIN,2018,-0.6,0.5312,2025-08-16 10:08:32
MIN,2019,-1.1,0.625,2025-08-16 10:08:32
MIN,2020,0.4,0.4375,2025-08-16 10:08:32
MIN,2021,0.3,0.4706,2025-08-16 10:08:32
MIN,2022,0.1,0.7647,2025-08-16 10:08:32
MIN,2023,0.5,0.4118,2025-08-16 10:08:32
MIN,2024,0.3,0.8235,2025-08-16 10:08:32
MNN,1921,2.6,0.25,2025-08-16 10:08:32
MNN,1922,5.0,0.25,2025-08-16 10:08:32
MNN,1923,0.1,0.3333,2025-08-16 10:08:32
MNN,1924,7.9,0.0,2025-08-16 10:08:32
MNN,1929,2.4,0.1,2025-08-16 10:08:32
MNN,1930,4.4,0.1667,2025-08-16 10:08:32
MSA,1946,1.9,0.2143,2025-08-16 10:08:32
MUN,1920,5.6,0.0,2025-08-16 10:08:32
MUN,1921,-19.0,0.0,2025-08-16 10:08:32
NAA,1946,-0.7,0.75,2025-08-16 10:08:32
NAA,1947,-1.2,0.8214,2025-08-16 10:08:32
NAA,1948,0.3,0.4286,2025-08-16 10:08:32
NAA,1949,0.1,0.6667,2025-08-16 10:08:32
NG1,1921,5.7,0.0,2025-08-16 10:08:32
NOR,1967,-0.4,0.2143,2025-08-16 10:08:32
NOR,1968,-0.7,0.3214,2025-08-16 10:08:32
NOR,1969,-1.5,0.3571,2025-08-16 10:08:32
NOR,1970,4.6,0.1786,2025-08-16 10:08:32
NOR,1971,3.0,0.3571,2025-08-16 10:08:32
NOR,1972,0.2,0.1786,2025-08-16 10:08:32
NOR,1973,1.9,0.3571,2025-08-16 10:08:32
NOR,1974,-0.4,0.3571,2025-08-16 10:08:32
NOR,1975,-0.1,0.1429,2025-08-16 10:08:32
NOR,1976,0.5,0.2857,2025-08-16 10:08:32
NOR,1977,-1.7,0.2143,2025-08-16 10:08:32
NOR,1978,-0.6,0.4375,2025-08-16 10:08:32
NOR,1979,-1.8,0.5,2025-08-16 10:08:32
NOR,1980,1.8,0.0625,2025-08-16 10:08:32
NOR,1981,1.2,0.25,2025-08-16 10:08:32
NOR,1982,-0.3,0.4444,2025-08-16 10:08:32
NOR,1983,1.1,0.5,2025-08-16 10:08:32
NOR,1984,1.0,0.4375,2025-08-16 10:08:32
NOR,1985,-0.1,0.3125,2025-08-16 10:08:32
NOR,1986,0.0,0.4375,2025-08-16 10:08:32
NOR,1987,0.8,0.8,2025-08-16 10:08:32
NOR,1988,-0.3,0.625,2025-08-16 10:08:32
NOR,1989,-0.7,0.5625,2025-08-16 10:08:32
NOR,1990,-1.2,0.5,2025-08-16 10:08:32
NOR,1991,0.9,0.6875,2025-08-16 10:08:32
NOR,1992,-0.2,0.75,2025-08-16 10:08:32
NOR,1993,0.3,0.5,2025-08-16 10:08:32
NOR,1994,0.1,0.4375,2025-08-16 10:08:32
NOR,1995,-0.3,0.4375,2025-08-16 10:08:32
NOR,1996,-1.2,0.1875,2025-08-16 10:08:32
NOR,1997,-1.8,0.375,2025-08-16 10:08:32
NOR,1998,3.5,0.375,2025-08-16 10:08:32
NOR,1999,-1.3,0.1875,2025-08-16 10:08:32
NOR,2000,-2.2,0.625,2025-08-16 10:08:32
NOR,2001,-0.1,0.4375,2025-08-16 10:08:32
NOR,2002,-0.3,0.5625,2025-08-16 10:08:32
NOR,2003,-1.1,0.5,2025-08-16 10:08:32
NOR,2004,-2.0,0.5,2025-08-16 10:08:32
NOR,2005,-0.9,0.1875,2025-08-16 10:08:32
NOR,2006,-1.6,0.625,2025-08-16 10:08:32
NOR,2007,-2.0,0.4375,2025-08-16 10:08:32
NOR,2008,-0.3,0.5,2025-08-16 10:08:32
NOR,2009,0.2,0.8125,2025-08-16 10:08:32
NOR,2010,-2.5,0.6875,2025-08-16 10:08:32
NOR,2011,-1.6,0.8125,2025-08-16 10:08:32
NOR,2012,1.0,0.4375,2025-08-16 10:08:32
NOR,2013,1.9,0.6875,2025-08-16 10:08:32
NOR,2014,-1.5,0.4375,2025-08-16 10:08:32
NOR,2015,-2.3,0.4375,2025-08-16 10:08:32
NOR,2016,0.6,0.4375,2025-08-16 10:08:32
NOR,2017,1.5,0.6875,2025-08-16 10:08:32
NOR,2018,0.6,0.8125,2025-08-16 10:08:32
NOR,2019,0.0,0.8125,2025-08-16 10:08:32
NOR,2020,0.5,0.75,2025-08-16 10:08:32
NOR,2021,0.3,0.5294,2025-08-16 10:08:32
NOR,2022,-0.3,0.4118,2025-08-16 10:08:32
NOR,2023,-2.2,0.5294,2025-08-16 10:08:32
NOR,2024,-0.6,0.2941,2025-08-16 10:08:32
NWE,1960,0.6,0.3571,2025-08-16 10:08:32
NWE,1961,-0.9,0.6786,2025-08-16 10:08:32
NWE,1962,-0.5,0.6786,2025-08-16 10:08:32
NWE,1963,-0.6,0.5357,2025-08-16 10:08:32
NWE,1964,-0.6,0.75,2025-08-16 10:08:32
NWE,1965,0.5,0.3571,2025-08-16 10:08:32
NWE,1966,0.3,0.6429,2025-08-16 10:08:32
NWE,1967,1.1,0.25,2025-08-16 10:08:32
NWE,1968,-0.2,0.2857,2025-08-16 10:08:32
NWE,1969,-0.5,0.2857,2025-08-16 10:08:32
NWE,1970,-0.7,0.1429,2025-08-16 10:08:32
NWE,1971,1.1,0.4286,2025-08-16 10:08:32
NWE,1972,0.7,0.2143,2025-08-16 10:08:32
NWE,1973,-3.0,0.3571,2025-08-16 10:08:32
NWE,1974,0.6,0.5,2025-08-16 10:08:32
NWE,1975,2.9,0.2143,2025-08-16 10:08:32
NWE,1976,-1.4,0.7857,2025-08-16 10:08:32
NWE,1977,-0.4,0.6429,2025-08-16 10:08:32
NWE,1978,0.5,0.6875,2025-08-16 10:08:32
NWE,1979,-0.2,0.5625,2025-08-16 10:08:32
NWE,1980,-0.8,0.625,2025-08-16 10:08:32
NWE,1981,-0.7,0.125,2025-08-16 10:08:32
NWE,1982,-0.8,0.5556,2025-08-16 10:08:32
NWE,1983,-0.1,0.5,2025-08-16 10:08:32
NWE,1984,-0.8,0.5625,2025-08-16 10:08:32
NWE,1985,1.3,0.6875,2025-08-16 10:08:32
NWE,1986,-0.9,0.6875,2025-08-16 10:08:32
NWE,1987,1.3,0.5333,2025-08-16 10:08:32
NWE,1988,2.0,0.5625,2025-08-16 10:08:32
NWE,1989,-1.2,0.3125,2025-08-16 10:08:32
NWE,1990,2.0,0.0625,2025-08-16 10:08:32
NWE,1991,-2.8,0.375,2025-08-16 10:08:32
NWE,1992,-1.1,0.125,2025-08-16 10:08:32
NWE,1993,-0.8,0.3125,2025-08-16 10:08:32
NWE,1994,0.8,0.625,2025-08-16 10:08:32
NWE,1995,-0.2,0.375,2025-08-16 10:08:32
NWE,1996,-1.5,0.6875,2025-08-16 10:08:32
NWE,1997,0.3,0.625,2025-08-16 10:08:32
NWE,1998,3.4,0.5625,2025-08-16 10:08:32
NWE,1999,1.3,0.5,2025-08-16 10:08:32
NWE,2000,1.4,0.3125,2025-08-16 10:08:32
NWE,2001,-1.9,0.6875,2025-08-16 10:08:32
NWE,2002,1.8,0.5625,2025-08-16 10:08:32
NWE,2003,0.1,0.875,2025-08-16 10:08:32
NWE,2004,1.8,0.875,2025-08-16 10:08:32
NWE,2005,0.6,0.625,2025-08-16 10:08:32
NWE,2006,1.0,0.75,2025-08-16 10:08:32
NWE,2007,0.4,1.0,2025-08-16 10:08:32
NWE,2008,-2.4,0.6875,2025-08-16 10:08:32
NWE,2009,2.3,0.625,2025-08-16 10:08:32
NWE,2010,2.6,0.875,2025-08-16 10:08:32
NWE,2011,-1.4,0.8125,2025-08-16 10:08:32
NWE,2012,-1.4,0.75,2025-08-16 10:08:32
NWE,2013,-0.7,0.75,2025-08-16 10:08:32
NWE,2014,1.3,0.75,2025-08-16 10:08:32
NWE,2015,-2.4,0.75,2025-08-16 10:08:32
NWE,2016,-2.7,0.875,2025-08-16 10:08:32
NWE,2017,-1.2,0.8125,2025-08-16 10:08:32
NWE,2018,-1.8,0.6875,2025-08-16 10:08:32
NWE,2019,-1.8,0.75,2025-08-16 10:08:32
NWE,2020,0.7,0.4375,2025-08-16 10:08:32
NWE,2021,-0.9,0.5882,2025-08-16 10:08:32
NWE,2022,1.0,0.4706,2025-08-16 10:08:32
NWE,2023,-0.2,0.2353,2025-08-16 10:08:32
NWE,2024,-0.6,0.2353,2025-08-16 10:08:32
NYA,1927,2.1,0.4688,2025-08-16 10:08:32
NYA,1928,2.7,0.3462,2025-08-16 10:08:32
NYG,1925,-4.6,0.6667,2025-08-16 10:08:32
NYG,1926,-0.9,0.6538,2025-08-16 10:08:32
NYG,1927,-1.7,0.8846,2025-08-16 10:08:32
NYG,1928,2.9,0.3846,2025-08-16 10:08:32
NYG,1929,-1.2,0.9,2025-08-16 10:08:32
NYG,1930,-0.6,0.7647,2025-08-16 10:08:32
NYG,1931,0.0,0.5357,2025-08-16 10:08:32
NYG,1932,0.2,0.4167,2025-08-16 10:08:32
NYG,1933,-0.2,0.7857,2025-08-16 10:08:32
NYG,1934,0.8,0.6154,2025-08-16 10:08:32
NYG,1935,-3.1,0.75,2025-08-16 10:08:32
NYG,1936,-0.7,0.4583,2025-08-16 10:08:32
NYG,1937,-1.1,0.6364,2025-08-16 10:08:32
NYG,1938,-2.9,0.7727,2025-08-16 10:08:32
NYG,1939,-3.2,0.8636,2025-08-16 10:08:32
NYG,1940,-1.0,0.5909,2025-08-16 10:08:32
NYG,1941,-6.5,0.7273,2025-08-16 10:08:32
NYG,1942,1.6,0.5,2025-08-16 10:08:32
NYG,1943,-1.6,0.65,2025-08-16 10:08:32
NYG,1944,-3.2,0.85,2025-08-16 10:08:32
NYG,1945,0.2,0.35,2025-08-16 10:08:32
NYG,1946,-0.2,0.6818,2025-08-16 10:08:32
NYG,1947,-1.5,0.25,2025-08-16 10:08:32
NYG,1948,1.1,0.3333,2025-08-16 10:08:32
NYG,1949,-1.0,0.5,2025-08-16 10:08:32
NYG,1950,2.7,0.8333,2025-08-16 10:08:32
NYG,1951,-2.0,0.7917,2025-08-16 10:08:32
NYG,1952,-1.1,0.5833,2025-08-16 10:08:32
NYG,1953,2.6,0.25,2025-08-16 10:08:32
NYG,1954,-5.0,0.5833,2025-08-16 10:08:32
NYG,1955,2.2,0.5417,2025-08-16 10:08:32
NYG,1956,-1.4,0.7083,2025-08-16 10:08:32
NYG,1957,-1.4,0.5833,2025-08-16 10:08:32
NYG,1958,-1.1,0.75,2025-08-16 10:08:32
NYG,1959,-3.4,0.8333,2025-08-16 10:08:32
NYG,1960,1.1,0.5833,2025-08-16 10:08:32
NYG,1961,-3.1,0.75,2025-08-16 10:08:32
NYG,1962,-3.8,0.8571,2025-08-16 10:08:32
NYG,1963,-2.1,0.7857,2025-08-16 10:08:32
NYG,1964,-1.3,0.2143,2025-08-16 10:08:32
NYG,1965,-5.4,0.5,2025-08-16 10:08:32
NYG,1966,0.2,0.1071,2025-08-16 10:08:32
NYG,1967,-0.9,0.5,2025-08-16 10:08:32
NYG,1968,-0.1,0.5,2025-08-16 10:08:32
NYG,1969,-2.0,0.4286,2025-08-16 10:08:32
NYG,1970,-0.2,0.6429,2025-08-16 10:08:32
NYG,1971,1.6,0.2857,2025-08-16 10:08:32
NYG,1972,-0.1,0.5714,2025-08-16 10:08:32
NYG,1973,2.2,0.1786,2025-08-16 10:08:32
NYG,1974,1.8,0.1429,2025-08-16 10:08:32
NYG,1975,-0.4,0.3571,2025-08-16 10:08:32
NYG,1976,2.3,0.2143,2025-08-16 10:08:32
NYG,1977,-0.2,0.3571,2025-08-16 10:08:32
NYG,1978,-0.4,0.375,2025-08-16 10:08:32
NYG,1979,-0.8,0.375,2025-08-16 10:08:32
NYG,1980,1.3,0.25,2025-08-16 10:08:32
NYG,1981,1.0,0.5625,2025-08-16 10:08:32
NYG,1982,0.5,0.4444,2025-08-16 10:08:32
NYG,1983,2.9,0.2188,2025-08-16 10:08:32
NYG,1984,1.0,0.5625,2025-08-16 10:08:32
NYG,1985,-3.3,0.625,2025-08-16 10:08:32
NYG,1986,0.6,0.875,2025-08-16 10:08:32
NYG,1987,1.4,0.4,2025-08-16 10:08:32
NYG,1988,-1.3,0.625,2025-08-16 10:08:32
NYG,1989,0.4,0.75,2025-08-16 10:08:32
NYG,1990,-0.1,0.8125,2025-08-16 10:08:32
NYG,1991,2.0,0.5,2025-08-16 10:08:32
NYG,1992,2.0,0.375,2025-08-16 10:08:32
NYG,1993,-0.5,0.6875,2025-08-16 10:08:32
NYG,1994,-0.1,0.5625,2025-08-16 10:08:32
NYG,1995,1.6,0.3125,2025-08-16 10:08:32
NYG,1996,-0.7,0.375,2025-08-16 10:08:32
NYG,1997,-1.1,0.6562,2025-08-16 10:08:32
NYG,1998,-1.9,0.5,2025-08-16 10:08:32
NYG,1999,0.7,0.4375,2025-08-16 10:08:32
NYG,2000,-2.7,0.75,2025-08-16 10:08:32
NYG,2001,-0.1,0.4375,2025-08-16 10:08:32
NYG,2002,-1.7,0.625,2025-08-16 10:08:32
NYG,2003,0.4,0.25,2025-08-16 10:08:32
NYG,2004,-1.2,0.375,2025-08-16 10:08:32
NYG,2005,0.7,0.6875,2025-08-16 10:08:32
NYG,2006,0.5,0.5,2025-08-16 10:08:32
NYG,2007,1.9,0.625,2025-08-16 10:08:32
NYG,2008,0.1,0.75,2025-08-16 10:08:32
NYG,2009,1.6,0.5,2025-08-16 10:08:32
NYG,2010,-0.8,0.625,2025-08-16 10:08:32
NYG,2011,2.0,0.5625,2025-08-16 10:08:32
NYG,2012,0.9,0.5625,2025-08-16 10:08:32
NYG,2013,0.2,0.4375,2025-08-16 10:08:32
NYG,2014,-0.4,0.375,2025-08-16 10:08:32
NYG,2015,-2.2,0.375,2025-08-16 10:08:32
NYG,2016,0.5,0.6875,2025-08-16 10:08:32
NYG,2017,1.3,0.1875,2025-08-16 10:08:32
NYG,2018,0.5,0.3125,2025-08-16 10:08:32
NYG,2019,-1.0,0.25,2025-08-16 10:08:32
NYG,2020,0.4,0.375,2025-08-16 10:08:32
NYG,2021,1.0,0.2353,2025-08-16 10:08:32
NYG,2022,0.0,0.5588,2025-08-16 10:08:32
NYG,2023,0.4,0.3529,2025-08-16 10:08:32
NYG,2024,0.3,0.1765,2025-08-16 10:08:32
NYJ,1960,0.2,0.5,2025-08-16 10:08:32
NYJ,1961,0.8,0.5,2025-08-16 10:08:32
NYJ,1962,1.3,0.3571,2025-08-16 10:08:32
NYJ,1963,1.3,0.3929,2025-08-16 10:08:32
NYJ,1964,0.3,0.3929,2025-08-16 10:08:32
NYJ,1965,0.2,0.3929,2025-08-16 10:08:32
NYJ,1966,0.0,0.5,2025-08-16 10:08:32
NYJ,1967,-0.6,0.6071,2025-08-16 10:08:32
NYJ,1968,-2.1,0.7857,2025-08-16 10:08:32
NYJ,1969,-2.0,0.7143,2025-08-16 10:08:32
NYJ,1970,-2.7,0.2857,2025-08-16 10:08:32
NYJ,1971,0.8,0.4286,2025-08-16 10:08:32
NYJ,1972,-2.6,0.5,2025-08-16 10:08:32
NYJ,1973,1.3,0.2857,2025-08-16 10:08:32
NYJ,1974,-1.0,0.5,2025-08-16 10:08:32
NYJ,1975,4.2,0.2143,2025-08-16 10:08:32
NYJ,1976,1.5,0.2143,2025-08-16 10:08:32
NYJ,1977,1.9,0.2143,2025-08-16 10:08:32
NYJ,1978,1.4,0.5,2025-08-16 10:08:32
NYJ,1979,0.0,0.5,2025-08-16 10:08:32
NYJ,1980,0.7,0.25,2025-08-16 10:08:32
NYJ,1981,-2.4,0.6562,2025-08-16 10:08:32
NYJ,1982,1.7,0.6667,2025-08-16 10:08:32
NYJ,1983,-0.1,0.4375,2025-08-16 10:08:32
NYJ,1984,-2.5,0.4375,2025-08-16 10:08:32
NYJ,1985,0.9,0.6875,2025-08-16 10:08:32
NYJ,1986,0.0,0.625,2025-08-16 10:08:32
NYJ,1987,0.4,0.4,2025-08-16 10:08:32
NYJ,1988,0.3,0.5312,2025-08-16 10:08:32
NYJ,1989,-0.2,0.25,2025-08-16 10:08:32
NYJ,1990,-1.5,0.375,2025-08-16 10:08:32
NYJ,1991,-3.8,0.5,2025-08-16 10:08:32
NYJ,1992,-0.9,0.25,2025-08-16 10:08:32
NYJ,1993,-0.6,0.5,2025-08-16 10:08:32
NYJ,1994,1.3,0.375,2025-08-16 10:08:32
NYJ,1995,-1.7,0.1875,2025-08-16 10:08:32
NYJ,1996,0.8,0.0625,2025-08-16 10:08:32
NYJ,1997,-0.9,0.5625,2025-08-16 10:08:32
NYJ,1998,1.8,0.75,2025-08-16 10:08:32
NYJ,1999,3.1,0.5,2025-08-16 10:08:32
NYJ,2000,3.5,0.5625,2025-08-16 10:08:32
NYJ,2001,0.0,0.625,2025-08-16 10:08:32
NYJ,2002,1.7,0.5625,2025-08-16 10:08:32
NYJ,2003,0.4,0.375,2025-08-16 10:08:32
NYJ,2004,2.1,0.625,2025-08-16 10:08:32
NYJ,2005,0.8,0.25,2025-08-16 10:08:32
NYJ,2006,0.7,0.625,2025-08-16 10:08:32
NYJ,2007,1.7,0.25,2025-08-16 10:08:32
NYJ,2008,-2.8,0.5625,2025-08-16 10:08:32
NYJ,2009,1.6,0.5625,2025-08-16 10:08:32
NYJ,2010,2.5,0.6875,2025-08-16 10:08:32
NYJ,2011,0.0,0.5,2025-08-16 10:08:32
NYJ,2012,0.0,0.375,2025-08-16 10:08:32
NYJ,2013,0.0,0.5,2025-08-16 10:08:32
NYJ,2014,2.3,0.25,2025-08-16 10:08:32
NYJ,2015,-3.0,0.625,2025-08-16 10:08:32
NYJ,2016,-0.1,0.3125,2025-08-16 10:08:32
NYJ,2017,0.3,0.3125,2025-08-16 10:08:32
NYJ,2018,-1.1,0.25,2025-08-16 10:08:32
NYJ,2019,-1.1,0.4375,2025-08-16 10:08:32
NYJ,2020,1.9,0.125,2025-08-16 10:08:32
NYJ,2021,1.0,0.2353,2025-08-16 10:08:32
NYJ,2022,2.0,0.4118,2025-08-16 10:08:32
NYJ,2023,-0.6,0.4118,2025-08-16 10:08:32
NYJ,2024,-0.5,0.2941,2025-08-16 10:08:32
NYY,1949,1.3,0.125,2025-08-16 10:08:32
NYY,1950,-3.5,0.5833,2025-08-16 10:08:32
NYY,1951,2.3,0.1667,2025-08-16 10:08:32
OOR,1922,9.1,0.3333,2025-08-16 10:08:32
OOR,1923,6.5,0.0909,2025-08-16 10:08:32
OTI,1960,-0.8,0.7143,2025-08-16 10:08:32
OTI,1961,-2.4,0.75,2025-08-16 10:08:32
OTI,1962,-1.0,0.7857,2025-08-16 10:08:32
OTI,1963,0.6,0.4286,2025-08-16 10:08:32
OTI,1964,0.4,0.2857,2025-08-16 10:08:32
OTI,1965,1.2,0.2857,2025-08-16 10:08:32
OTI,1966,-0.4,0.2143,2025-08-16 10:08:32
OTI,1967,-1.6,0.6786,2025-08-16 10:08:32
OTI,1968,-0.8,0.5,2025-08-16 10:08:32
OTI,1969,-1.1,0.5,2025-08-16 10:08:32
OTI,1970,0.4,0.25,2025-08-16 10:08:32
OTI,1971,-1.1,0.3214,2025-08-16 10:08:32
OTI,1972,2.4,0.0714,2025-08-16 10:08:32
OTI,1973,1.0,0.0714,2025-08-16 10:08:32
OTI,1974,1.4,0.5,2025-08-16 10:08:32
OTI,1975,1.6,0.7143,2025-08-16 10:08:32
OTI,1976,1.9,0.3571,2025-08-16 10:08:32
OTI,1977,1.7,0.5714,2025-08-16 10:08:32
OTI,1978,0.5,0.625,2025-08-16 10:08:32
OTI,1979,2.4,0.6875,2025-08-16 10:08:32
OTI,1980,-1.1,0.6875,2025-08-16 10:08:32
OTI,1981,-0.1,0.4375,2025-08-16 10:08:32
OTI,1982,1.1,0.1111,2025-08-16 10:08:32
OTI,1983,-0.8,0.125,2025-08-16 10:08:32
OTI,1984,0.3,0.1875,2025-08-16 10:08:32
OTI,1985,-0.9,0.3125,2025-08-16 10:08:32
OTI,1986,-0.5,0.3125,2025-08-16 10:08:32
OTI,1987,2.2,0.6,2025-08-16 10:08:32
OTI,1988,-0.7,0.625,2025-08-16 10:08:32
OTI,1989,0.4,0.5625,2025-08-16 10:08:32
OTI,1990,-0.9,0.5625,2025-08-16 10:08:32
OTI,1991,-0.1,0.6875,2025-08-16 10:08:32
OTI,1992,-0.3,0.625,2025-08-16 10:08:32
OTI,1993,-0.9,0.75,2025-08-16 10:08:32
OTI,1994,0.6,0.125,2025-08-16 10:08:32
OTI,1995,-0.7,0.4375,2025-08-16 10:08:32
OTI,1996,-0.7,0.5,2025-08-16 10:08:32
OTI,1997,0.2,0.5,2025-08-16 10:08:32
OTI,1998,-0.6,0.5,2025-08-16 10:08:32
OTI,1999,-3.2,0.8125,2025-08-16 10:08:32
OTI,2000,-1.3,0.8125,2025-08-16 10:08:32
OTI,2001,1.2,0.4375,2025-08-16 10:08:32
OTI,2002,-0.9,0.6875,2025-08-16 10:08:32
OTI,2003,-0.5,0.75,2025-08-16 10:08:32
OTI,2004,1.5,0.3125,2025-08-16 10:08:32
OTI,2005,0.1,0.25,2025-08-16 10:08:32
OTI,2006,3.5,0.5,2025-08-16 10:08:32
OTI,2007,0.5,0.625,2025-08-16 10:08:32
OTI,2008,0.1,0.8125,2025-08-16 10:08:32
OTI,2009,0.2,0.5,2025-08-16 10:08:32
OTI,2010,0.0,0.375,2025-08-16 10:08:32
OTI,2011,-1.5,0.5625,2025-08-16 10:08:32
OTI,2012,-1.2,0.375,2025-08-16 10:08:32
OTI,2013,0.4,0.4375,2025-08-16 10:08:32
OTI,2014,-0.3,0.125,2025-08-16 10:08:32
OTI,2015,-2.8,0.1875,2025-08-16 10:08:32
OTI,2016,-1.2,0.5625,2025-08-16 10:08:32
OTI,2017,-2.1,0.5625,2025-08-16 10:08:32
OTI,2018,-0.2,0.5625,2025-08-16 10:08:32
OTI,2019,-1.0,0.5625,2025-08-16 10:08:32
OTI,2020,-1.7,0.6875,2025-08-16 10:08:32
OTI,2021,-0.4,0.7059,2025-08-16 10:08:32
OTI,2022,0.0,0.4118,2025-08-16 10:08:32
OTI,2023,0.4,0.3529,2025-08-16 10:08:32
OTI,2024,0.4,0.1765,2025-08-16 10:08:32
PHI,1933,-0.3,0.3889,2025-08-16 10:08:32
PHI,1934,-4.2,0.3636,2025-08-16 10:08:32
PHI,1935,-0.2,0.1818,2025-08-16 10:08:32
PHI,1936,-0.9,0.0833,2025-08-16 10:08:32
PHI,1937,-1.5,0.2273,2025-08-16 10:08:32
PHI,1938,-0.7,0.4545,2025-08-16 10:08:32
PHI,1939,1.0,0.1364,2025-08-16 10:08:32
PHI,1940,0.5,0.0909,2025-08-16 10:08:32
PHI,1941,-0.9,0.2273,2025-08-16 10:08:32
PHI,1942,3.7,0.1818,2025-08-16 10:08:32
PHI,1943,-1.0,0.55,2025-08-16 10:08:32
PHI,1944,-2.0,0.8,2025-08-16 10:08:32
PHI,1945,-3.8,0.7,2025-08-16 10:08:32
PHI,1946,0.5,0.5455,2025-08-16 10:08:32
PHI,1947,-3.0,0.6667,2025-08-16 10:08:32
PHI,1948,-2.9,0.7917,2025-08-16 10:08:32
PHI,1949,-2.1,0.9167,2025-08-16 10:08:32
PHI,1950,3.6,0.5,2025-08-16 10:08:32
PHI,1951,1.0,0.3333,2025-08-16 10:08:32
PHI,1952,-0.8,0.5833,2025-08-16 10:08:32
PHI,1953,-1.0,0.625,2025-08-16 10:08:32
PHI,1954,-2.9,0.625,2025-08-16 10:08:32
PHI,1955,3.2,0.375,2025-08-16 10:08:32
PHI,1956,-0.5,0.2917,2025-08-16 10:08:32
PHI,1957,0.6,0.3333,2025-08-16 10:08:32
PHI,1958,-1.8,0.2083,2025-08-16 10:08:32
PHI,1959,-1.8,0.5833,2025-08-16 10:08:32
PHI,1960,0.4,0.8333,2025-08-16 10:08:32
PHI,1961,-2.6,0.7143,2025-08-16 10:08:32
PHI,1962,-2.4,0.25,2025-08-16 10:08:32
PHI,1963,1.6,0.2143,2025-08-16 10:08:32
PHI,1964,-3.5,0.4286,2025-08-16 10:08:32
PHI,1965,-6.3,0.3571,2025-08-16 10:08:32
PHI,1966,-2.0,0.6429,2025-08-16 10:08:32
PHI,1967,-1.2,0.4643,2025-08-16 10:08:32
PHI,1968,-0.1,0.1429,2025-08-16 10:08:32
PHI,1969,-1.3,0.3214,2025-08-16 10:08:32
PHI,1970,2.0,0.25,2025-08-16 10:08:32
PHI,1971,1.5,0.4643,2025-08-16 10:08:32
PHI,1972,0.2,0.1786,2025-08-16 10:08:32
PHI,1973,1.7,0.3929,2025-08-16 10:08:32
PHI,1974,1.1,0.5,2025-08-16 10:08:32
PHI,1975,0.9,0.2857,2025-08-16 10:08:32
PHI,1976,0.0,0.2857,2025-08-16 10:08:32
PHI,1977,-1.5,0.3571,2025-08-16 10:08:32
PHI,1978,1.1,0.5625,2025-08-16 10:08:32
PHI,1979,-0.9,0.6875,2025-08-16 10:08:32
PHI,1980,-0.4,0.75,2025-08-16 10:08:32
PHI,1981,-0.5,0.625,2025-08-16 10:08:32
PHI,1982,1.1,0.3333,2025-08-16 10:08:32
PHI,1983,2.4,0.3125,2025-08-16 10:08:32
PHI,1984,0.2,0.4062,2025-08-16 10:08:32
PHI,1985,-1.9,0.4375,2025-08-16 10:08:32
PHI,1986,2.0,0.3438,2025-08-16 10:08:32
PHI,1987,0.8,0.4667,2025-08-16 10:08:32
PHI,1988,-0.3,0.625,2025-08-16 10:08:32
PHI,1989,0.8,0.6875,2025-08-16 10:08:32
PHI,1990,-0.5,0.625,2025-08-16 10:08:32
PHI,1991,2.1,0.625,2025-08-16 10:08:32
PHI,1992,2.1,0.6875,2025-08-16 10:08:32
PHI,1993,1.8,0.5,2025-08-16 10:08:32
PHI,1994,0.6,0.4375,2025-08-16 10:08:32
PHI,1995,-0.5,0.625,2025-08-16 10:08:32
PHI,1996,-0.8,0.625,2025-08-16 10:08:32
PHI,1997,0.5,0.4062,2025-08-16 10:08:32
PHI,1998,-1.3,0.1875,2025-08-16 10:08:32
PHI,1999,1.1,0.3125,2025-08-16 10:08:32
PHI,2000,-3.6,0.6875,2025-08-16 10:08:32
PHI,2001,-0.7,0.6875,2025-08-16 10:08:32
PHI,2002,-2.6,0.75,2025-08-16 10:08:32
PHI,2003,-1.0,0.75,2025-08-16 10:08:32
PHI,2004,-2.3,0.8125,2025-08-16 10:08:32
PHI,2005,2.6,0.375,2025-08-16 10:08:32
PHI,2006,-1.0,0.625,2025-08-16 10:08:32
PHI,2007,3.0,0.5,2025-08-16 10:08:32
PHI,2008,-0.1,0.5938,2025-08-16 10:08:32
PHI,2009,0.2,0.6875,2025-08-16 10:08:32
PHI,2010,0.3,0.625,2025-08-16 10:08:32
PHI,2011,0.5,0.5,2025-08-16 10:08:32
PHI,2012,1.4,0.25,2025-08-16 10:08:32
PHI,2013,-1.9,0.625,2025-08-16 10:08:32
PHI,2014,-0.7,0.625,2025-08-16 10:08:32
PHI,2015,-1.3,0.4375,2025-08-16 10:08:32
PHI,2016,1.6,0.4375,2025-08-16 10:08:32
PHI,2017,-0.7,0.8125,2025-08-16 10:08:32
PHI,2018,0.5,0.5625,2025-08-16 10:08:32
PHI,2019,-1.7,0.5625,2025-08-16 10:08:32
PHI,2020,0.8,0.2812,2025-08-16 10:08:32
PHI,2021,-1.0,0.5294,2025-08-16 10:08:32
PHI,2022,-1.3,0.8235,2025-08-16 10:08:32
PHI,2023,-0.4,0.6471,2025-08-16 10:08:32
PHI,2024,-1.7,0.8235,2025-08-16 10:08:32
PIT,1933,-0.3,0.3636,2025-08-16 10:08:32
PIT,1934,-1.5,0.1667,2025-08-16 10:08:32
PIT,1935,-0.8,0.3333,2025-08-16 10:08:32
PIT,1936,0.1,0.5,2025-08-16 10:08:32
PIT,1937,-1.3,0.3636,2025-08-16 10:08:32
PIT,1938,1.0,0.1818,2025-08-16 10:08:32
PIT,1939,-0.2,0.1364,2025-08-16 10:08:32
PIT,1940,0.4,0.2727,2025-08-16 10:08:32
PIT,1941,1.3,0.1364,2025-08-16 10:08:32
PIT,1942,-1.6,0.6364,2025-08-16 10:08:32
PIT,1945,-0.1,0.2,2025-08-16 10:08:32
PIT,1946,-1.0,0.5,2025-08-16 10:08:32
PIT,1947,-2.5,0.6667,2025-08-16 10:08:32
PIT,1948,-1.7,0.3333,2025-08-16 10:08:32
PIT,1949,-1.0,0.5417,2025-08-16 10:08:32
PIT,1950,4.5,0.5,2025-08-16 10:08:32
PIT,1951,0.2,0.375,2025-08-16 10:08:32
PIT,1952,1.9,0.4167,2025-08-16 10:08:32
PIT,1953,0.8,0.5,2025-08-16 10:08:32
PIT,1954,-2.3,0.4167,2025-08-16 10:08:32
PIT,1955,4.0,0.3333,2025-08-16 10:08:32
PIT,1956,-0.2,0.4167,2025-08-16 10:08:32
PIT,1957,-0.3,0.5,2025-08-16 10:08:32
PIT,1958,-1.7,0.625,2025-08-16 10:08:32
PIT,1959,-2.3,0.5417,2025-08-16 10:08:32
PIT,1960,2.2,0.4583,2025-08-16 10:08:32
PIT,1961,-2.3,0.4286,2025-08-16 10:08:32
PIT,1962,-3.1,0.6429,2025-08-16 10:08:32
PIT,1963,1.1,0.6071,2025-08-16 10:08:32
PIT,1964,-2.4,0.3571,2025-08-16 10:08:32
PIT,1965,-4.4,0.1429,2025-08-16 10:08:32
PIT,1966,-2.3,0.3929,2025-08-16 10:08:32
PIT,1967,-0.6,0.3214,2025-08-16 10:08:32
PIT,1968,0.9,0.1786,2025-08-16 10:08:32
PIT,1969,-0.7,0.0714,2025-08-16 10:08:32
PIT,1970,-3.0,0.3571,2025-08-16 10:08:32
PIT,1971,-0.3,0.4286,2025-08-16 10:08:32
PIT,1972,-2.0,0.7857,2025-08-16 10:08:32
PIT,1973,-1.6,0.7143,2025-08-16 10:08:32
PIT,1974,-1.5,0.75,2025-08-16 10:08:32
PIT,1975,-0.9,0.8571,2025-08-16 10:08:32
PIT,1976,0.8,0.7143,2025-08-16 10:08:32
PIT,1977,3.4,0.6429,2025-08-16 10:08:32
PIT,1978,-1.9,0.875,2025-08-16 10:08:32
PIT,1979,2.3,0.75,2025-08-16 10:08:32
PIT,1980,-0.2,0.5625,2025-08-16 10:08:32
PIT,1981,-1.0,0.5,2025-08-16 10:08:32
PIT,1982,-1.3,0.6667,2025-08-16 10:08:32
PIT,1983,-3.3,0.625,2025-08-16 10:08:32
PIT,1984,-1.6,0.5625,2025-08-16 10:08:32
PIT,1985,-2.0,0.4375,2025-08-16 10:08:32
PIT,1986,0.9,0.375,2025-08-16 10:08:32
PIT,1987,1.6,0.5333,2025-08-16 10:08:32
PIT,1988,0.0,0.3125,2025-08-16 10:08:32
PIT,1989,0.1,0.5625,2025-08-16 10:08:32
PIT,1990,-1.6,0.5625,2025-08-16 10:08:32
PIT,1991,0.3,0.4375,2025-08-16 10:08:32
PIT,1992,-1.0,0.6875,2025-08-16 10:08:32
PIT,1993,-0.2,0.5625,2025-08-16 10:08:32
PIT,1994,-0.4,0.75,2025-08-16 10:08:32
PIT,1995,-0.4,0.6875,2025-08-16 10:08:32
PIT,1996,-0.3,0.625,2025-08-16 10:08:32
PIT,1997,1.3,0.6875,2025-08-16 10:08:32
PIT,1998,-1.3,0.4375,2025-08-16 10:08:32
PIT,1999,-2.2,0.375,2025-08-16 10:08:32
PIT,2000,-0.2,0.5625,2025-08-16 10:08:32
PIT,2001,-1.4,0.8125,2025-08-16 10:08:32
PIT,2002,-0.1,0.6562,2025-08-16 10:08:32
PIT,2003,0.6,0.375,2025-08-16 10:08:32
PIT,2004,1.4,0.9375,2025-08-16 10:08:32
PIT,2005,-0.4,0.6875,2025-08-16 10:08:32
PIT,2006,1.0,0.5,2025-08-16 10:08:32
PIT,2007,-2.5,0.625,2025-08-16 10:08:32
PIT,2008,2.0,0.75,2025-08-16 10:08:32
PIT,2009,-1.1,0.5625,2025-08-16 10:08:32
PIT,2010,1.3,0.75,2025-08-16 10:08:32
PIT,2011,-0.8,0.75,2025-08-16 10:08:32
PIT,2012,-2.0,0.5,2025-08-16 10:08:32
PIT,2013,-2.5,0.5,2025-08-16 10:08:32
PIT,2014,-2.0,0.6875,2025-08-16 10:08:32
PIT,2015,2.2,0.625,2025-08-16 10:08:32
PIT,2016,0.2,0.6875,2025-08-16 10:08:32
PIT,2017,-1.1,0.8125,2025-08-16 10:08:32
PIT,2018,1.3,0.5938,2025-08-16 10:08:32
PIT,2019,1.2,0.5,2025-08-16 10:08:32
PIT,2020,-1.8,0.75,2025-08-16 10:08:32
PIT,2021,0.8,0.5588,2025-08-16 10:08:32
PIT,2022,1.5,0.5294,2025-08-16 10:08:32
PIT,2023,1.9,0.5882,2025-08-16 10:08:32
PIT,2024,0.1,0.5882,2025-08-16 10:08:32
PRV,1925,-2.3,0.5417,2025-08-16 10:08:32
PRV,1926,0.7,0.4231,2025-08-16 10:08:32
PRV,1927,-2.9,0.6071,2025-08-16 10:08:32
PRV,1928,-2.9,0.8182,2025-08-16 10:08:32
PRV,1929,-1.2,0.4167,2025-08-16 10:08:32
PRV,1930,-3.3,0.5909,2025-08-16 10:08:32
PRV,1931,-2.6,0.5,2025-08-16 10:08:32
PTB,1925,-5.1,0.8333,2025-08-16 10:08:32
PTB,1926,-4.5,0.7857,2025-08-16 10:08:32
PTB,1927,-1.5,0.3846,2025-08-16 10:08:32
PTB,1928,1.3,0.2,2025-08-16 10:08:32
PTB,1929,-6.0,0.5,2025-08-16 10:08:32
RAC,1922,-10.7,0.5909,2025-08-16 10:08:32
RAC,1923,-0.2,0.5,2025-08-16 10:08:32
RAC,1924,5.8,0.55,2025-08-16 10:08:32
RAC,1926,-1.5,0.2,2025-08-16 10:08:32
RAI,1960,0.6,0.4286,2025-08-16 10:08:32
RAI,1961,2.0,0.1429,2025-08-16 10:08:32
RAI,1962,1.4,0.0714,2025-08-16 10:08:32
RAI,1963,-0.7,0.7143,2025-08-16 10:08:32
RAI,1964,0.4,0.4286,2025-08-16 10:08:32
RAI,1965,-0.5,0.6071,2025-08-16 10:08:32
RAI,1966,-0.8,0.6071,2025-08-16 10:08:32
RAI,1967,-1.5,0.9286,2025-08-16 10:08:32
RAI,1968,-1.4,0.8571,2025-08-16 10:08:32
RAI,1969,-0.6,0.8929,2025-08-16 10:08:32
RAI,1970,0.5,0.6429,2025-08-16 10:08:32
RAI,1971,-1.0,0.6429,2025-08-16 10:08:32
RAI,1972,-0.3,0.75,2025-08-16 10:08:32
RAI,1973,-1.7,0.6786,2025-08-16 10:08:32
RAI,1974,-0.1,0.8571,2025-08-16 10:08:32
RAI,1975,-1.8,0.7857,2025-08-16 10:08:32
RAI,1976,0.4,0.9286,2025-08-16 10:08:32
RAI,1977,1.7,0.7857,2025-08-16 10:08:32
RAI,1978,0.9,0.5625,2025-08-16 10:08:32
RAI,1979,2.0,0.5625,2025-08-16 10:08:32
RAI,1980,0.6,0.6875,2025-08-16 10:08:32
RAI,1981,0.7,0.4375,2025-08-16 10:08:32
RAI,1982,-1.5,0.8889,2025-08-16 10:08:32
RAI,1983,0.3,0.75,2025-08-16 10:08:32
RAI,1984,1.2,0.6875,2025-08-16 10:08:32
RAI,1985,1.5,0.75,2025-08-16 10:08:32
RAI,1986,1.6,0.5,2025-08-16 10:08:32
RAI,1987,-0.8,0.3333,2025-08-16 10:08:32
RAI,1988,-0.8,0.4375,2025-08-16 10:08:32
RAI,1989,0.7,0.5,2025-08-16 10:08:32
RAI,1990,2.2,0.75,2025-08-16 10:08:32
RAI,1991,1.3,0.5625,2025-08-16 10:08:32
RAI,1992,0.4,0.4375,2025-08-16 10:08:32
RAI,1993,0.6,0.625,2025-08-16 10:08:32
RAI,1994,-0.1,0.5625,2025-08-16 10:08:32
RAI,1995,1.1,0.5,2025-08-16 10:08:32
RAI,1996,-0.5,0.4375,2025-08-16 10:08:32
RAI,1997,0.8,0.25,2025-08-16 10:08:32
RAI,1998,-1.4,0.5,2025-08-16 10:08:32
RAI,1999,2.9,0.5,2025-08-16 10:08:32
RAI,2000,-1.5,0.75,2025-08-16 10:08:32
RAI,2001,-0.9,0.625,2025-08-16 10:08:32
RAI,2002,1.5,0.6875,2025-08-16 10:08:32
RAI,2003,1.3,0.25,2025-08-16 10:08:32
RAI,2004,3.4,0.3125,2025-08-16 10:08:32
RAI,2005,3.0,0.25,2025-08-16 10:08:32
RAI,2006,0.6,0.125,2025-08-16 10:08:32
RAI,2007,1.2,0.25,2025-08-16 10:08:32
RAI,2008,0.3,0.3125,2025-08-16 10:08:32
RAI,2009,1.1,0.3125,2025-08-16 10:08:32
RAI,2010,-2.3,0.5,2025-08-16 10:08:32
RAI,2011,-0.3,0.5,2025-08-16 10:08:32
RAI,2012,-1.3,0.25,2025-08-16 10:08:32
RAI,2013,0.2,0.25,2025-08-16 10:08:32
RAI,2014,3.4,0.1875,2025-08-16 10:08:32
RAI,2015,2.3,0.4375,2025-08-16 10:08:32
RAI,2016,1.3,0.75,2025-08-16 10:08:32
RAI,2017,-0.2,0.375,2025-08-16 10:08:32
RAI,2018,1.8,0.25,2025-08-16 10:08:32
RAI,2019,-0.3,0.4375,2025-08-16 10:08:32
RAI,2020,0.8,0.5,2025-08-16 10:08:32
RAI,2021,0.6,0.5882,2025-08-16 10:08:32
RAI,2022,-1.1,0.3529,2025-08-16 10:08:32
RAI,2023,-0.9,0.4706,2025-08-16 10:08:32
RAI,2024,1.0,0.2353,2025-08-16 10:08:32
RAM,1937,3.5,0.0909,2025-08-16 10:08:32
RAM,1938,2.5,0.3636,2025-08-16 10:08:32
RAM,1939,-0.6,0.5,2025-08-16 10:08:32
RAM,1940,1.5,0.4091,2025-08-16 10:08:32
RAM,1941,4.4,0.1818,2025-08-16 10:08:32
RAM,1942,0.3,0.4545,2025-08-16 10:08:32
RAM,1944,1.9,0.4,2025-08-16 10:08:32
RAM,1945,0.6,0.9,2025-08-16 10:08:32
RAM,1946,-0.1,0.5909,2025-08-16 10:08:32
RAM,1947,2.1,0.5,2025-08-16 10:08:32
RAM,1948,1.4,0.5417,2025-08-16 10:08:32
RAM,1949,-0.8,0.75,2025-08-16 10:08:32
RAM,1950,-5.3,0.75,2025-08-16 10:08:32
RAM,1951,-1.8,0.6667,2025-08-16 10:08:32
RAM,1952,-0.8,0.75,2025-08-16 10:08:32
RAM,1953,-3.3,0.7083,2025-08-16 10:08:32
RAM,1954,2.3,0.5417,2025-08-16 10:08:32
RAM,1955,-3.8,0.7083,2025-08-16 10:08:32
RAM,1956,0.7,0.3333,2025-08-16 10:08:32
RAM,1957,0.3,0.5,2025-08-16 10:08:32
RAM,1958,0.5,0.6667,2025-08-16 10:08:32
RAM,1959,3.0,0.1667,2025-08-16 10:08:32
RAM,1960,-0.5,0.375,2025-08-16 10:08:32
RAM,1961,3.5,0.2857,2025-08-16 10:08:32
RAM,1962,4.1,0.1071,2025-08-16 10:08:32
RAM,1963,1.0,0.3571,2025-08-16 10:08:32
RAM,1964,3.1,0.4286,2025-08-16 10:08:32
RAM,1965,7.1,0.2857,2025-08-16 10:08:32
RAM,1966,0.5,0.5714,2025-08-16 10:08:32
RAM,1967,-0.9,0.8571,2025-08-16 10:08:32
RAM,1968,0.7,0.75,2025-08-16 10:08:32
RAM,1969,1.6,0.7857,2025-08-16 10:08:32
RAM,1970,0.8,0.6786,2025-08-16 10:08:32
RAM,1971,2.8,0.6071,2025-08-16 10:08:32
RAM,1972,-0.9,0.4643,2025-08-16 10:08:32
RAM,1973,-1.6,0.8571,2025-08-16 10:08:32
RAM,1974,-1.9,0.7143,2025-08-16 10:08:32
RAM,1975,-3.5,0.8571,2025-08-16 10:08:32
RAM,1976,-1.0,0.75,2025-08-16 10:08:32
RAM,1977,-2.7,0.7143,2025-08-16 10:08:32
RAM,1978,-1.2,0.75,2025-08-16 10:08:32
RAM,1979,-1.5,0.5625,2025-08-16 10:08:32
RAM,1980,-1.9,0.6875,2025-08-16 10:08:32
RAM,1981,0.6,0.375,2025-08-16 10:08:32
RAM,1982,-1.4,0.2222,2025-08-16 10:08:32
RAM,1983,1.8,0.5625,2025-08-16 10:08:32
RAM,1984,0.4,0.625,2025-08-16 10:08:32
RAM,1985,-1.3,0.6875,2025-08-16 10:08:32
RAM,1986,-0.8,0.625,2025-08-16 10:08:32
RAM,1987,1.1,0.4,2025-08-16 10:08:32
RAM,1988,-0.6,0.625,2025-08-16 10:08:32
RAM,1989,-0.5,0.6875,2025-08-16 10:08:32
RAM,1990,-0.1,0.3125,2025-08-16 10:08:32
RAM,1991,3.7,0.1875,2025-08-16 10:08:32
RAM,1992,1.5,0.375,2025-08-16 10:08:32
RAM,1993,0.7,0.3125,2025-08-16 10:08:32
RAM,1994,-0.3,0.25,2025-08-16 10:08:32
RAM,1995,0.4,0.4375,2025-08-16 10:08:32
RAM,1996,0.3,0.375,2025-08-16 10:08:32
RAM,1997,-0.2,0.3125,2025-08-16 10:08:32
RAM,1998,3.5,0.25,2025-08-16 10:08:32
RAM,1999,-5.9,0.8125,2025-08-16 10:08:32
RAM,2000,-1.2,0.625,2025-08-16 10:08:32
RAM,2001,-1.0,0.875,2025-08-16 10:08:32
RAM,2002,0.0,0.4375,2025-08-16 10:08:32
RAM,2003,-1.6,0.75,2025-08-16 10:08:32
RAM,2004,-1.4,0.5,2025-08-16 10:08:32
RAM,2005,-1.0,0.375,2025-08-16 10:08:32
RAM,2006,-3.1,0.5,2025-08-16 10:08:32
RAM,2007,-2.0,0.1875,2025-08-16 10:08:32
RAM,2008,-0.5,0.125,2025-08-16 10:08:32
RAM,2009,-1.1,0.0625,2025-08-16 10:08:32
RAM,2010,-4.2,0.4375,2025-08-16 10:08:32
RAM,2011,2.9,0.125,2025-08-16 10:08:32
RAM,2012,3.4,0.4688,2025-08-16 10:08:32
RAM,2013,3.2,0.4375,2025-08-16 10:08:32
RAM,2014,1.0,0.375,2025-08-16 10:08:32
RAM,2015,3.0,0.4375,2025-08-16 10:08:32
RAM,2016,-0.5,0.25,2025-08-16 10:08:32
RAM,2017,-0.2,0.6875,2025-08-16 10:08:32
RAM,2018,-0.4,0.8125,2025-08-16 10:08:32
RAM,2019,2.0,0.5625,2025-08-16 10:08:32
RAM,2020,0.7,0.625,2025-08-16 10:08:32
RAM,2021,0.1,0.7059,2025-08-16 10:08:32
RAM,2022,0.5,0.2941,2025-08-16 10:08:32
RAM,2023,1.4,0.5882,2025-08-16 10:08:32
RAM,2024,1.1,0.5882,2025-08-16 10:08:32
RAV,1996,1.4,0.25,2025-08-16 10:08:32
RAV,1997,0.6,0.4062,2025-08-16 10:08:32
RAV,1998,-1.3,0.375,2025-08-16 10:08:32
RAV,1999,-2.0,0.5,2025-08-16 10:08:32
RAV,2000,-2.5,0.75,2025-08-16 10:08:32
RAV,2001,0.8,0.625,2025-08-16 10:08:32
RAV,2002,0.3,0.4375,2025-08-16 10:08:32
RAV,2003,-0.6,0.625,2025-08-16 10:08:32
RAV,2004,3.1,0.5625,2025-08-16 10:08:32
RAV,2005,0.3,0.375,2025-08-16 10:08:32
RAV,2006,-0.2,0.8125,2025-08-16 10:08:32
RAV,2007,0.1,0.3125,2025-08-16 10:08:32
RAV,2008,1.0,0.6875,2025-08-16 10:08:32
RAV,2009,-0.7,0.5625,2025-08-16 10:08:32
RAV,2010,1.0,0.75,2025-08-16 10:08:32
RAV,2011,-0.9,0.75,2025-08-16 10:08:32
RAV,2012,-0.5,0.625,2025-08-16 10:08:32
RAV,2013,-1.5,0.5,2025-08-16 10:08:32
RAV,2014,-2.1,0.625,2025-08-16 10:08:32
RAV,2015,2.6,0.3125,2025-08-16 10:08:32
RAV,2016,0.2,0.5,2025-08-16 10:08:32
RAV,2017,-2.4,0.5625,2025-08-16 10:08:32
RAV,2018,0.6,0.625,2025-08-16 10:08:32
RAV,2019,0.1,0.875,2025-08-16 10:08:32
RAV,2020,-2.0,0.6875,2025-08-16 10:08:32
RAV,2021,0.0,0.4706,2025-08-16 10:08:32
RAV,2022,1.1,0.5882,2025-08-16 10:08:32
RAV,2023,1.2,0.7647,2025-08-16 10:08:32
RAV,2024,0.6,0.7059,2025-08-16 10:08:32
RCH,1920,-19.3,0.6364,2025-08-16 10:08:32
RCH,1921,-3.4,0.4,2025-08-16 10:08:32
RCH,1922,11.8,0.1,2025-08-16 10:08:32
RCH,1923,-0.3,0.0,2025-08-16 10:08:32
RCH,1924,0.1,0.0,2025-08-16 10:08:32
RCH,1925,8.6,0.0714,2025-08-16 10:08:32
RED,1933,-4.4,0.35,2025-08-16 10:08:32
RED,1934,4.5,0.0,2025-08-16 10:08:32
RII,1920,-20.2,0.7,2025-08-16 10:08:32
RII,1921,3.0,0.6429,2025-08-16 10:08:32
RII,1922,-5.6,0.6429,2025-08-16 10:08:32
RII,1923,-4.7,0.4375,2025-08-16 10:08:32
RII,1924,0.2,0.6667,2025-08-16 10:08:32
RII,1925,-1.9,0.5909,2025-08-16 10:08:32
SDG,1960,-0.3,0.7143,2025-08-16 10:08:32
SDG,1961,-1.6,0.8571,2025-08-16 10:08:32
SDG,1962,0.7,0.2857,2025-08-16 10:08:32
SDG,1963,-1.3,0.7857,2025-08-16 10:08:32
SDG,1964,-0.4,0.6071,2025-08-16 10:08:32
SDG,1965,-1.0,0.75,2025-08-16 10:08:32
SDG,1966,0.5,0.5357,2025-08-16 10:08:32
SDG,1967,-0.2,0.6071,2025-08-16 10:08:32
SDG,1968,1.0,0.6429,2025-08-16 10:08:32
SDG,1969,0.7,0.5714,2025-08-16 10:08:32
SDG,1970,-1.0,0.4643,2025-08-16 10:08:32
SDG,1971,-1.9,0.4286,2025-08-16 10:08:32
SDG,1972,2.9,0.3214,2025-08-16 10:08:32
SDG,1973,2.1,0.1786,2025-08-16 10:08:32
SDG,1974,0.4,0.3571,2025-08-16 10:08:32
SDG,1975,1.7,0.1429,2025-08-16 10:08:32
SDG,1976,1.5,0.4286,2025-08-16 10:08:32
SDG,1977,2.5,0.5,2025-08-16 10:08:32
SDG,1978,0.7,0.5625,2025-08-16 10:08:32
SDG,1979,1.5,0.75,2025-08-16 10:08:32
SDG,1980,0.4,0.6875,2025-08-16 10:08:32
SDG,1981,-1.1,0.625,2025-08-16 10:08:32
SDG,1982,-2.1,0.6667,2025-08-16 10:08:32
SDG,1983,1.9,0.375,2025-08-16 10:08:32
SDG,1984,2.0,0.4375,2025-08-16 10:08:32
SDG,1985,-0.9,0.5,2025-08-16 10:08:32
SDG,1986,1.9,0.25,2025-08-16 10:08:32
SDG,1987,0.5,0.5333,2025-08-16 10:08:32
SDG,1988,-1.1,0.375,2025-08-16 10:08:32
SDG,1989,0.8,0.375,2025-08-16 10:08:32
SDG,1990,0.2,0.375,2025-08-16 10:08:32
SDG,1991,2.0,0.25,2025-08-16 10:08:32
SDG,1992,-2.8,0.6875,2025-08-16 10:08:32
SDG,1993,0.3,0.5,2025-08-16 10:08:32
SDG,1994,-1.1,0.6875,2025-08-16 10:08:32
SDG,1995,1.6,0.5625,2025-08-16 10:08:32
SDG,1996,2.4,0.5,2025-08-16 10:08:32
SDG,1997,1.0,0.25,2025-08-16 10:08:32
SDG,1998,-2.1,0.3125,2025-08-16 10:08:32
SDG,1999,2.0,0.5,2025-08-16 10:08:32
SDG,2000,2.6,0.0625,2025-08-16 10:08:32
SDG,2001,-1.0,0.3125,2025-08-16 10:08:32
SDG,2002,1.4,0.5,2025-08-16 10:08:32
SDG,2003,1.2,0.25,2025-08-16 10:08:32
SDG,2004,0.8,0.75,2025-08-16 10:08:32
SDG,2005,3.3,0.5625,2025-08-16 10:08:32
SDG,2006,-1.6,0.875,2025-08-16 10:08:32
SDG,2007,0.8,0.6875,2025-08-16 10:08:32
SDG,2008,-0.8,0.5,2025-08-16 10:08:32
SDG,2009,-1.7,0.8125,2025-08-16 10:08:32
SDG,2010,-2.6,0.5625,2025-08-16 10:08:32
SDG,2011,-0.9,0.5,2025-08-16 10:08:32
SDG,2012,-2.3,0.4375,2025-08-16 10:08:32
SDG,2013,-0.3,0.5625,2025-08-16 10:08:32
SDG,2014,1.9,0.5625,2025-08-16 10:08:32
SDG,2015,2.2,0.25,2025-08-16 10:08:32
SDG,2016,0.9,0.3125,2025-08-16 10:08:32
SDG,2017,-1.5,0.5625,2025-08-16 10:08:32
SDG,2018,-0.2,0.75,2025-08-16 10:08:32
SDG,2019,-0.8,0.3125,2025-08-16 10:08:32
SDG,2020,-0.3,0.4375,2025-08-16 10:08:32
SDG,2021,0.2,0.5294,2025-08-16 10:08:32
SDG,2022,-1.3,0.5882,2025-08-16 10:08:32
SDG,2023,0.9,0.2941,2025-08-16 10:08:32
SDG,2024,-0.6,0.6471,2025-08-16 10:08:32
SEA,1976,-0.8,0.1429,2025-08-16 10:08:32
SEA,1977,2.2,0.3571,2025-08-16 10:08:32
SEA,1978,0.5,0.5625,2025-08-16 10:08:32
SEA,1979,2.2,0.5625,2025-08-16 10:08:32
SEA,1980,2.0,0.25,2025-08-16 10:08:32
SEA,1981,0.8,0.375,2025-08-16 10:08:32
SEA,1982,-3.2,0.4444,2025-08-16 10:08:32
SEA,1983,1.1,0.5625,2025-08-16 10:08:32
SEA,1984,0.5,0.75,2025-08-16 10:08:32
SEA,1985,1.5,0.5,2025-08-16 10:08:32
SEA,1986,1.8,0.625,2025-08-16 10:08:32
SEA,1987,-1.9,0.6,2025-08-16 10:08:32
SEA,1988,-1.4,0.5625,2025-08-16 10:08:32
SEA,1989,2.6,0.4375,2025-08-16 10:08:32
SEA,1990,1.5,0.5625,2025-08-16 10:08:32
SEA,1991,0.2,0.4375,2025-08-16 10:08:32
SEA,1992,0.8,0.125,2025-08-16 10:08:32
SEA,1993,0.9,0.375,2025-08-16 10:08:32
SEA,1994,-1.2,0.375,2025-08-16 10:08:32
SEA,1995,-0.4,0.5,2025-08-16 10:08:32
SEA,1996,2.0,0.4375,2025-08-16 10:08:32
SEA,1997,0.0,0.5,2025-08-16 10:08:32
SEA,1998,-2.4,0.5,2025-08-16 10:08:32
SEA,1999,2.0,0.5625,2025-08-16 10:08:32
SEA,2000,1.6,0.375,2025-08-16 10:08:32
SEA,2001,-0.4,0.5625,2025-08-16 10:08:32
SEA,2002,-0.4,0.4375,2025-08-16 10:08:32
SEA,2003,-0.7,0.625,2025-08-16 10:08:32
SEA,2004,-2.8,0.5625,2025-08-16 10:08:32
SEA,2005,-2.2,0.8125,2025-08-16 10:08:32
SEA,2006,-3.2,0.5625,2025-08-16 10:08:32
SEA,2007,-4.6,0.625,2025-08-16 10:08:32
SEA,2008,-1.5,0.25,2025-08-16 10:08:32
SEA,2009,-2.4,0.3125,2025-08-16 10:08:32
SEA,2010,-3.4,0.4375,2025-08-16 10:08:32
SEA,2011,0.4,0.4375,2025-08-16 10:08:32
SEA,2012,1.8,0.6875,2025-08-16 10:08:32
SEA,2013,1.4,0.8125,2025-08-16 10:08:32
SEA,2014,0.8,0.75,2025-08-16 10:08:32
SEA,2015,2.2,0.625,2025-08-16 10:08:32
SEA,2016,-1.7,0.6562,2025-08-16 10:08:32
SEA,2017,-0.2,0.5625,2025-08-16 10:08:32
SEA,2018,-0.6,0.625,2025-08-16 10:08:32
SEA,2019,2.3,0.6875,2025-08-16 10:08:32
SEA,2020,0.0,0.75,2025-08-16 10:08:32
SEA,2021,0.2,0.4118,2025-08-16 10:08:32
SEA,2022,-0.8,0.5294,2025-08-16 10:08:32
SEA,2023,1.3,0.5294,2025-08-16 10:08:32
SEA,2024,0.8,0.5882,2025-08-16 10:08:32
SEN,1921,0.4,0.3333,2025-08-16 10:08:32
SFO,1946,-1.1,0.6429,2025-08-16 10:08:32
SFO,1947,-0.6,0.6429,2025-08-16 10:08:32
SFO,1948,-2.2,0.8571,2025-08-16 10:08:32
SFO,1949,-2.3,0.75,2025-08-16 10:08:32
SFO,1950,-2.2,0.25,2025-08-16 10:08:32
SFO,1951,0.1,0.625,2025-08-16 10:08:32
SFO,1952,-0.9,0.5833,2025-08-16 10:08:32
SFO,1953,-0.5,0.75,2025-08-16 10:08:32
SFO,1954,0.9,0.625,2025-08-16 10:08:32
SFO,1955,-1.4,0.3333,2025-08-16 10:08:32
SFO,1956,1.6,0.4583,2025-08-16 10:08:32
SFO,1957,0.1,0.6667,2025-08-16 10:08:32
SFO,1958,1.8,0.5,2025-08-16 10:08:32
SFO,1959,1.7,0.5833,2025-08-16 10:08:32
SFO,1960,-1.1,0.5833,2025-08-16 10:08:32
SFO,1961,0.8,0.5357,2025-08-16 10:08:32
SFO,1962,3.8,0.4286,2025-08-16 10:08:32
SFO,1963,2.0,0.1429,2025-08-16 10:08:32
SFO,1964,3.9,0.2857,2025-08-16 10:08:32
SFO,1965,5.8,0.5357,2025-08-16 10:08:32
SFO,1966,2.1,0.5,2025-08-16 10:08:32
SFO,1967,1.5,0.5,2025-08-16 10:08:32
SFO,1968,1.8,0.5357,2025-08-16 10:08:32
SFO,1969,2.7,0.3571,2025-08-16 10:08:32
SFO,1970,0.4,0.75,2025-08-16 10:08:32
SFO,1971,0.3,0.6429,2025-08-16 10:08:32
SFO,1972,-1.0,0.6071,2025-08-16 10:08:32
SFO,1973,3.9,0.3571,2025-08-16 10:08:32
SFO,1974,-1.8,0.4286,2025-08-16 10:08:32
SFO,1975,-2.5,0.3571,2025-08-16 10:08:32
SFO,1976,-1.9,0.5714,2025-08-16 10:08:32
SFO,1977,-0.9,0.3571,2025-08-16 10:08:32
SFO,1978,-0.9,0.125,2025-08-16 10:08:32
SFO,1979,-0.7,0.125,2025-08-16 10:08:32
SFO,1980,-0.3,0.375,2025-08-16 10:08:32
SFO,1981,-0.5,0.8125,2025-08-16 10:08:32
SFO,1982,-2.8,0.3333,2025-08-16 10:08:32
SFO,1983,0.0,0.625,2025-08-16 10:08:32
SFO,1984,-2.8,0.9375,2025-08-16 10:08:32
SFO,1985,-0.5,0.625,2025-08-16 10:08:32
SFO,1986,-0.9,0.6562,2025-08-16 10:08:32
SFO,1987,-0.4,0.8667,2025-08-16 10:08:32
SFO,1988,0.1,0.625,2025-08-16 10:08:32
SFO,1989,-1.1,0.875,2025-08-16 10:08:32
SFO,1990,-1.4,0.875,2025-08-16 10:08:32
SFO,1991,1.2,0.625,2025-08-16 10:08:32
SFO,1992,-0.4,0.875,2025-08-16 10:08:32
SFO,1993,-1.5,0.625,2025-08-16 10:08:32
SFO,1994,-1.4,0.8125,2025-08-16 10:08:32
SFO,1995,-0.7,0.6875,2025-08-16 10:08:32
SFO,1996,-0.8,0.75,2025-08-16 10:08:32
SFO,1997,-1.8,0.8125,2025-08-16 10:08:32
SFO,1998,1.2,0.75,2025-08-16 10:08:32
SFO,1999,-1.5,0.25,2025-08-16 10:08:32
SFO,2000,-1.7,0.375,2025-08-16 10:08:32
SFO,2001,-1.1,0.75,2025-08-16 10:08:32
SFO,2002,-0.4,0.625,2025-08-16 10:08:32
SFO,2003,0.1,0.4375,2025-08-16 10:08:32
SFO,2004,-1.6,0.125,2025-08-16 10:08:32
SFO,2005,0.7,0.25,2025-08-16 10:08:32
SFO,2006,-1.6,0.4375,2025-08-16 10:08:32
SFO,2007,-2.9,0.3125,2025-08-16 10:08:32
SFO,2008,-2.7,0.4375,2025-08-16 10:08:32
SFO,2009,-3.0,0.5,2025-08-16 10:08:32
SFO,2010,-3.3,0.375,2025-08-16 10:08:32
SFO,2011,-1.1,0.8125,2025-08-16 10:08:32
SFO,2012,2.5,0.7188,2025-08-16 10:08:32
SFO,2013,1.8,0.75,2025-08-16 10:08:32
SFO,2014,1.2,0.5,2025-08-16 10:08:32
SFO,2015,3.8,0.3125,2025-08-16 10:08:32
SFO,2016,-0.5,0.125,2025-08-16 10:08:32
SFO,2017,0.4,0.375,2025-08-16 10:08:32
SFO,2018,0.3,0.25,2025-08-16 10:08:32
SFO,2019,0.4,0.8125,2025-08-16 10:08:32
SFO,2020,1.7,0.375,2025-08-16 10:08:32
SFO,2021,0.1,0.5882,2025-08-16 10:08:32
SFO,2022,-2.3,0.7647,2025-08-16 10:08:32
SFO,2023,0.4,0.7059,2025-08-16 10:08:32
SFO,2024,1.6,0.3529,2025-08-16 10:08:32
SIS,1929,-2.0,0.45,2025-08-16 10:08:33
SIS,1930,-1.4,0.5,2025-08-16 10:08:33
SIS,1931,-1.9,0.4091,2025-08-16 10:08:33
SIS,1932,0.7,0.2917,2025-08-16 10:08:33
SLA,1923,-0.8,0.2857,2025-08-16 10:08:33
TAM,1976,0.8,0.0,2025-08-16 10:08:33
TAM,1977,-2.2,0.1429,2025-08-16 10:08:33
TAM,1978,-2.2,0.3125,2025-08-16 10:08:33
TAM,1979,-5.1,0.625,2025-08-16 10:08:33
TAM,1980,-0.7,0.3438,2025-08-16 10:08:33
TAM,1981,0.1,0.5625,2025-08-16 10:08:33
TAM,1982,3.1,0.5556,2025-08-16 10:08:33
TAM,1983,-0.3,0.125,2025-08-16 10:08:33
TAM,1984,-0.7,0.375,2025-08-16 10:08:33
TAM,1985,2.2,0.125,2025-08-16 10:08:33
TAM,1986,-0.8,0.125,2025-08-16 10:08:33
TAM,1987,-0.8,0.2667,2025-08-16 10:08:33
TAM,1988,1.5,0.3125,2025-08-16 10:08:33
TAM,1989,1.1,0.3125,2025-08-16 10:08:33
TAM,1990,-0.7,0.375,2025-08-16 10:08:33
TAM,1991,-0.8,0.1875,2025-08-16 10:08:33
TAM,1992,0.3,0.3125,2025-08-16 10:08:33
TAM,1993,1.1,0.3125,2025-08-16 10:08:33
TAM,1994,0.0,0.375,2025-08-16 10:08:33
TAM,1995,1.1,0.4375,2025-08-16 10:08:33
TAM,1996,1.5,0.375,2025-08-16 10:08:33
TAM,1997,0.5,0.625,2025-08-16 10:08:33
TAM,1998,0.1,0.5,2025-08-16 10:08:33
TAM,1999,0.4,0.6875,2025-08-16 10:08:33
TAM,2000,-0.1,0.625,2025-08-16 10:08:33
TAM,2001,1.3,0.5625,2025-08-16 10:08:33
TAM,2002,-0.6,0.75,2025-08-16 10:08:33
TAM,2003,-0.7,0.4375,2025-08-16 10:08:33
TAM,2004,-2.5,0.3125,2025-08-16 10:08:33
TAM,2005,-2.6,0.6875,2025-08-16 10:08:33
TAM,2006,0.9,0.25,2025-08-16 10:08:33
TAM,2007,-2.8,0.5625,2025-08-16 10:08:33
TAM,2008,-0.1,0.5625,2025-08-16 10:08:33
TAM,2009,4.1,0.1875,2025-08-16 10:08:33
TAM,2010,-2.0,0.625,2025-08-16 10:08:33
TAM,2011,2.3,0.25,2025-08-16 10:08:33
TAM,2012,0.3,0.4375,2025-08-16 10:08:33
TAM,2013,3.6,0.25,2025-08-16 10:08:33
TAM,2014,-1.5,0.125,2025-08-16 10:08:33
TAM,2015,-3.0,0.375,2025-08-16 10:08:33
TAM,2016,0.7,0.5625,2025-08-16 10:08:33
TAM,2017,1.7,0.3125,2025-08-16 10:08:33
TAM,2018,1.7,0.3125,2025-08-16 10:08:33
TAM,2019,-0.2,0.4375,2025-08-16 10:08:33
TAM,2020,0.8,0.6875,2025-08-16 10:08:33
TAM,2021,-0.7,0.7647,2025-08-16 10:08:33
TAM,2022,0.4,0.4706,2025-08-16 10:08:33
TAM,2023,-0.3,0.5294,2025-08-16 10:08:33
TAM,2024,-0.4,0.5882,2025-08-16 10:08:33
TOL,1922,-8.9,0.6667,2025-08-16 10:08:33
TOL,1923,-0.7,0.5,2025-08-16 10:08:33
TON,1921,6.5,0.0,2025-08-16 10:08:33
TOR,1929,2.5,0.4167,2025-08-16 10:08:33
TOR,1930,0.0,0.125,2025-08-16 10:08:33
WAS,1932,-1.6,0.5,2025-08-16 10:08:33
WAS,1933,1.4,0.5,2025-08-16 10:08:33
WAS,1934,-0.8,0.5,2025-08-16 10:08:33
WAS,1935,-0.8,0.2273,2025-08-16 10:08:33
WAS,1936,-3.0,0.5833,2025-08-16 10:08:33
WAS,1937,-3.8,0.7273,2025-08-16 10:08:33
WAS,1938,-0.5,0.6364,2025-08-16 10:08:33
WAS,1939,-4.5,0.7727,2025-08-16 10:08:33
WAS,1940,-2.9,0.8182,2025-08-16 10:08:33
WAS,1941,-1.5,0.5455,2025-08-16 10:08:33
WAS,1942,-3.8,0.9091,2025-08-16 10:08:33
WAS,1943,-2.6,0.65,2025-08-16 10:08:33
WAS,1944,-1.7,0.65,2025-08-16 10:08:33
WAS,1945,-4.8,0.8,2025-08-16 10:08:33
WAS,1946,-0.3,0.5,2025-08-16 10:08:33
WAS,1947,-1.7,0.3333,2025-08-16 10:08:33
WAS,1948,-2.0,0.5833,2025-08-16 10:08:33
WAS,1949,0.4,0.375,2025-08-16 10:08:33
WAS,1950,2.8,0.25,2025-08-16 10:08:33
WAS,1951,1.6,0.4167,2025-08-16 10:08:33
WAS,1952,1.1,0.3333,2025-08-16 10:08:33
WAS,1953,-0.4,0.5417,2025-08-16 10:08:33
WAS,1954,-0.9,0.25,2025-08-16 10:08:33
WAS,1955,2.3,0.6667,2025-08-16 10:08:33
WAS,1956,-0.2,0.5,2025-08-16 10:08:33
WAS,1957,-0.3,0.4583,2025-08-16 10:08:33
WAS,1958,-0.7,0.375,2025-08-16 10:08:33
WAS,1959,0.9,0.25,2025-08-16 10:08:33
WAS,1960,2.9,0.1667,2025-08-16 10:08:33
WAS,1961,-0.1,0.1071,2025-08-16 10:08:33
WAS,1962,-3.3,0.4286,2025-08-16 10:08:33
WAS,1963,0.7,0.2143,2025-08-16 10:08:33
WAS,1964,-2.6,0.4286,2025-08-16 10:08:33
WAS,1965,-5.8,0.4286,2025-08-16 10:08:33
WAS,1966,-1.8,0.5,2025-08-16 10:08:33
WAS,1967,-1.7,0.4643,2025-08-16 10:08:33
WAS,1968,-0.5,0.3571,2025-08-16 10:08:33
WAS,1969,-2.1,0.5714,2025-08-16 10:08:33
WAS,1970,4.2,0.4286,2025-08-16 10:08:33
WAS,1971,-1.0,0.6786,2025-08-16 10:08:33
WAS,1972,-2.1,0.7857,2025-08-16 10:08:33
WAS,1973,-1.7,0.7143,2025-08-16 10:08:33
WAS,1974,1.4,0.7143,2025-08-16 10:08:33
WAS,1975,-0.7,0.5714,2025-08-16 10:08:33
WAS,1976,-2.3,0.7143,2025-08-16 10:08:33
WAS,1977,-1.0,0.6429,2025-08-16 10:08:33
WAS,1978,0.2,0.5,2025-08-16 10:08:33
WAS,1979,-0.8,0.625,2025-08-16 10:08:33
WAS,1980,0.9,0.375,2025-08-16 10:08:33
WAS,1981,1.1,0.5,2025-08-16 10:08:33
WAS,1982,0.5,0.8889,2025-08-16 10:08:33
WAS,1983,0.9,0.875,2025-08-16 10:08:33
WAS,1984,-0.9,0.6875,2025-08-16 10:08:33
WAS,1985,-1.0,0.625,2025-08-16 10:08:33
WAS,1986,1.0,0.75,2025-08-16 10:08:33
WAS,1987,-2.5,0.7333,2025-08-16 10:08:33
WAS,1988,0.4,0.4375,2025-08-16 10:08:33
WAS,1989,-0.9,0.625,2025-08-16 10:08:33
WAS,1990,0.4,0.625,2025-08-16 10:08:33
WAS,1991,0.3,0.875,2025-08-16 10:08:33
WAS,1992,1.6,0.5625,2025-08-16 10:08:33
WAS,1993,0.7,0.25,2025-08-16 10:08:33
WAS,1994,-0.3,0.1875,2025-08-16 10:08:33
WAS,1995,0.1,0.375,2025-08-16 10:08:33
WAS,1996,-1.4,0.5625,2025-08-16 10:08:33
WAS,1997,-1.1,0.5312,2025-08-16 10:08:33
WAS,1998,-1.1,0.375,2025-08-16 10:08:33
WAS,1999,-1.3,0.625,2025-08-16 10:08:33
WAS,2000,0.2,0.5,2025-08-16 10:08:33
WAS,2001,-0.7,0.5,2025-08-16 10:08:33
WAS,2002,-0.8,0.4375,2025-08-16 10:08:33
WAS,2003,-0.4,0.3125,2025-08-16 10:08:33
WAS,2004,-1.8,0.375,2025-08-16 10:08:33
WAS,2005,1.9,0.625,2025-08-16 10:08:33
WAS,2006,0.3,0.3125,2025-08-16 10:08:33
WAS,2007,3.0,0.5625,2025-08-16 10:08:33
WAS,2008,0.2,0.5,2025-08-16 10:08:33
WAS,2009,-0.2,0.25,2025-08-16 10:08:33
WAS,2010,0.9,0.375,2025-08-16 10:08:33
WAS,2011,0.8,0.3125,2025-08-16 10:08:33
WAS,2012,0.4,0.625,2025-08-16 10:08:33
WAS,2013,-0.3,0.1875,2025-08-16 10:08:33
WAS,2014,-0.2,0.25,2025-08-16 10:08:33
WAS,2015,-2.5,0.5625,2025-08-16 10:08:33
WAS,2016,1.2,0.5312,2025-08-16 10:08:33
WAS,2017,1.6,0.4375,2025-08-16 10:08:33
WAS,2018,-0.1,0.4375,2025-08-16 10:08:33
WAS,2019,-0.2,0.1875,2025-08-16 10:08:33
WAS,2020,-1.2,0.4375,2025-08-16 10:08:33
WAS,2021,1.6,0.4118,2025-08-16 10:08:33
WAS,2022,0.4,0.5,2025-08-16 10:08:33
WAS,2023,0.0,0.2353,2025-08-16 10:08:33
WAS,2024,-1.8,0.7059,2025-08-16 10:08:33
