Team,Year_From,Year_To,QB_Retention_Rate_Pct,QB_Departure_Rate_Pct,QB_New_Player_Rate_Pct,RB_Retention_Rate_Pct,RB_Departure_Rate_Pct,RB_New_Player_Rate_Pct,WR_Retention_Rate_Pct,WR_Departure_Rate_Pct,WR_New_Player_Rate_Pct,TE_Retention_Rate_Pct,TE_Departure_Rate_Pct,TE_New_Player_Rate_Pct,OL_Retention_Rate_Pct,OL_Departure_Rate_Pct,OL_New_Player_Rate_Pct,DL_Retention_Rate_Pct,DL_Departure_Rate_Pct,DL_New_Player_Rate_Pct,LB_Retention_Rate_Pct,LB_Departure_Rate_Pct,LB_New_Player_Rate_Pct,CB_Retention_Rate_Pct,CB_Departure_Rate_Pct,CB_New_Player_Rate_Pct,S_Retention_Rate_Pct,S_Departure_Rate_Pct,S_New_Player_Rate_Pct,Analysis_Date
ATL,2010,2011,0.0,100.0,100.0,0.0,100.0,100.0,0.0,100.0,100.0,50.0,50.0,0.0,40.0,60.0,60.0,0.0,100.0,100.0,100.0,0.0,0.0,50.0,50.0,50.0,100.0,0.0,0.0,2025-08-16 10:05:03
ATL,2011,2012,0.0,100.0,100.0,50.0,50.0,50.0,0.0,100.0,100.0,0.0,100.0,100.0,60.0,40.0,40.0,50.0,50.0,50.0,0.0,100.0,100.0,50.0,50.0,50.0,0.0,100.0,100.0,2025-08-16 10:05:03
ATL,2012,2013,0.0,100.0,100.0,0.0,100.0,100.0,50.0,50.0,50.0,0.0,100.0,100.0,40.0,60.0,60.0,0.0,100.0,100.0,100.0,0.0,0.0,50.0,50.0,50.0,0.0,100.0,100.0,2025-08-16 10:05:03
ATL,2013,2014,0.0,100.0,100.0,100.0,0.0,0.0,50.0,50.0,50.0,0.0,100.0,100.0,20.0,80.0,80.0,0.0,100.0,100.0,0.0,100.0,100.0,50.0,50.0,50.0,0.0,100.0,100.0,2025-08-16 10:05:03
ATL,2014,2015,0.0,100.0,100.0,0.0,100.0,100.0,50.0,50.0,50.0,100.0,0.0,0.0,40.0,60.0,60.0,0.0,100.0,100.0,0.0,100.0,100.0,50.0,50.0,50.0,0.0,100.0,100.0,2025-08-16 10:05:03
ATL,2015,2016,0.0,100.0,100.0,50.0,50.0,50.0,50.0,50.0,50.0,100.0,0.0,0.0,80.0,20.0,20.0,0.0,100.0,100.0,25.0,75.0,75.0,50.0,50.0,50.0,50.0,50.0,50.0,2025-08-16 10:05:03
ATL,2016,2017,0.0,100.0,100.0,0.0,100.0,100.0,50.0,50.0,50.0,100.0,0.0,0.0,80.0,20.0,20.0,33.33,66.67,50.0,0.0,100.0,100.0,100.0,0.0,0.0,50.0,50.0,50.0,2025-08-16 10:05:03
ATL,2017,2018,100.0,0.0,0.0,0.0,100.0,100.0,100.0,0.0,0.0,0.0,100.0,100.0,60.0,40.0,40.0,0.0,100.0,100.0,0.0,100.0,100.0,100.0,0.0,0.0,0.0,100.0,100.0,2025-08-16 10:05:03
ATL,2018,2019,100.0,0.0,0.0,0.0,100.0,100.0,50.0,50.0,50.0,0.0,100.0,100.0,0.0,100.0,100.0,100.0,0.0,0.0,0.0,100.0,100.0,50.0,50.0,66.67,50.0,50.0,50.0,2025-08-16 10:05:03
ATL,2019,2020,100.0,0.0,0.0,0.0,100.0,100.0,50.0,50.0,50.0,50.0,50.0,0.0,80.0,20.0,20.0,0.0,100.0,100.0,0.0,100.0,100.0,33.33,66.67,50.0,50.0,50.0,50.0,2025-08-16 10:05:03
ATL,2020,2021,100.0,0.0,0.0,50.0,50.0,50.0,0.0,100.0,100.0,0.0,100.0,100.0,60.0,40.0,40.0,0.0,100.0,100.0,100.0,0.0,75.0,50.0,50.0,50.0,0.0,100.0,100.0,2025-08-16 10:05:03
ATL,2021,2022,0.0,100.0,100.0,50.0,50.0,50.0,50.0,50.0,50.0,0.0,100.0,100.0,40.0,60.0,60.0,0.0,100.0,100.0,0.0,100.0,100.0,50.0,50.0,50.0,0.0,100.0,100.0,2025-08-16 10:05:03
ATL,2022,2023,0.0,100.0,100.0,50.0,50.0,50.0,50.0,50.0,0.0,100.0,0.0,50.0,60.0,40.0,25.0,0.0,100.0,100.0,0.0,100.0,100.0,50.0,50.0,50.0,50.0,50.0,50.0,2025-08-16 10:05:04
ATL,2023,2024,0.0,100.0,100.0,0.0,100.0,100.0,100.0,0.0,66.67,50.0,50.0,0.0,100.0,0.0,20.0,0.0,100.0,100.0,0.0,100.0,100.0,50.0,50.0,66.67,0.0,100.0,100.0,2025-08-16 10:05:04
BUF,2010,2011,100.0,0.0,0.0,50.0,50.0,50.0,50.0,50.0,50.0,0.0,100.0,100.0,40.0,60.0,60.0,33.33,66.67,66.67,25.0,75.0,75.0,50.0,50.0,50.0,50.0,50.0,50.0,2025-08-16 10:04:58
BUF,2011,2012,100.0,0.0,0.0,0.0,100.0,100.0,100.0,0.0,0.0,0.0,100.0,100.0,80.0,20.0,20.0,0.0,100.0,100.0,25.0,75.0,0.0,0.0,100.0,100.0,50.0,50.0,50.0,2025-08-16 10:04:58
BUF,2012,2013,0.0,100.0,100.0,0.0,100.0,100.0,50.0,50.0,50.0,50.0,50.0,50.0,80.0,20.0,20.0,0.0,100.0,100.0,0.0,100.0,100.0,50.0,50.0,50.0,50.0,50.0,50.0,2025-08-16 10:04:58
BUF,2013,2014,0.0,100.0,100.0,0.0,100.0,100.0,50.0,50.0,50.0,50.0,50.0,0.0,80.0,20.0,20.0,0.0,100.0,100.0,0.0,100.0,100.0,100.0,0.0,0.0,50.0,50.0,50.0,2025-08-16 10:04:58
BUF,2014,2015,0.0,100.0,100.0,0.0,100.0,100.0,100.0,0.0,0.0,0.0,100.0,100.0,40.0,60.0,60.0,50.0,50.0,50.0,0.0,100.0,100.0,50.0,50.0,50.0,0.0,100.0,100.0,2025-08-16 10:04:58
BUF,2015,2016,0.0,100.0,100.0,50.0,50.0,50.0,50.0,50.0,50.0,100.0,0.0,0.0,60.0,40.0,40.0,0.0,100.0,100.0,100.0,0.0,75.0,50.0,50.0,50.0,50.0,50.0,50.0,2025-08-16 10:04:58
BUF,2016,2017,100.0,0.0,0.0,50.0,50.0,50.0,0.0,100.0,100.0,100.0,0.0,0.0,60.0,40.0,40.0,0.0,100.0,100.0,25.0,75.0,0.0,0.0,100.0,100.0,0.0,100.0,100.0,2025-08-16 10:04:58
BUF,2017,2018,0.0,100.0,100.0,50.0,50.0,50.0,50.0,50.0,50.0,100.0,0.0,0.0,60.0,40.0,40.0,50.0,50.0,50.0,0.0,100.0,100.0,50.0,50.0,50.0,50.0,50.0,50.0,2025-08-16 10:04:58
BUF,2018,2019,100.0,0.0,0.0,0.0,100.0,100.0,0.0,100.0,100.0,0.0,100.0,100.0,20.0,80.0,80.0,100.0,0.0,0.0,0.0,100.0,100.0,50.0,50.0,66.67,100.0,0.0,0.0,2025-08-16 10:04:58
BUF,2019,2020,0.0,100.0,100.0,100.0,0.0,0.0,33.33,66.67,66.67,100.0,0.0,0.0,40.0,60.0,60.0,50.0,50.0,50.0,100.0,0.0,0.0,66.67,33.33,33.33,100.0,0.0,0.0,2025-08-16 10:04:58
BUF,2020,2021,0.0,100.0,100.0,100.0,0.0,0.0,0.0,100.0,100.0,100.0,0.0,0.0,60.0,40.0,40.0,50.0,50.0,50.0,0.0,100.0,100.0,33.33,66.67,50.0,50.0,50.0,50.0,2025-08-16 10:04:58
BUF,2021,2022,0.0,100.0,100.0,100.0,0.0,0.0,33.33,66.67,66.67,0.0,100.0,100.0,40.0,60.0,60.0,50.0,50.0,50.0,100.0,0.0,0.0,0.0,100.0,100.0,0.0,100.0,100.0,2025-08-16 10:04:58
BUF,2022,2023,0.0,100.0,100.0,0.0,100.0,100.0,66.67,33.33,33.33,0.0,100.0,100.0,40.0,60.0,60.0,50.0,50.0,50.0,0.0,100.0,100.0,0.0,100.0,100.0,0.0,100.0,100.0,2025-08-16 10:04:58
BUF,2023,2024,0.0,100.0,100.0,100.0,0.0,0.0,33.33,66.67,66.67,100.0,0.0,0.0,60.0,40.0,40.0,50.0,50.0,50.0,100.0,0.0,0.0,100.0,0.0,0.0,0.0,100.0,100.0,2025-08-16 10:04:58
CAR,2010,2011,0.0,100.0,100.0,0.0,100.0,100.0,0.0,100.0,100.0,0.0,100.0,100.0,40.0,60.0,60.0,50.0,50.0,50.0,100.0,0.0,0.0,50.0,50.0,50.0,100.0,0.0,0.0,2025-08-16 10:04:57
CAR,2011,2012,0.0,100.0,100.0,100.0,0.0,0.0,0.0,100.0,100.0,50.0,50.0,50.0,60.0,40.0,40.0,100.0,0.0,0.0,0.0,100.0,100.0,50.0,50.0,50.0,50.0,50.0,50.0,2025-08-16 10:04:57
CAR,2012,2013,0.0,100.0,100.0,100.0,0.0,50.0,100.0,0.0,0.0,50.0,50.0,0.0,20.0,80.0,80.0,50.0,50.0,50.0,0.0,100.0,100.0,50.0,50.0,50.0,0.0,100.0,100.0,2025-08-16 10:04:57
CAR,2013,2014,0.0,100.0,100.0,0.0,100.0,100.0,0.0,100.0,100.0,0.0,100.0,100.0,40.0,60.0,60.0,50.0,50.0,50.0,100.0,0.0,0.0,0.0,100.0,100.0,0.0,100.0,100.0,2025-08-16 10:04:57
CAR,2014,2015,0.0,100.0,100.0,0.0,100.0,100.0,0.0,100.0,100.0,100.0,0.0,0.0,20.0,80.0,80.0,50.0,50.0,50.0,100.0,0.0,0.0,0.0,100.0,100.0,50.0,50.0,50.0,2025-08-16 10:04:57
CAR,2015,2016,0.0,100.0,100.0,0.0,100.0,100.0,50.0,50.0,50.0,100.0,0.0,0.0,60.0,40.0,40.0,50.0,50.0,50.0,0.0,100.0,100.0,0.0,100.0,100.0,0.0,100.0,100.0,2025-08-16 10:04:57
CAR,2016,2017,100.0,0.0,0.0,100.0,0.0,50.0,50.0,50.0,50.0,50.0,50.0,0.0,40.0,60.0,60.0,50.0,50.0,50.0,0.0,100.0,100.0,100.0,0.0,0.0,50.0,50.0,50.0,2025-08-16 10:04:57
CAR,2017,2018,100.0,0.0,0.0,50.0,50.0,0.0,50.0,50.0,66.67,0.0,100.0,100.0,20.0,80.0,80.0,50.0,50.0,50.0,100.0,0.0,0.0,50.0,50.0,50.0,50.0,50.0,50.0,2025-08-16 10:04:57
CAR,2018,2019,0.0,100.0,100.0,0.0,100.0,100.0,66.67,33.33,33.33,100.0,0.0,0.0,60.0,40.0,40.0,0.0,100.0,100.0,0.0,100.0,100.0,100.0,0.0,0.0,50.0,50.0,50.0,2025-08-16 10:04:58
CAR,2019,2020,0.0,100.0,100.0,0.0,100.0,100.0,66.67,33.33,33.33,0.0,100.0,100.0,40.0,60.0,60.0,0.0,100.0,100.0,0.0,100.0,100.0,50.0,50.0,50.0,50.0,50.0,50.0,2025-08-16 10:04:58
CAR,2020,2021,0.0,100.0,100.0,0.0,100.0,100.0,66.67,33.33,0.0,0.0,100.0,100.0,60.0,40.0,40.0,0.0,100.0,100.0,0.0,100.0,100.0,50.0,50.0,50.0,0.0,100.0,100.0,2025-08-16 10:04:58
CAR,2021,2022,100.0,0.0,0.0,0.0,100.0,100.0,50.0,50.0,66.67,50.0,50.0,0.0,20.0,80.0,80.0,50.0,50.0,50.0,0.0,100.0,100.0,50.0,50.0,50.0,0.0,100.0,100.0,2025-08-16 10:04:58
CAR,2022,2023,0.0,100.0,100.0,0.0,100.0,100.0,0.0,100.0,100.0,0.0,100.0,100.0,60.0,40.0,40.0,50.0,50.0,75.0,0.0,100.0,100.0,50.0,50.0,50.0,50.0,50.0,50.0,2025-08-16 10:04:58
CAR,2023,2024,100.0,0.0,0.0,100.0,0.0,0.0,33.33,66.67,50.0,0.0,100.0,100.0,40.0,60.0,60.0,25.0,75.0,66.67,0.0,100.0,100.0,0.0,100.0,100.0,50.0,50.0,50.0,2025-08-16 10:04:58
CHI,2010,2011,100.0,0.0,0.0,0.0,100.0,100.0,50.0,50.0,50.0,0.0,100.0,100.0,60.0,40.0,40.0,50.0,50.0,50.0,100.0,0.0,0.0,50.0,50.0,50.0,0.0,100.0,100.0,2025-08-16 10:04:58
CHI,2011,2012,100.0,0.0,0.0,0.0,100.0,100.0,0.0,100.0,100.0,100.0,0.0,50.0,60.0,40.0,40.0,100.0,0.0,0.0,0.0,100.0,100.0,0.0,100.0,100.0,100.0,0.0,0.0,2025-08-16 10:04:58
CHI,2012,2013,100.0,0.0,0.0,0.0,100.0,100.0,0.0,100.0,100.0,0.0,100.0,100.0,20.0,80.0,80.0,0.0,100.0,100.0,0.0,100.0,100.0,50.0,50.0,50.0,100.0,0.0,0.0,2025-08-16 10:04:58
CHI,2013,2014,100.0,0.0,0.0,0.0,100.0,100.0,0.0,100.0,100.0,0.0,100.0,100.0,80.0,20.0,20.0,0.0,100.0,100.0,0.0,100.0,100.0,0.0,100.0,100.0,50.0,50.0,50.0,2025-08-16 10:04:58
CHI,2014,2015,100.0,0.0,0.0,100.0,0.0,0.0,33.33,66.67,50.0,0.0,100.0,100.0,20.0,80.0,80.0,0.0,100.0,100.0,0.0,100.0,100.0,50.0,50.0,50.0,0.0,100.0,100.0,2025-08-16 10:04:58
CHI,2015,2016,0.0,100.0,100.0,0.0,100.0,100.0,50.0,50.0,50.0,50.0,50.0,50.0,20.0,80.0,80.0,33.33,66.67,66.67,0.0,100.0,100.0,50.0,50.0,50.0,50.0,50.0,50.0,2025-08-16 10:04:58
CHI,2016,2017,0.0,100.0,100.0,0.0,100.0,100.0,0.0,100.0,100.0,0.0,100.0,100.0,80.0,20.0,20.0,66.67,33.33,33.33,50.0,50.0,50.0,0.0,100.0,100.0,50.0,50.0,50.0,2025-08-16 10:04:58
CHI,2017,2018,0.0,100.0,100.0,50.0,50.0,50.0,0.0,100.0,100.0,0.0,100.0,100.0,40.0,60.0,60.0,33.33,66.67,50.0,50.0,50.0,50.0,50.0,50.0,66.67,50.0,50.0,50.0,2025-08-16 10:04:58
CHI,2018,2019,0.0,100.0,100.0,0.0,100.0,100.0,100.0,0.0,33.33,0.0,100.0,100.0,40.0,60.0,60.0,50.0,50.0,66.67,75.0,25.0,25.0,33.33,66.67,50.0,0.0,100.0,100.0,2025-08-16 10:04:58
CHI,2019,2020,100.0,0.0,0.0,0.0,100.0,100.0,66.67,33.33,0.0,0.0,100.0,100.0,80.0,20.0,20.0,33.33,66.67,66.67,75.0,25.0,25.0,0.0,100.0,100.0,0.0,100.0,100.0,2025-08-16 10:04:58
CHI,2020,2021,0.0,100.0,100.0,100.0,0.0,0.0,50.0,50.0,50.0,50.0,50.0,50.0,40.0,60.0,60.0,33.33,66.67,66.67,25.0,75.0,75.0,50.0,50.0,50.0,100.0,0.0,0.0,2025-08-16 10:04:58
CHI,2021,2022,100.0,0.0,0.0,100.0,0.0,50.0,50.0,50.0,50.0,50.0,50.0,0.0,40.0,60.0,60.0,0.0,100.0,100.0,0.0,100.0,100.0,50.0,50.0,50.0,50.0,50.0,50.0,2025-08-16 10:04:58
CHI,2022,2023,100.0,0.0,0.0,0.0,100.0,100.0,50.0,50.0,50.0,100.0,0.0,50.0,40.0,60.0,60.0,0.0,100.0,100.0,0.0,100.0,100.0,0.0,100.0,100.0,100.0,0.0,0.0,2025-08-16 10:04:58
CHI,2023,2024,0.0,100.0,100.0,0.0,100.0,100.0,50.0,50.0,66.67,50.0,50.0,0.0,40.0,60.0,60.0,0.0,100.0,100.0,100.0,0.0,0.0,100.0,0.0,33.33,0.0,100.0,100.0,2025-08-16 10:04:58
CIN,2010,2011,0.0,100.0,100.0,100.0,0.0,50.0,0.0,100.0,100.0,0.0,100.0,100.0,80.0,20.0,20.0,50.0,50.0,50.0,0.0,100.0,100.0,50.0,50.0,50.0,50.0,50.0,50.0,2025-08-16 10:05:00
CIN,2011,2012,0.0,100.0,100.0,50.0,50.0,50.0,50.0,50.0,50.0,100.0,0.0,0.0,20.0,80.0,80.0,50.0,50.0,50.0,100.0,0.0,0.0,50.0,50.0,50.0,100.0,0.0,0.0,2025-08-16 10:05:00
CIN,2012,2013,100.0,0.0,0.0,50.0,50.0,0.0,50.0,50.0,50.0,0.0,100.0,100.0,60.0,40.0,40.0,50.0,50.0,50.0,100.0,0.0,0.0,50.0,50.0,50.0,50.0,50.0,50.0,2025-08-16 10:05:00
CIN,2013,2014,0.0,100.0,100.0,0.0,100.0,100.0,100.0,0.0,0.0,50.0,50.0,50.0,80.0,20.0,20.0,50.0,50.0,50.0,100.0,0.0,0.0,50.0,50.0,50.0,100.0,0.0,0.0,2025-08-16 10:05:00
CIN,2014,2015,0.0,100.0,100.0,0.0,100.0,100.0,50.0,50.0,50.0,50.0,50.0,50.0,80.0,20.0,20.0,0.0,100.0,100.0,100.0,0.0,0.0,0.0,100.0,100.0,50.0,50.0,50.0,2025-08-16 10:05:00
CIN,2015,2016,0.0,100.0,100.0,100.0,0.0,0.0,50.0,50.0,50.0,50.0,50.0,50.0,60.0,40.0,40.0,100.0,0.0,0.0,100.0,0.0,0.0,50.0,50.0,50.0,50.0,50.0,50.0,2025-08-16 10:05:00
CIN,2016,2017,0.0,100.0,100.0,100.0,0.0,0.0,100.0,0.0,33.33,50.0,50.0,0.0,60.0,40.0,40.0,50.0,50.0,50.0,0.0,100.0,100.0,100.0,0.0,0.0,100.0,0.0,0.0,2025-08-16 10:05:00
CIN,2017,2018,100.0,0.0,0.0,0.0,100.0,100.0,0.0,100.0,100.0,0.0,100.0,100.0,20.0,80.0,80.0,100.0,0.0,0.0,0.0,100.0,100.0,50.0,50.0,50.0,50.0,50.0,50.0,2025-08-16 10:05:00
CIN,2018,2019,100.0,0.0,0.0,100.0,0.0,0.0,33.33,66.67,66.67,100.0,0.0,0.0,20.0,80.0,80.0,50.0,50.0,80.0,0.0,100.0,0.0,50.0,50.0,50.0,100.0,0.0,0.0,2025-08-16 10:05:00
CIN,2019,2020,0.0,100.0,100.0,0.0,100.0,100.0,0.0,100.0,100.0,0.0,100.0,100.0,60.0,40.0,40.0,20.0,80.0,50.0,0.0,0.0,100.0,50.0,50.0,50.0,50.0,50.0,50.0,2025-08-16 10:05:00
CIN,2020,2021,100.0,0.0,0.0,0.0,100.0,100.0,50.0,50.0,50.0,50.0,50.0,50.0,40.0,60.0,60.0,50.0,50.0,50.0,100.0,0.0,0.0,0.0,100.0,100.0,100.0,0.0,0.0,2025-08-16 10:05:00
CIN,2021,2022,0.0,100.0,100.0,0.0,100.0,100.0,100.0,0.0,33.33,0.0,100.0,100.0,20.0,80.0,80.0,100.0,0.0,0.0,100.0,0.0,0.0,66.67,33.33,0.0,100.0,0.0,0.0,2025-08-16 10:05:00
CIN,2022,2023,0.0,100.0,100.0,100.0,0.0,0.0,100.0,0.0,0.0,0.0,100.0,100.0,80.0,20.0,20.0,100.0,0.0,0.0,100.0,0.0,0.0,0.0,100.0,100.0,0.0,100.0,100.0,2025-08-16 10:05:00
CIN,2023,2024,0.0,100.0,100.0,0.0,100.0,100.0,33.33,66.67,50.0,100.0,0.0,50.0,80.0,20.0,20.0,50.0,50.0,50.0,100.0,0.0,0.0,33.33,66.67,50.0,0.0,100.0,100.0,2025-08-16 10:05:00
CLE,2010,2011,100.0,0.0,0.0,100.0,0.0,0.0,33.33,66.67,50.0,100.0,0.0,50.0,20.0,80.0,80.0,0.0,100.0,100.0,0.0,100.0,100.0,50.0,50.0,50.0,50.0,50.0,50.0,2025-08-16 10:05:01
CLE,2011,2012,0.0,100.0,100.0,0.0,100.0,100.0,50.0,50.0,50.0,50.0,50.0,50.0,40.0,60.0,60.0,50.0,50.0,50.0,100.0,0.0,0.0,100.0,0.0,0.0,50.0,50.0,50.0,2025-08-16 10:05:01
CLE,2012,2013,0.0,100.0,100.0,0.0,100.0,100.0,50.0,50.0,50.0,0.0,100.0,100.0,60.0,40.0,40.0,0.0,100.0,100.0,100.0,0.0,75.0,0.0,100.0,100.0,0.0,100.0,100.0,2025-08-16 10:05:01
CLE,2013,2014,0.0,100.0,100.0,0.0,100.0,100.0,0.0,100.0,100.0,0.0,100.0,100.0,60.0,40.0,40.0,66.67,33.33,33.33,50.0,50.0,50.0,100.0,0.0,0.0,0.0,100.0,100.0,2025-08-16 10:05:01
CLE,2014,2015,0.0,100.0,100.0,0.0,100.0,100.0,50.0,50.0,50.0,0.0,100.0,100.0,80.0,20.0,20.0,33.33,66.67,50.0,75.0,25.0,25.0,0.0,100.0,100.0,0.0,100.0,100.0,2025-08-16 10:05:01
CLE,2015,2016,0.0,100.0,100.0,100.0,0.0,0.0,0.0,100.0,100.0,0.0,100.0,100.0,20.0,80.0,80.0,50.0,50.0,66.67,0.0,100.0,100.0,0.0,100.0,100.0,0.0,100.0,100.0,2025-08-16 10:05:01
CLE,2016,2017,0.0,100.0,100.0,100.0,0.0,50.0,50.0,50.0,50.0,50.0,50.0,0.0,20.0,80.0,80.0,33.33,66.67,50.0,0.0,100.0,100.0,50.0,50.0,50.0,0.0,100.0,100.0,2025-08-16 10:05:01
CLE,2017,2018,0.0,100.0,100.0,0.0,100.0,100.0,0.0,100.0,100.0,0.0,100.0,100.0,40.0,60.0,60.0,50.0,50.0,50.0,0.0,100.0,100.0,0.0,100.0,100.0,50.0,50.0,50.0,2025-08-16 10:05:01
CLE,2018,2019,100.0,0.0,0.0,0.0,100.0,100.0,50.0,50.0,50.0,0.0,100.0,100.0,80.0,20.0,20.0,0.0,100.0,100.0,100.0,0.0,0.0,0.0,100.0,100.0,50.0,50.0,50.0,2025-08-16 10:05:01
CLE,2019,2020,100.0,0.0,0.0,100.0,0.0,0.0,50.0,50.0,50.0,0.0,100.0,100.0,60.0,40.0,40.0,50.0,50.0,50.0,0.0,100.0,100.0,33.33,66.67,50.0,0.0,100.0,100.0,2025-08-16 10:05:01
CLE,2020,2021,100.0,0.0,0.0,100.0,0.0,0.0,50.0,50.0,50.0,50.0,50.0,50.0,40.0,60.0,60.0,50.0,50.0,50.0,0.0,100.0,100.0,0.0,100.0,100.0,0.0,100.0,100.0,2025-08-16 10:05:01
CLE,2021,2022,0.0,100.0,100.0,100.0,0.0,0.0,50.0,50.0,50.0,50.0,50.0,50.0,80.0,20.0,20.0,50.0,50.0,50.0,0.0,100.0,100.0,50.0,50.0,50.0,50.0,50.0,50.0,2025-08-16 10:05:01
CLE,2022,2023,0.0,100.0,100.0,0.0,100.0,100.0,0.0,100.0,100.0,50.0,50.0,50.0,40.0,60.0,60.0,0.0,100.0,100.0,0.0,100.0,100.0,50.0,50.0,50.0,50.0,50.0,50.0,2025-08-16 10:05:01
CLE,2023,2024,0.0,100.0,100.0,0.0,100.0,100.0,50.0,50.0,50.0,0.0,100.0,100.0,40.0,60.0,60.0,100.0,0.0,0.0,0.0,100.0,100.0,50.0,50.0,50.0,100.0,0.0,0.0,2025-08-16 10:05:01
CLT,2010,2011,0.0,100.0,100.0,0.0,100.0,100.0,50.0,50.0,50.0,50.0,50.0,50.0,20.0,80.0,80.0,50.0,50.0,50.0,0.0,100.0,100.0,50.0,50.0,50.0,50.0,50.0,50.0,2025-08-16 10:04:55
CLT,2011,2012,0.0,100.0,100.0,0.0,100.0,100.0,0.0,100.0,100.0,0.0,100.0,100.0,40.0,60.0,60.0,0.0,100.0,100.0,0.0,100.0,100.0,50.0,50.0,50.0,50.0,50.0,50.0,2025-08-16 10:04:55
CLT,2012,2013,100.0,0.0,0.0,0.0,100.0,100.0,0.0,100.0,100.0,50.0,50.0,0.0,60.0,40.0,40.0,33.33,66.67,66.67,25.0,75.0,75.0,0.0,100.0,100.0,50.0,50.0,50.0,2025-08-16 10:04:55
CLT,2013,2014,100.0,0.0,0.0,50.0,50.0,0.0,0.0,100.0,100.0,100.0,0.0,50.0,60.0,40.0,40.0,33.33,66.67,50.0,0.0,100.0,100.0,50.0,50.0,50.0,0.0,100.0,100.0,2025-08-16 10:04:55
CLT,2014,2015,0.0,100.0,100.0,0.0,100.0,100.0,50.0,50.0,50.0,100.0,0.0,0.0,80.0,20.0,20.0,50.0,50.0,50.0,0.0,100.0,100.0,100.0,0.0,0.0,50.0,50.0,50.0,2025-08-16 10:04:55
CLT,2015,2016,0.0,100.0,100.0,100.0,0.0,0.0,50.0,50.0,50.0,50.0,50.0,50.0,40.0,60.0,60.0,50.0,50.0,66.67,0.0,100.0,100.0,0.0,100.0,100.0,0.0,100.0,100.0,2025-08-16 10:04:55
CLT,2016,2017,0.0,100.0,100.0,100.0,0.0,0.0,100.0,0.0,33.33,0.0,100.0,100.0,80.0,20.0,20.0,0.0,100.0,100.0,0.0,100.0,100.0,100.0,0.0,0.0,0.0,100.0,100.0,2025-08-16 10:04:55
CLT,2017,2018,0.0,100.0,100.0,0.0,100.0,100.0,0.0,100.0,100.0,0.0,100.0,100.0,40.0,60.0,60.0,0.0,100.0,100.0,0.0,100.0,100.0,0.0,100.0,100.0,50.0,50.0,50.0,2025-08-16 10:04:55
CLT,2018,2019,0.0,100.0,100.0,100.0,0.0,0.0,33.33,66.67,66.67,0.0,100.0,100.0,80.0,20.0,20.0,50.0,50.0,50.0,100.0,0.0,0.0,66.67,33.33,0.0,100.0,0.0,0.0,2025-08-16 10:04:55
CLT,2019,2020,0.0,100.0,100.0,0.0,100.0,100.0,66.67,33.33,33.33,0.0,100.0,100.0,100.0,0.0,0.0,50.0,50.0,50.0,100.0,0.0,0.0,50.0,50.0,50.0,0.0,100.0,100.0,2025-08-16 10:04:55
CLT,2020,2021,0.0,100.0,100.0,0.0,100.0,100.0,100.0,0.0,0.0,100.0,0.0,0.0,60.0,40.0,40.0,0.0,100.0,100.0,0.0,100.0,100.0,50.0,50.0,50.0,50.0,50.0,50.0,2025-08-16 10:04:55
CLT,2021,2022,0.0,100.0,100.0,0.0,100.0,100.0,33.33,66.67,66.67,0.0,100.0,100.0,40.0,60.0,60.0,0.0,100.0,100.0,0.0,100.0,0.0,0.0,100.0,100.0,0.0,100.0,100.0,2025-08-16 10:04:56
CLT,2022,2023,0.0,100.0,100.0,0.0,100.0,100.0,66.67,33.33,33.33,0.0,100.0,0.0,80.0,20.0,20.0,50.0,50.0,50.0,0.0,0.0,100.0,33.33,66.67,50.0,50.0,50.0,50.0,2025-08-16 10:04:56
CLT,2023,2024,0.0,100.0,100.0,0.0,100.0,100.0,66.67,33.33,33.33,0.0,0.0,100.0,60.0,40.0,40.0,50.0,50.0,50.0,0.0,100.0,100.0,50.0,50.0,66.67,50.0,50.0,50.0,2025-08-16 10:04:56
CRD,2010,2011,0.0,100.0,100.0,0.0,100.0,100.0,50.0,50.0,50.0,0.0,100.0,100.0,60.0,40.0,40.0,33.33,66.67,66.67,75.0,25.0,25.0,0.0,100.0,100.0,50.0,50.0,50.0,2025-08-16 10:04:56
CRD,2011,2012,0.0,100.0,100.0,50.0,50.0,0.0,100.0,0.0,0.0,100.0,0.0,50.0,40.0,60.0,60.0,100.0,0.0,0.0,50.0,50.0,50.0,0.0,100.0,100.0,0.0,100.0,100.0,2025-08-16 10:04:56
CRD,2012,2013,0.0,100.0,100.0,0.0,100.0,100.0,50.0,50.0,50.0,50.0,50.0,50.0,40.0,60.0,60.0,100.0,0.0,0.0,0.0,100.0,100.0,0.0,100.0,100.0,0.0,100.0,100.0,2025-08-16 10:04:56
CRD,2013,2014,0.0,100.0,100.0,0.0,100.0,100.0,50.0,50.0,50.0,50.0,50.0,0.0,40.0,60.0,60.0,33.33,66.67,66.67,25.0,75.0,66.67,50.0,50.0,66.67,0.0,100.0,100.0,2025-08-16 10:04:56
CRD,2014,2015,0.0,100.0,100.0,0.0,100.0,100.0,0.0,100.0,100.0,0.0,100.0,100.0,60.0,40.0,40.0,33.33,66.67,66.67,33.33,66.67,75.0,33.33,66.67,50.0,50.0,50.0,50.0,2025-08-16 10:04:56
CRD,2015,2016,0.0,100.0,100.0,0.0,100.0,100.0,100.0,0.0,33.33,50.0,50.0,0.0,20.0,80.0,80.0,0.0,100.0,100.0,50.0,50.0,33.33,0.0,100.0,100.0,0.0,100.0,100.0,2025-08-16 10:04:56
CRD,2016,2017,100.0,0.0,0.0,0.0,100.0,100.0,33.33,66.67,50.0,100.0,0.0,50.0,60.0,40.0,40.0,66.67,33.33,33.33,33.33,66.67,75.0,33.33,66.67,50.0,50.0,50.0,50.0,2025-08-16 10:04:56
CRD,2017,2018,0.0,100.0,100.0,0.0,100.0,100.0,0.0,100.0,100.0,50.0,50.0,0.0,20.0,80.0,80.0,0.0,100.0,100.0,0.0,100.0,100.0,50.0,50.0,66.67,0.0,100.0,100.0,2025-08-16 10:04:56
CRD,2018,2019,0.0,100.0,100.0,0.0,100.0,100.0,66.67,33.33,0.0,0.0,100.0,100.0,40.0,60.0,60.0,0.0,100.0,100.0,0.0,100.0,100.0,0.0,100.0,100.0,0.0,100.0,100.0,2025-08-16 10:04:56
CRD,2019,2020,0.0,100.0,100.0,100.0,0.0,0.0,100.0,0.0,33.33,50.0,50.0,0.0,60.0,40.0,40.0,33.33,66.67,0.0,25.0,75.0,75.0,50.0,50.0,50.0,50.0,50.0,50.0,2025-08-16 10:04:56
CRD,2020,2021,100.0,0.0,0.0,0.0,100.0,100.0,33.33,66.67,66.67,0.0,100.0,100.0,40.0,60.0,60.0,100.0,0.0,66.67,50.0,50.0,50.0,0.0,100.0,100.0,50.0,50.0,50.0,2025-08-16 10:04:56
CRD,2021,2022,0.0,100.0,100.0,0.0,100.0,100.0,33.33,66.67,50.0,100.0,0.0,50.0,40.0,60.0,60.0,33.33,66.67,66.67,50.0,50.0,50.0,100.0,0.0,0.0,100.0,0.0,0.0,2025-08-16 10:04:56
CRD,2022,2023,100.0,0.0,0.0,100.0,0.0,0.0,50.0,50.0,66.67,50.0,50.0,0.0,20.0,80.0,80.0,33.33,66.67,66.67,25.0,75.0,75.0,50.0,50.0,50.0,100.0,0.0,0.0,2025-08-16 10:04:56
CRD,2023,2024,100.0,0.0,0.0,100.0,0.0,0.0,33.33,66.67,50.0,0.0,100.0,100.0,40.0,60.0,60.0,0.0,100.0,100.0,50.0,50.0,33.33,0.0,100.0,100.0,100.0,0.0,0.0,2025-08-16 10:04:56
DAL,2010,2011,0.0,100.0,100.0,0.0,100.0,100.0,0.0,100.0,100.0,0.0,100.0,100.0,40.0,60.0,60.0,33.33,66.67,66.67,50.0,50.0,50.0,100.0,0.0,0.0,50.0,50.0,50.0,2025-08-16 10:05:02
DAL,2011,2012,100.0,0.0,0.0,50.0,50.0,0.0,100.0,0.0,0.0,0.0,100.0,100.0,40.0,60.0,60.0,33.33,66.67,66.67,25.0,75.0,75.0,0.0,100.0,100.0,50.0,50.0,50.0,2025-08-16 10:05:02
DAL,2012,2013,100.0,0.0,0.0,0.0,100.0,100.0,50.0,50.0,50.0,50.0,50.0,50.0,40.0,60.0,60.0,0.0,100.0,100.0,25.0,75.0,0.0,50.0,50.0,50.0,0.0,100.0,100.0,2025-08-16 10:05:02
DAL,2013,2014,0.0,100.0,100.0,0.0,100.0,100.0,0.0,100.0,100.0,100.0,0.0,0.0,40.0,60.0,60.0,50.0,50.0,50.0,0.0,100.0,100.0,100.0,0.0,0.0,50.0,50.0,50.0,2025-08-16 10:05:02
DAL,2014,2015,0.0,100.0,100.0,0.0,100.0,100.0,50.0,50.0,50.0,50.0,50.0,50.0,40.0,60.0,60.0,0.0,100.0,100.0,100.0,0.0,0.0,50.0,50.0,66.67,50.0,50.0,50.0,2025-08-16 10:05:02
DAL,2015,2016,0.0,100.0,100.0,0.0,100.0,100.0,50.0,50.0,66.67,50.0,50.0,0.0,20.0,80.0,80.0,0.0,100.0,100.0,0.0,100.0,100.0,66.67,33.33,33.33,100.0,0.0,0.0,2025-08-16 10:05:02
DAL,2016,2017,0.0,100.0,100.0,0.0,100.0,100.0,33.33,66.67,50.0,0.0,100.0,100.0,0.0,100.0,100.0,50.0,50.0,50.0,100.0,0.0,0.0,33.33,66.67,50.0,50.0,50.0,50.0,2025-08-16 10:05:02
DAL,2017,2018,0.0,100.0,100.0,0.0,100.0,100.0,0.0,100.0,100.0,0.0,100.0,100.0,40.0,60.0,60.0,100.0,0.0,0.0,0.0,100.0,100.0,0.0,100.0,100.0,50.0,50.0,50.0,2025-08-16 10:05:02
DAL,2018,2019,0.0,100.0,100.0,50.0,50.0,0.0,100.0,0.0,0.0,0.0,100.0,100.0,80.0,20.0,20.0,0.0,100.0,100.0,0.0,100.0,100.0,50.0,50.0,50.0,100.0,0.0,0.0,2025-08-16 10:05:02
DAL,2019,2020,0.0,100.0,100.0,0.0,100.0,100.0,50.0,50.0,66.67,0.0,100.0,100.0,20.0,80.0,80.0,50.0,50.0,75.0,0.0,100.0,100.0,0.0,100.0,100.0,50.0,50.0,50.0,2025-08-16 10:05:02
DAL,2020,2021,0.0,100.0,100.0,100.0,0.0,0.0,33.33,66.67,50.0,100.0,0.0,50.0,20.0,80.0,80.0,25.0,75.0,50.0,0.0,100.0,0.0,66.67,33.33,33.33,0.0,100.0,100.0,2025-08-16 10:05:02
DAL,2021,2022,100.0,0.0,0.0,100.0,0.0,0.0,50.0,50.0,66.67,50.0,50.0,0.0,20.0,80.0,80.0,0.0,100.0,100.0,0.0,0.0,100.0,33.33,66.67,50.0,50.0,50.0,50.0,2025-08-16 10:05:02
DAL,2022,2023,0.0,100.0,100.0,0.0,100.0,100.0,33.33,66.67,66.67,0.0,100.0,100.0,40.0,60.0,60.0,50.0,50.0,50.0,0.0,100.0,0.0,0.0,100.0,100.0,50.0,50.0,50.0,2025-08-16 10:05:02
DAL,2023,2024,0.0,100.0,100.0,0.0,100.0,100.0,33.33,66.67,66.67,0.0,100.0,100.0,40.0,60.0,60.0,0.0,100.0,100.0,0.0,0.0,100.0,0.0,100.0,100.0,100.0,0.0,0.0,2025-08-16 10:05:02
DEN,2010,2011,0.0,100.0,100.0,0.0,100.0,100.0,33.33,66.67,50.0,0.0,100.0,100.0,60.0,40.0,40.0,0.0,100.0,100.0,25.0,75.0,75.0,50.0,50.0,50.0,0.0,100.0,100.0,2025-08-16 10:05:00
DEN,2011,2012,0.0,100.0,100.0,0.0,100.0,100.0,50.0,50.0,50.0,0.0,100.0,100.0,20.0,80.0,80.0,0.0,100.0,100.0,25.0,75.0,75.0,50.0,50.0,50.0,0.0,100.0,100.0,2025-08-16 10:05:00
DEN,2012,2013,100.0,0.0,0.0,0.0,100.0,100.0,100.0,0.0,33.33,0.0,100.0,100.0,40.0,60.0,60.0,33.33,66.67,50.0,25.0,75.0,0.0,50.0,50.0,50.0,50.0,50.0,50.0,2025-08-16 10:05:00
DEN,2013,2014,0.0,100.0,100.0,0.0,100.0,100.0,33.33,66.67,50.0,100.0,0.0,50.0,40.0,60.0,60.0,50.0,50.0,50.0,0.0,100.0,100.0,0.0,100.0,100.0,50.0,50.0,50.0,2025-08-16 10:05:00
DEN,2014,2015,0.0,100.0,100.0,0.0,100.0,100.0,50.0,50.0,50.0,50.0,50.0,50.0,20.0,80.0,80.0,50.0,50.0,66.67,0.0,100.0,100.0,100.0,0.0,0.0,50.0,50.0,50.0,2025-08-16 10:05:00
DEN,2015,2016,0.0,100.0,100.0,0.0,100.0,100.0,50.0,50.0,66.67,50.0,50.0,0.0,40.0,60.0,60.0,66.67,33.33,33.33,50.0,50.0,50.0,0.0,100.0,100.0,0.0,100.0,100.0,2025-08-16 10:05:00
DEN,2016,2017,100.0,0.0,0.0,100.0,0.0,0.0,0.0,100.0,100.0,100.0,0.0,50.0,40.0,60.0,60.0,33.33,66.67,66.67,50.0,50.0,50.0,0.0,100.0,100.0,0.0,100.0,100.0,2025-08-16 10:05:00
DEN,2017,2018,0.0,100.0,100.0,0.0,100.0,100.0,100.0,0.0,0.0,50.0,50.0,0.0,40.0,60.0,60.0,100.0,0.0,0.0,50.0,50.0,50.0,0.0,100.0,100.0,100.0,0.0,0.0,2025-08-16 10:05:00
DEN,2018,2019,0.0,100.0,100.0,0.0,100.0,100.0,50.0,50.0,50.0,100.0,0.0,50.0,40.0,60.0,60.0,33.33,66.67,66.67,50.0,50.0,50.0,0.0,100.0,100.0,50.0,50.0,50.0,2025-08-16 10:05:00
DEN,2019,2020,0.0,100.0,100.0,0.0,100.0,100.0,0.0,100.0,100.0,50.0,50.0,50.0,40.0,60.0,60.0,33.33,66.67,66.67,50.0,50.0,50.0,0.0,100.0,100.0,50.0,50.0,50.0,2025-08-16 10:05:00
DEN,2020,2021,0.0,100.0,100.0,100.0,0.0,0.0,50.0,50.0,50.0,50.0,50.0,50.0,60.0,40.0,40.0,66.67,33.33,33.33,25.0,75.0,75.0,0.0,100.0,100.0,50.0,50.0,50.0,2025-08-16 10:05:00
DEN,2021,2022,0.0,100.0,100.0,0.0,100.0,100.0,50.0,50.0,50.0,0.0,100.0,100.0,40.0,60.0,60.0,33.33,66.67,66.67,25.0,75.0,75.0,0.0,100.0,100.0,100.0,0.0,0.0,2025-08-16 10:05:00
DEN,2022,2023,100.0,0.0,0.0,0.0,100.0,100.0,100.0,0.0,33.33,0.0,100.0,100.0,20.0,80.0,80.0,33.33,66.67,66.67,100.0,0.0,0.0,0.0,100.0,100.0,50.0,50.0,50.0,2025-08-16 10:05:00
DEN,2023,2024,0.0,100.0,100.0,100.0,0.0,0.0,33.33,66.67,50.0,100.0,0.0,50.0,60.0,40.0,40.0,33.33,66.67,50.0,25.0,75.0,75.0,0.0,100.0,100.0,0.0,100.0,100.0,2025-08-16 10:05:00
DET,2010,2011,0.0,100.0,100.0,50.0,50.0,0.0,50.0,50.0,66.67,100.0,0.0,0.0,100.0,0.0,0.0,100.0,0.0,0.0,0.0,100.0,100.0,50.0,50.0,50.0,100.0,0.0,0.0,2025-08-16 10:04:56
DET,2011,2012,100.0,0.0,0.0,0.0,100.0,100.0,66.67,33.33,0.0,100.0,0.0,50.0,100.0,0.0,0.0,100.0,0.0,0.0,100.0,0.0,0.0,50.0,50.0,50.0,50.0,50.0,50.0,2025-08-16 10:04:56
DET,2012,2013,100.0,0.0,0.0,0.0,100.0,100.0,50.0,50.0,66.67,50.0,50.0,0.0,40.0,60.0,60.0,0.0,100.0,100.0,100.0,0.0,0.0,50.0,50.0,50.0,50.0,50.0,50.0,2025-08-16 10:04:56
DET,2013,2014,0.0,100.0,100.0,100.0,0.0,0.0,0.0,100.0,100.0,100.0,0.0,0.0,100.0,0.0,0.0,50.0,50.0,50.0,0.0,100.0,100.0,50.0,50.0,50.0,0.0,100.0,100.0,2025-08-16 10:04:56
DET,2014,2015,0.0,100.0,100.0,0.0,100.0,100.0,33.33,66.67,50.0,100.0,0.0,50.0,40.0,60.0,60.0,50.0,50.0,50.0,0.0,100.0,100.0,50.0,50.0,50.0,50.0,50.0,50.0,2025-08-16 10:04:56
DET,2015,2016,100.0,0.0,0.0,0.0,100.0,100.0,50.0,50.0,66.67,50.0,50.0,0.0,80.0,20.0,20.0,0.0,100.0,100.0,0.0,100.0,100.0,100.0,0.0,0.0,50.0,50.0,50.0,2025-08-16 10:04:56
DET,2016,2017,100.0,0.0,0.0,0.0,100.0,100.0,66.67,33.33,0.0,100.0,0.0,50.0,40.0,60.0,60.0,50.0,50.0,50.0,0.0,100.0,100.0,50.0,50.0,50.0,100.0,0.0,0.0,2025-08-16 10:04:56
DET,2017,2018,100.0,0.0,0.0,0.0,100.0,100.0,50.0,50.0,50.0,0.0,100.0,100.0,60.0,40.0,40.0,0.0,100.0,100.0,100.0,0.0,0.0,50.0,50.0,50.0,50.0,50.0,50.0,2025-08-16 10:04:56
DET,2018,2019,100.0,0.0,0.0,0.0,100.0,100.0,50.0,50.0,66.67,0.0,100.0,100.0,80.0,20.0,20.0,0.0,100.0,100.0,100.0,0.0,0.0,50.0,50.0,66.67,0.0,100.0,100.0,2025-08-16 10:04:56
DET,2019,2020,100.0,0.0,0.0,0.0,100.0,100.0,33.33,66.67,50.0,100.0,0.0,50.0,20.0,80.0,80.0,100.0,0.0,50.0,0.0,100.0,100.0,0.0,100.0,100.0,0.0,100.0,100.0,2025-08-16 10:04:56
DET,2020,2021,0.0,100.0,100.0,0.0,100.0,100.0,0.0,100.0,100.0,0.0,100.0,100.0,20.0,80.0,75.0,0.0,100.0,100.0,0.0,100.0,100.0,50.0,50.0,50.0,0.0,100.0,100.0,2025-08-16 10:04:56
DET,2021,2022,0.0,100.0,100.0,100.0,0.0,0.0,0.0,100.0,100.0,0.0,100.0,100.0,50.0,50.0,60.0,0.0,100.0,100.0,25.0,75.0,0.0,50.0,50.0,50.0,0.0,100.0,100.0,2025-08-16 10:04:56
DET,2022,2023,0.0,100.0,100.0,0.0,100.0,100.0,33.33,66.67,66.67,0.0,100.0,100.0,60.0,40.0,40.0,50.0,50.0,50.0,0.0,100.0,100.0,50.0,50.0,50.0,50.0,50.0,50.0,2025-08-16 10:04:56
DET,2023,2024,0.0,100.0,100.0,50.0,50.0,0.0,66.67,33.33,0.0,0.0,100.0,100.0,60.0,40.0,40.0,0.0,100.0,100.0,0.0,100.0,100.0,0.0,100.0,100.0,0.0,100.0,100.0,2025-08-16 10:04:56
GNB,2010,2011,0.0,100.0,100.0,0.0,100.0,100.0,50.0,50.0,66.67,0.0,100.0,100.0,40.0,60.0,60.0,33.33,66.67,66.67,25.0,75.0,75.0,0.0,100.0,100.0,50.0,50.0,50.0,2025-08-16 10:04:59
GNB,2011,2012,0.0,100.0,100.0,0.0,100.0,100.0,33.33,66.67,66.67,100.0,0.0,0.0,60.0,40.0,40.0,33.33,66.67,66.67,75.0,25.0,25.0,50.0,50.0,50.0,50.0,50.0,50.0,2025-08-16 10:04:59
GNB,2012,2013,0.0,100.0,100.0,0.0,100.0,100.0,66.67,33.33,33.33,0.0,100.0,100.0,20.0,80.0,80.0,66.67,33.33,33.33,50.0,50.0,50.0,100.0,0.0,0.0,100.0,0.0,0.0,2025-08-16 10:04:59
GNB,2013,2014,0.0,100.0,100.0,0.0,100.0,100.0,0.0,100.0,100.0,100.0,0.0,0.0,40.0,60.0,60.0,0.0,100.0,100.0,25.0,75.0,75.0,50.0,50.0,66.67,50.0,50.0,50.0,2025-08-16 10:04:59
GNB,2014,2015,0.0,100.0,100.0,100.0,0.0,0.0,33.33,66.67,66.67,0.0,100.0,100.0,100.0,0.0,0.0,50.0,50.0,50.0,25.0,75.0,75.0,0.0,100.0,100.0,100.0,0.0,0.0,2025-08-16 10:04:59
GNB,2015,2016,100.0,0.0,0.0,0.0,100.0,100.0,66.67,33.33,33.33,100.0,0.0,0.0,40.0,60.0,60.0,50.0,50.0,50.0,0.0,100.0,100.0,33.33,66.67,66.67,50.0,50.0,50.0,2025-08-16 10:04:59
GNB,2016,2017,0.0,100.0,100.0,0.0,100.0,100.0,66.67,33.33,33.33,0.0,100.0,100.0,40.0,60.0,60.0,0.0,100.0,100.0,75.0,25.0,25.0,33.33,66.67,50.0,50.0,50.0,50.0,2025-08-16 10:04:59
GNB,2017,2018,0.0,100.0,100.0,0.0,100.0,100.0,33.33,66.67,66.67,0.0,100.0,100.0,40.0,60.0,60.0,66.67,33.33,33.33,75.0,25.0,25.0,0.0,100.0,100.0,0.0,100.0,100.0,2025-08-16 10:04:59
GNB,2018,2019,100.0,0.0,0.0,100.0,0.0,0.0,66.67,33.33,0.0,100.0,0.0,50.0,40.0,60.0,60.0,33.33,66.67,66.67,25.0,75.0,75.0,100.0,0.0,0.0,0.0,100.0,100.0,2025-08-16 10:04:59
GNB,2019,2020,0.0,100.0,100.0,0.0,100.0,100.0,50.0,50.0,50.0,50.0,50.0,50.0,20.0,80.0,80.0,33.33,66.67,66.67,50.0,50.0,50.0,50.0,50.0,50.0,100.0,0.0,0.0,2025-08-16 10:04:59
GNB,2020,2021,100.0,0.0,0.0,0.0,100.0,100.0,100.0,0.0,33.33,50.0,50.0,0.0,40.0,60.0,60.0,66.67,33.33,33.33,50.0,50.0,50.0,0.0,100.0,100.0,100.0,0.0,0.0,2025-08-16 10:04:59
GNB,2021,2022,0.0,100.0,100.0,100.0,0.0,0.0,33.33,66.67,66.67,100.0,0.0,0.0,20.0,80.0,80.0,33.33,66.67,66.67,50.0,50.0,50.0,50.0,50.0,50.0,100.0,0.0,0.0,2025-08-16 10:04:59
GNB,2022,2023,0.0,100.0,100.0,100.0,0.0,0.0,66.67,33.33,33.33,0.0,100.0,100.0,40.0,60.0,50.0,0.0,100.0,100.0,100.0,0.0,0.0,0.0,100.0,100.0,0.0,100.0,100.0,2025-08-16 10:04:59
GNB,2023,2024,100.0,0.0,0.0,0.0,100.0,100.0,66.67,33.33,33.33,0.0,100.0,100.0,75.0,25.0,40.0,0.0,100.0,100.0,0.0,100.0,100.0,0.0,100.0,100.0,0.0,100.0,100.0,2025-08-16 10:04:59
HTX,2010,2011,100.0,0.0,0.0,0.0,100.0,100.0,50.0,50.0,50.0,100.0,0.0,0.0,80.0,20.0,20.0,0.0,100.0,100.0,0.0,100.0,100.0,50.0,50.0,50.0,0.0,100.0,100.0,2025-08-16 10:04:57
HTX,2011,2012,0.0,100.0,100.0,100.0,0.0,50.0,50.0,50.0,50.0,0.0,100.0,100.0,20.0,80.0,80.0,33.33,66.67,66.67,75.0,25.0,25.0,100.0,0.0,0.0,100.0,0.0,0.0,2025-08-16 10:04:57
HTX,2012,2013,0.0,100.0,100.0,0.0,100.0,100.0,50.0,50.0,50.0,0.0,100.0,100.0,20.0,80.0,80.0,66.67,33.33,33.33,25.0,75.0,75.0,50.0,50.0,50.0,0.0,100.0,100.0,2025-08-16 10:04:57
HTX,2013,2014,0.0,100.0,100.0,0.0,100.0,100.0,50.0,50.0,50.0,50.0,50.0,0.0,80.0,20.0,20.0,33.33,66.67,0.0,50.0,50.0,60.0,100.0,0.0,0.0,50.0,50.0,50.0,2025-08-16 10:04:57
HTX,2014,2015,0.0,100.0,100.0,0.0,100.0,100.0,0.0,100.0,100.0,0.0,100.0,100.0,60.0,40.0,40.0,100.0,0.0,66.67,40.0,60.0,50.0,100.0,0.0,0.0,0.0,100.0,100.0,2025-08-16 10:04:57
HTX,2015,2016,0.0,100.0,100.0,0.0,100.0,100.0,0.0,100.0,100.0,100.0,0.0,0.0,40.0,60.0,60.0,33.33,66.67,66.67,75.0,25.0,25.0,50.0,50.0,50.0,100.0,0.0,0.0,2025-08-16 10:04:57
HTX,2016,2017,0.0,100.0,100.0,100.0,0.0,50.0,33.33,66.67,50.0,0.0,100.0,100.0,60.0,40.0,40.0,33.33,66.67,66.67,50.0,50.0,50.0,50.0,50.0,50.0,50.0,50.0,50.0,2025-08-16 10:04:57
HTX,2017,2018,0.0,100.0,100.0,0.0,100.0,100.0,100.0,0.0,0.0,100.0,0.0,50.0,20.0,80.0,80.0,33.33,66.67,66.67,75.0,25.0,25.0,100.0,0.0,0.0,0.0,100.0,100.0,2025-08-16 10:04:57
HTX,2018,2019,100.0,0.0,0.0,0.0,100.0,100.0,100.0,0.0,0.0,0.0,100.0,100.0,40.0,60.0,60.0,33.33,66.67,66.67,50.0,50.0,50.0,50.0,50.0,50.0,50.0,50.0,50.0,2025-08-16 10:04:57
HTX,2019,2020,100.0,0.0,0.0,0.0,100.0,100.0,50.0,50.0,50.0,50.0,50.0,50.0,100.0,0.0,0.0,33.33,66.67,66.67,75.0,25.0,25.0,50.0,50.0,50.0,50.0,50.0,50.0,2025-08-16 10:04:57
HTX,2020,2021,0.0,100.0,100.0,0.0,100.0,100.0,50.0,50.0,50.0,50.0,50.0,50.0,40.0,60.0,60.0,0.0,100.0,100.0,0.0,100.0,100.0,0.0,100.0,100.0,100.0,0.0,0.0,2025-08-16 10:04:57
HTX,2021,2022,100.0,0.0,0.0,0.0,100.0,100.0,50.0,50.0,66.67,0.0,100.0,100.0,20.0,80.0,80.0,0.0,100.0,100.0,100.0,0.0,0.0,50.0,50.0,66.67,0.0,100.0,100.0,2025-08-16 10:04:57
HTX,2022,2023,0.0,100.0,100.0,0.0,100.0,100.0,33.33,66.67,50.0,0.0,100.0,100.0,40.0,60.0,60.0,0.0,100.0,100.0,0.0,100.0,100.0,66.67,33.33,0.0,50.0,50.0,50.0,2025-08-16 10:04:57
HTX,2023,2024,0.0,100.0,100.0,0.0,100.0,100.0,0.0,100.0,100.0,100.0,0.0,50.0,60.0,40.0,40.0,0.0,100.0,100.0,0.0,100.0,100.0,0.0,100.0,100.0,0.0,100.0,100.0,2025-08-16 10:04:57
JAX,2010,2011,0.0,100.0,100.0,50.0,50.0,50.0,50.0,50.0,50.0,0.0,100.0,100.0,60.0,40.0,40.0,50.0,50.0,50.0,0.0,100.0,100.0,50.0,50.0,50.0,0.0,100.0,100.0,2025-08-16 10:05:03
JAX,2011,2012,100.0,0.0,0.0,0.0,100.0,100.0,0.0,100.0,100.0,100.0,0.0,50.0,60.0,40.0,40.0,50.0,50.0,50.0,100.0,0.0,0.0,0.0,100.0,100.0,100.0,0.0,0.0,2025-08-16 10:05:03
JAX,2012,2013,0.0,100.0,100.0,0.0,100.0,100.0,50.0,50.0,50.0,50.0,50.0,0.0,60.0,40.0,40.0,0.0,100.0,100.0,0.0,100.0,100.0,0.0,100.0,100.0,0.0,100.0,100.0,2025-08-16 10:05:03
JAX,2013,2014,0.0,100.0,100.0,0.0,100.0,100.0,50.0,50.0,66.67,100.0,0.0,0.0,20.0,80.0,80.0,0.0,100.0,100.0,0.0,100.0,100.0,0.0,100.0,100.0,100.0,0.0,0.0,2025-08-16 10:05:03
JAX,2014,2015,100.0,0.0,0.0,0.0,100.0,100.0,33.33,66.67,50.0,100.0,0.0,50.0,40.0,60.0,60.0,0.0,100.0,100.0,0.0,100.0,100.0,0.0,100.0,100.0,100.0,0.0,0.0,2025-08-16 10:05:03
JAX,2015,2016,100.0,0.0,0.0,100.0,0.0,0.0,50.0,50.0,50.0,100.0,0.0,0.0,40.0,60.0,60.0,0.0,100.0,100.0,100.0,0.0,0.0,0.0,100.0,100.0,50.0,50.0,50.0,2025-08-16 10:05:03
JAX,2016,2017,100.0,0.0,0.0,0.0,100.0,100.0,50.0,50.0,50.0,50.0,50.0,0.0,80.0,20.0,20.0,0.0,100.0,100.0,100.0,0.0,0.0,0.0,100.0,100.0,50.0,50.0,50.0,2025-08-16 10:05:03
JAX,2017,2018,100.0,0.0,0.0,100.0,0.0,0.0,0.0,100.0,100.0,0.0,100.0,100.0,60.0,40.0,40.0,0.0,100.0,100.0,0.0,100.0,100.0,0.0,100.0,100.0,100.0,0.0,0.0,2025-08-16 10:05:03
JAX,2018,2019,0.0,100.0,100.0,50.0,50.0,0.0,0.0,100.0,100.0,100.0,0.0,0.0,60.0,40.0,40.0,100.0,0.0,0.0,100.0,0.0,0.0,33.33,66.67,50.0,0.0,100.0,100.0,2025-08-16 10:05:03
JAX,2019,2020,100.0,0.0,0.0,0.0,100.0,100.0,0.0,100.0,100.0,100.0,0.0,0.0,100.0,0.0,0.0,0.0,100.0,100.0,0.0,100.0,100.0,0.0,100.0,100.0,50.0,50.0,50.0,2025-08-16 10:05:03
JAX,2020,2021,0.0,100.0,100.0,50.0,50.0,0.0,50.0,50.0,50.0,100.0,0.0,50.0,80.0,20.0,20.0,0.0,100.0,100.0,0.0,100.0,100.0,0.0,100.0,100.0,0.0,100.0,100.0,2025-08-16 10:05:03
JAX,2021,2022,0.0,100.0,100.0,0.0,100.0,100.0,0.0,100.0,100.0,50.0,50.0,50.0,40.0,60.0,60.0,33.33,66.67,66.67,25.0,75.0,75.0,50.0,50.0,50.0,0.0,100.0,100.0,2025-08-16 10:05:03
JAX,2022,2023,0.0,100.0,100.0,100.0,0.0,0.0,50.0,50.0,50.0,0.0,100.0,100.0,80.0,20.0,20.0,66.67,33.33,33.33,75.0,25.0,25.0,100.0,0.0,0.0,100.0,0.0,0.0,2025-08-16 10:05:03
JAX,2023,2024,100.0,0.0,0.0,100.0,0.0,0.0,0.0,100.0,100.0,0.0,100.0,100.0,40.0,60.0,60.0,0.0,100.0,100.0,25.0,75.0,0.0,50.0,50.0,50.0,50.0,50.0,50.0,2025-08-16 10:05:03
KAN,2010,2011,0.0,100.0,100.0,100.0,0.0,50.0,0.0,100.0,100.0,0.0,100.0,100.0,80.0,20.0,20.0,33.33,66.67,66.67,25.0,75.0,75.0,100.0,0.0,0.0,50.0,50.0,50.0,2025-08-16 10:05:01
KAN,2011,2012,100.0,0.0,0.0,0.0,100.0,100.0,50.0,50.0,50.0,0.0,100.0,100.0,60.0,40.0,40.0,33.33,66.67,66.67,50.0,50.0,50.0,50.0,50.0,50.0,50.0,50.0,50.0,2025-08-16 10:05:01
KAN,2012,2013,0.0,100.0,100.0,0.0,100.0,100.0,50.0,50.0,50.0,0.0,100.0,100.0,40.0,60.0,60.0,33.33,66.67,66.67,75.0,25.0,25.0,0.0,100.0,100.0,50.0,50.0,50.0,2025-08-16 10:05:01
KAN,2013,2014,0.0,100.0,100.0,50.0,50.0,50.0,50.0,50.0,0.0,100.0,0.0,50.0,40.0,60.0,60.0,33.33,66.67,66.67,25.0,75.0,75.0,50.0,50.0,50.0,0.0,100.0,100.0,2025-08-16 10:05:01
KAN,2014,2015,100.0,0.0,0.0,0.0,100.0,100.0,0.0,100.0,100.0,0.0,100.0,100.0,20.0,80.0,80.0,33.33,66.67,66.67,50.0,50.0,50.0,50.0,50.0,50.0,50.0,50.0,50.0,2025-08-16 10:05:01
KAN,2015,2016,0.0,100.0,100.0,0.0,100.0,100.0,50.0,50.0,66.67,0.0,100.0,100.0,60.0,40.0,40.0,33.33,66.67,66.67,0.0,100.0,100.0,0.0,100.0,100.0,100.0,0.0,0.0,2025-08-16 10:05:01
KAN,2016,2017,100.0,0.0,0.0,0.0,100.0,100.0,0.0,100.0,100.0,0.0,100.0,100.0,80.0,20.0,20.0,33.33,66.67,66.67,50.0,50.0,50.0,0.0,100.0,100.0,50.0,50.0,50.0,2025-08-16 10:05:01
KAN,2017,2018,0.0,100.0,100.0,0.0,100.0,100.0,0.0,100.0,100.0,0.0,100.0,100.0,0.0,100.0,100.0,66.67,33.33,33.33,50.0,50.0,50.0,0.0,100.0,100.0,50.0,50.0,50.0,2025-08-16 10:05:01
KAN,2018,2019,0.0,100.0,100.0,0.0,100.0,100.0,33.33,66.67,50.0,0.0,100.0,100.0,40.0,60.0,60.0,0.0,100.0,100.0,0.0,100.0,100.0,0.0,100.0,100.0,0.0,100.0,100.0,2025-08-16 10:05:01
KAN,2019,2020,100.0,0.0,0.0,0.0,100.0,100.0,50.0,50.0,66.67,0.0,100.0,100.0,40.0,60.0,60.0,50.0,50.0,50.0,100.0,0.0,0.0,100.0,0.0,0.0,50.0,50.0,50.0,2025-08-16 10:05:01
KAN,2020,2021,100.0,0.0,0.0,100.0,0.0,0.0,33.33,66.67,66.67,0.0,100.0,100.0,0.0,100.0,100.0,50.0,50.0,50.0,0.0,100.0,100.0,50.0,50.0,50.0,50.0,50.0,50.0,2025-08-16 10:05:01
KAN,2021,2022,0.0,100.0,100.0,0.0,100.0,100.0,0.0,100.0,100.0,0.0,100.0,100.0,40.0,60.0,60.0,0.0,100.0,100.0,0.0,100.0,100.0,50.0,50.0,50.0,50.0,50.0,50.0,2025-08-16 10:05:01
KAN,2022,2023,0.0,100.0,100.0,100.0,0.0,0.0,50.0,50.0,50.0,0.0,100.0,100.0,40.0,60.0,60.0,50.0,50.0,50.0,0.0,100.0,100.0,50.0,50.0,50.0,50.0,50.0,50.0,2025-08-16 10:05:01
KAN,2023,2024,0.0,100.0,100.0,0.0,100.0,100.0,0.0,100.0,100.0,100.0,0.0,0.0,40.0,60.0,60.0,100.0,0.0,0.0,0.0,100.0,100.0,0.0,100.0,100.0,100.0,0.0,0.0,2025-08-16 10:05:01
MIA,2010,2011,0.0,100.0,100.0,0.0,100.0,100.0,50.0,50.0,50.0,100.0,0.0,0.0,40.0,60.0,60.0,33.33,66.67,66.67,50.0,50.0,50.0,100.0,0.0,0.0,50.0,50.0,50.0,2025-08-16 10:04:59
MIA,2011,2012,0.0,100.0,100.0,100.0,0.0,0.0,50.0,50.0,50.0,100.0,0.0,0.0,20.0,80.0,80.0,0.0,100.0,100.0,25.0,75.0,0.0,50.0,50.0,50.0,50.0,50.0,50.0,2025-08-16 10:04:59
MIA,2012,2013,100.0,0.0,0.0,0.0,100.0,100.0,50.0,50.0,50.0,0.0,100.0,100.0,20.0,80.0,80.0,0.0,100.0,100.0,0.0,100.0,100.0,50.0,50.0,50.0,100.0,0.0,0.0,2025-08-16 10:04:59
MIA,2013,2014,100.0,0.0,0.0,100.0,0.0,0.0,100.0,0.0,33.33,50.0,50.0,0.0,20.0,80.0,80.0,100.0,0.0,0.0,0.0,100.0,100.0,50.0,50.0,66.67,50.0,50.0,50.0,2025-08-16 10:04:59
MIA,2014,2015,100.0,0.0,0.0,100.0,0.0,0.0,0.0,100.0,100.0,0.0,100.0,100.0,20.0,80.0,80.0,50.0,50.0,50.0,0.0,100.0,100.0,33.33,66.67,50.0,0.0,100.0,100.0,2025-08-16 10:04:59
MIA,2015,2016,100.0,0.0,0.0,0.0,100.0,100.0,66.67,33.33,0.0,0.0,100.0,100.0,0.0,100.0,100.0,0.0,100.0,100.0,0.0,100.0,100.0,0.0,100.0,100.0,0.0,100.0,100.0,2025-08-16 10:04:59
MIA,2016,2017,0.0,100.0,100.0,0.0,100.0,100.0,100.0,0.0,33.33,0.0,100.0,100.0,60.0,40.0,40.0,50.0,50.0,50.0,100.0,0.0,50.0,0.0,100.0,100.0,0.0,100.0,100.0,2025-08-16 10:04:59
MIA,2017,2018,0.0,100.0,100.0,0.0,100.0,100.0,66.67,33.33,33.33,0.0,100.0,100.0,60.0,40.0,40.0,50.0,50.0,50.0,0.0,100.0,100.0,0.0,100.0,100.0,50.0,50.0,50.0,2025-08-16 10:04:59
MIA,2018,2019,0.0,100.0,100.0,0.0,100.0,100.0,33.33,66.67,66.67,0.0,100.0,100.0,20.0,80.0,80.0,0.0,100.0,100.0,100.0,0.0,75.0,0.0,100.0,100.0,0.0,100.0,100.0,2025-08-16 10:04:59
MIA,2019,2020,0.0,100.0,100.0,0.0,100.0,100.0,66.67,33.33,0.0,100.0,0.0,50.0,0.0,100.0,100.0,33.33,66.67,66.67,25.0,75.0,75.0,0.0,100.0,100.0,100.0,0.0,0.0,2025-08-16 10:04:59
MIA,2020,2021,100.0,0.0,0.0,100.0,0.0,0.0,50.0,50.0,50.0,100.0,0.0,0.0,40.0,60.0,60.0,66.67,33.33,0.0,25.0,75.0,0.0,50.0,50.0,50.0,0.0,100.0,100.0,2025-08-16 10:04:59
MIA,2021,2022,100.0,0.0,0.0,0.0,100.0,100.0,50.0,50.0,50.0,50.0,50.0,0.0,40.0,60.0,60.0,50.0,50.0,66.67,100.0,0.0,75.0,50.0,50.0,50.0,100.0,0.0,0.0,2025-08-16 10:04:59
MIA,2022,2023,0.0,100.0,100.0,0.0,100.0,100.0,100.0,0.0,0.0,100.0,0.0,0.0,60.0,40.0,40.0,100.0,0.0,0.0,25.0,75.0,75.0,50.0,50.0,50.0,50.0,50.0,50.0,2025-08-16 10:04:59
MIA,2023,2024,0.0,100.0,100.0,0.0,100.0,100.0,50.0,50.0,50.0,0.0,100.0,100.0,20.0,80.0,80.0,33.33,66.67,66.67,25.0,75.0,75.0,0.0,100.0,100.0,50.0,50.0,50.0,2025-08-16 10:04:59
MIN,2010,2011,0.0,100.0,100.0,0.0,100.0,100.0,50.0,50.0,50.0,100.0,0.0,50.0,80.0,20.0,20.0,0.0,100.0,100.0,0.0,100.0,100.0,50.0,50.0,50.0,50.0,50.0,50.0,2025-08-16 10:04:59
MIN,2011,2012,100.0,0.0,0.0,0.0,100.0,100.0,50.0,50.0,50.0,0.0,100.0,100.0,60.0,40.0,40.0,50.0,50.0,50.0,0.0,100.0,100.0,0.0,100.0,100.0,50.0,50.0,50.0,2025-08-16 10:04:59
MIN,2012,2013,100.0,0.0,0.0,0.0,100.0,100.0,50.0,50.0,50.0,0.0,100.0,100.0,80.0,20.0,20.0,50.0,50.0,50.0,0.0,100.0,100.0,50.0,50.0,50.0,50.0,50.0,50.0,2025-08-16 10:04:59
MIN,2013,2014,0.0,100.0,100.0,0.0,100.0,100.0,50.0,50.0,50.0,100.0,0.0,50.0,80.0,20.0,20.0,50.0,50.0,50.0,0.0,100.0,100.0,0.0,100.0,100.0,0.0,100.0,100.0,2025-08-16 10:04:59
MIN,2014,2015,0.0,100.0,100.0,0.0,100.0,100.0,0.0,100.0,100.0,100.0,0.0,0.0,40.0,60.0,60.0,50.0,50.0,50.0,0.0,100.0,100.0,50.0,50.0,50.0,0.0,100.0,100.0,2025-08-16 10:04:59
MIN,2015,2016,0.0,100.0,100.0,0.0,100.0,100.0,50.0,50.0,66.67,50.0,50.0,0.0,60.0,40.0,40.0,100.0,0.0,0.0,100.0,0.0,0.0,50.0,50.0,50.0,100.0,0.0,0.0,2025-08-16 10:04:59
MIN,2016,2017,0.0,100.0,100.0,0.0,100.0,100.0,33.33,66.67,66.67,0.0,100.0,100.0,20.0,80.0,80.0,50.0,50.0,50.0,100.0,0.0,0.0,50.0,50.0,66.67,50.0,50.0,50.0,2025-08-16 10:04:59
MIN,2017,2018,0.0,100.0,100.0,0.0,100.0,100.0,100.0,0.0,0.0,0.0,100.0,100.0,60.0,40.0,40.0,0.0,100.0,100.0,100.0,0.0,0.0,33.33,66.67,50.0,0.0,100.0,100.0,2025-08-16 10:04:59
MIN,2018,2019,0.0,100.0,100.0,0.0,100.0,100.0,33.33,66.67,50.0,100.0,0.0,0.0,60.0,40.0,40.0,50.0,50.0,50.0,0.0,100.0,100.0,50.0,50.0,50.0,100.0,0.0,0.0,2025-08-16 10:04:59
MIN,2019,2020,0.0,100.0,100.0,50.0,50.0,50.0,50.0,50.0,50.0,100.0,0.0,0.0,60.0,40.0,40.0,0.0,100.0,100.0,0.0,100.0,100.0,0.0,100.0,100.0,50.0,50.0,50.0,2025-08-16 10:04:59
MIN,2020,2021,0.0,100.0,100.0,100.0,0.0,0.0,100.0,0.0,0.0,0.0,100.0,100.0,40.0,60.0,60.0,0.0,100.0,100.0,100.0,0.0,0.0,0.0,100.0,100.0,0.0,100.0,100.0,2025-08-16 10:04:59
MIN,2021,2022,100.0,0.0,0.0,50.0,50.0,0.0,50.0,50.0,66.67,0.0,100.0,100.0,60.0,40.0,40.0,0.0,100.0,100.0,100.0,0.0,75.0,50.0,50.0,50.0,0.0,100.0,100.0,2025-08-16 10:04:59
MIN,2022,2023,0.0,100.0,100.0,0.0,100.0,100.0,33.33,66.67,66.67,0.0,100.0,100.0,80.0,20.0,20.0,66.67,33.33,0.0,50.0,50.0,50.0,0.0,100.0,100.0,100.0,0.0,0.0,2025-08-16 10:04:59
MIN,2023,2024,0.0,100.0,100.0,0.0,100.0,100.0,33.33,66.67,50.0,100.0,0.0,50.0,40.0,60.0,60.0,100.0,0.0,33.33,25.0,75.0,66.67,0.0,100.0,100.0,100.0,0.0,0.0,2025-08-16 10:04:59
NOR,2010,2011,100.0,0.0,0.0,0.0,100.0,100.0,50.0,50.0,50.0,0.0,100.0,100.0,20.0,80.0,80.0,0.0,100.0,100.0,0.0,100.0,100.0,100.0,0.0,0.0,50.0,50.0,50.0,2025-08-16 10:04:57
NOR,2011,2012,100.0,0.0,0.0,0.0,100.0,100.0,50.0,50.0,66.67,0.0,100.0,100.0,80.0,20.0,20.0,33.33,66.67,50.0,0.0,100.0,100.0,50.0,50.0,50.0,100.0,0.0,0.0,2025-08-16 10:04:57
NOR,2012,2013,100.0,0.0,0.0,0.0,100.0,100.0,33.33,66.67,50.0,0.0,100.0,100.0,40.0,60.0,60.0,0.0,100.0,100.0,100.0,0.0,75.0,50.0,50.0,50.0,50.0,50.0,50.0,2025-08-16 10:04:57
NOR,2013,2014,100.0,0.0,0.0,0.0,100.0,100.0,50.0,50.0,50.0,0.0,100.0,100.0,40.0,60.0,60.0,66.67,33.33,33.33,100.0,0.0,0.0,50.0,50.0,50.0,50.0,50.0,50.0,2025-08-16 10:04:57
NOR,2014,2015,0.0,100.0,100.0,0.0,100.0,100.0,50.0,50.0,50.0,50.0,50.0,50.0,40.0,60.0,60.0,0.0,100.0,100.0,0.0,100.0,100.0,0.0,100.0,100.0,50.0,50.0,50.0,2025-08-16 10:04:57
NOR,2015,2016,0.0,100.0,100.0,100.0,0.0,0.0,100.0,0.0,33.33,0.0,100.0,100.0,80.0,20.0,20.0,0.0,100.0,100.0,0.0,100.0,100.0,50.0,50.0,66.67,100.0,0.0,0.0,2025-08-16 10:04:57
NOR,2016,2017,100.0,0.0,0.0,0.0,100.0,100.0,33.33,66.67,66.67,100.0,0.0,0.0,60.0,40.0,40.0,0.0,100.0,100.0,0.0,100.0,100.0,0.0,100.0,100.0,50.0,50.0,50.0,2025-08-16 10:04:57
NOR,2017,2018,100.0,0.0,0.0,0.0,100.0,100.0,0.0,100.0,100.0,100.0,0.0,0.0,40.0,60.0,60.0,50.0,50.0,50.0,0.0,100.0,100.0,0.0,100.0,100.0,50.0,50.0,50.0,2025-08-16 10:04:57
NOR,2018,2019,100.0,0.0,0.0,50.0,50.0,0.0,100.0,0.0,33.33,100.0,0.0,0.0,60.0,40.0,40.0,50.0,50.0,50.0,0.0,100.0,0.0,50.0,50.0,66.67,50.0,50.0,50.0,2025-08-16 10:04:57
NOR,2019,2020,0.0,100.0,100.0,100.0,0.0,50.0,33.33,66.67,50.0,0.0,100.0,100.0,60.0,40.0,40.0,50.0,50.0,50.0,0.0,0.0,100.0,33.33,66.67,66.67,50.0,50.0,50.0,2025-08-16 10:04:57
NOR,2020,2021,0.0,100.0,100.0,50.0,50.0,0.0,50.0,50.0,50.0,0.0,100.0,100.0,60.0,40.0,40.0,50.0,50.0,50.0,100.0,0.0,0.0,33.33,66.67,50.0,100.0,0.0,0.0,2025-08-16 10:04:57
NOR,2021,2022,0.0,100.0,100.0,0.0,100.0,100.0,0.0,100.0,100.0,50.0,50.0,66.67,60.0,40.0,40.0,100.0,0.0,0.0,0.0,100.0,100.0,50.0,50.0,50.0,0.0,100.0,100.0,2025-08-16 10:04:57
NOR,2022,2023,0.0,100.0,100.0,100.0,0.0,0.0,100.0,0.0,50.0,33.33,66.67,50.0,80.0,20.0,20.0,0.0,100.0,100.0,100.0,0.0,0.0,50.0,50.0,66.67,100.0,0.0,0.0,2025-08-16 10:04:57
NOR,2023,2024,100.0,0.0,0.0,100.0,0.0,0.0,50.0,50.0,0.0,100.0,0.0,33.33,40.0,60.0,60.0,100.0,0.0,0.0,0.0,100.0,100.0,33.33,66.67,50.0,50.0,50.0,50.0,2025-08-16 10:04:57
NWE,2010,2011,0.0,100.0,100.0,100.0,0.0,0.0,0.0,100.0,100.0,0.0,100.0,100.0,0.0,100.0,100.0,0.0,100.0,100.0,0.0,100.0,100.0,50.0,50.0,50.0,50.0,50.0,50.0,2025-08-16 10:05:02
NWE,2011,2012,100.0,0.0,0.0,0.0,100.0,100.0,0.0,100.0,100.0,50.0,50.0,50.0,60.0,40.0,40.0,0.0,100.0,100.0,0.0,100.0,100.0,100.0,0.0,0.0,50.0,50.0,50.0,2025-08-16 10:05:02
NWE,2012,2013,100.0,0.0,0.0,0.0,100.0,100.0,0.0,100.0,100.0,0.0,100.0,100.0,100.0,0.0,0.0,100.0,0.0,0.0,100.0,0.0,0.0,0.0,100.0,100.0,50.0,50.0,50.0,2025-08-16 10:05:02
NWE,2013,2014,100.0,0.0,0.0,0.0,100.0,100.0,50.0,50.0,50.0,50.0,50.0,50.0,80.0,20.0,20.0,100.0,0.0,0.0,0.0,100.0,100.0,0.0,100.0,100.0,50.0,50.0,50.0,2025-08-16 10:05:02
NWE,2014,2015,100.0,0.0,0.0,0.0,100.0,100.0,50.0,50.0,50.0,50.0,50.0,50.0,20.0,80.0,80.0,50.0,50.0,50.0,100.0,0.0,0.0,0.0,100.0,100.0,100.0,0.0,0.0,2025-08-16 10:05:02
NWE,2015,2016,100.0,0.0,0.0,0.0,100.0,100.0,50.0,50.0,50.0,0.0,100.0,100.0,60.0,40.0,40.0,0.0,100.0,100.0,0.0,100.0,100.0,50.0,50.0,50.0,50.0,50.0,50.0,2025-08-16 10:05:02
NWE,2016,2017,0.0,100.0,100.0,0.0,100.0,100.0,50.0,50.0,50.0,0.0,100.0,100.0,100.0,0.0,0.0,0.0,100.0,100.0,0.0,100.0,100.0,50.0,50.0,50.0,50.0,50.0,50.0,2025-08-16 10:05:02
NWE,2017,2018,0.0,100.0,100.0,0.0,100.0,100.0,0.0,100.0,100.0,0.0,100.0,100.0,80.0,20.0,20.0,50.0,50.0,50.0,0.0,100.0,100.0,0.0,100.0,100.0,100.0,0.0,0.0,2025-08-16 10:05:02
NWE,2018,2019,0.0,100.0,100.0,50.0,50.0,50.0,100.0,0.0,0.0,0.0,100.0,100.0,60.0,40.0,40.0,0.0,100.0,100.0,0.0,100.0,100.0,100.0,0.0,33.33,100.0,0.0,0.0,2025-08-16 10:05:02
NWE,2019,2020,0.0,100.0,100.0,50.0,50.0,50.0,0.0,100.0,100.0,0.0,100.0,100.0,60.0,40.0,40.0,50.0,50.0,50.0,0.0,100.0,100.0,66.67,33.33,33.33,50.0,50.0,50.0,2025-08-16 10:05:02
NWE,2020,2021,0.0,100.0,100.0,100.0,0.0,0.0,0.0,100.0,100.0,0.0,100.0,100.0,60.0,40.0,40.0,50.0,50.0,66.67,0.0,100.0,100.0,0.0,100.0,100.0,100.0,0.0,0.0,2025-08-16 10:05:02
NWE,2021,2022,0.0,100.0,100.0,50.0,50.0,0.0,50.0,50.0,50.0,0.0,100.0,100.0,60.0,40.0,40.0,100.0,0.0,0.0,66.67,33.33,50.0,33.33,66.67,50.0,50.0,50.0,50.0,2025-08-16 10:05:02
NWE,2022,2023,100.0,0.0,0.0,0.0,100.0,100.0,50.0,50.0,50.0,0.0,100.0,100.0,80.0,20.0,20.0,100.0,0.0,0.0,50.0,50.0,33.33,100.0,0.0,33.33,50.0,50.0,50.0,2025-08-16 10:05:02
NWE,2023,2024,0.0,100.0,100.0,100.0,0.0,0.0,50.0,50.0,50.0,0.0,100.0,100.0,20.0,80.0,80.0,33.33,66.67,66.67,66.67,33.33,33.33,33.33,66.67,66.67,50.0,50.0,50.0,2025-08-16 10:05:02
NYG,2010,2011,0.0,100.0,100.0,100.0,0.0,0.0,100.0,0.0,0.0,50.0,50.0,50.0,40.0,60.0,60.0,0.0,100.0,100.0,0.0,100.0,100.0,50.0,50.0,66.67,50.0,50.0,50.0,2025-08-16 10:04:58
NYG,2011,2012,100.0,0.0,0.0,100.0,0.0,50.0,50.0,50.0,50.0,0.0,100.0,100.0,60.0,40.0,40.0,50.0,50.0,50.0,0.0,100.0,100.0,33.33,66.67,50.0,50.0,50.0,50.0,2025-08-16 10:04:58
NYG,2012,2013,0.0,100.0,100.0,0.0,100.0,100.0,50.0,50.0,50.0,0.0,100.0,100.0,60.0,40.0,40.0,50.0,50.0,50.0,0.0,100.0,100.0,50.0,50.0,50.0,0.0,100.0,100.0,2025-08-16 10:04:58
NYG,2013,2014,100.0,0.0,0.0,0.0,100.0,100.0,0.0,100.0,100.0,0.0,100.0,100.0,40.0,60.0,60.0,50.0,50.0,50.0,0.0,100.0,100.0,50.0,50.0,50.0,0.0,100.0,100.0,2025-08-16 10:04:58
NYG,2014,2015,0.0,100.0,100.0,100.0,0.0,0.0,100.0,0.0,0.0,50.0,50.0,50.0,40.0,60.0,60.0,50.0,50.0,50.0,0.0,100.0,100.0,50.0,50.0,50.0,0.0,100.0,100.0,2025-08-16 10:04:58
NYG,2015,2016,0.0,100.0,100.0,100.0,0.0,0.0,50.0,50.0,66.67,50.0,50.0,0.0,60.0,40.0,40.0,50.0,50.0,50.0,0.0,100.0,100.0,0.0,100.0,100.0,0.0,100.0,100.0,2025-08-16 10:04:59
NYG,2016,2017,100.0,0.0,0.0,0.0,100.0,100.0,33.33,66.67,50.0,0.0,100.0,100.0,60.0,40.0,40.0,100.0,0.0,0.0,0.0,100.0,100.0,0.0,100.0,100.0,0.0,100.0,100.0,2025-08-16 10:04:59
NYG,2017,2018,100.0,0.0,0.0,0.0,100.0,100.0,50.0,50.0,50.0,100.0,0.0,0.0,0.0,100.0,100.0,0.0,100.0,100.0,100.0,0.0,75.0,50.0,50.0,50.0,50.0,50.0,50.0,2025-08-16 10:04:59
NYG,2018,2019,0.0,100.0,100.0,0.0,100.0,100.0,50.0,50.0,66.67,50.0,50.0,0.0,40.0,60.0,60.0,66.67,33.33,33.33,25.0,75.0,75.0,50.0,50.0,50.0,0.0,100.0,100.0,2025-08-16 10:04:59
NYG,2019,2020,100.0,0.0,0.0,0.0,100.0,100.0,66.67,33.33,0.0,0.0,100.0,100.0,20.0,80.0,80.0,66.67,33.33,33.33,25.0,75.0,75.0,0.0,100.0,100.0,50.0,50.0,50.0,2025-08-16 10:04:59
NYG,2020,2021,100.0,0.0,0.0,0.0,100.0,100.0,50.0,50.0,50.0,0.0,100.0,100.0,20.0,80.0,80.0,66.67,33.33,33.33,50.0,50.0,50.0,0.0,100.0,100.0,50.0,50.0,50.0,2025-08-16 10:04:59
NYG,2021,2022,100.0,0.0,0.0,0.0,100.0,100.0,0.0,100.0,100.0,0.0,100.0,100.0,20.0,80.0,80.0,33.33,66.67,75.0,25.0,75.0,66.67,50.0,50.0,50.0,50.0,50.0,50.0,2025-08-16 10:04:59
NYG,2022,2023,100.0,0.0,0.0,0.0,100.0,100.0,50.0,50.0,66.67,100.0,0.0,50.0,40.0,60.0,60.0,50.0,50.0,33.33,33.33,66.67,75.0,50.0,50.0,50.0,50.0,50.0,50.0,2025-08-16 10:04:59
NYG,2023,2024,100.0,0.0,0.0,0.0,100.0,100.0,33.33,66.67,50.0,0.0,100.0,100.0,40.0,60.0,60.0,0.0,100.0,100.0,75.0,25.0,25.0,50.0,50.0,66.67,50.0,50.0,50.0,2025-08-16 10:04:59
NYJ,2010,2011,100.0,0.0,0.0,0.0,100.0,100.0,50.0,50.0,50.0,100.0,0.0,50.0,40.0,60.0,60.0,66.67,33.33,33.33,75.0,25.0,0.0,100.0,0.0,33.33,50.0,50.0,50.0,2025-08-16 10:05:03
NYJ,2011,2012,100.0,0.0,0.0,100.0,0.0,50.0,0.0,100.0,100.0,0.0,100.0,100.0,20.0,80.0,80.0,100.0,0.0,0.0,100.0,0.0,25.0,33.33,66.67,50.0,0.0,100.0,100.0,2025-08-16 10:05:03
NYJ,2012,2013,0.0,100.0,100.0,0.0,100.0,100.0,100.0,0.0,33.33,100.0,0.0,0.0,40.0,60.0,60.0,33.33,66.67,66.67,50.0,50.0,50.0,50.0,50.0,50.0,0.0,100.0,100.0,2025-08-16 10:05:03
NYJ,2013,2014,100.0,0.0,0.0,0.0,100.0,100.0,33.33,66.67,66.67,100.0,0.0,0.0,60.0,40.0,40.0,66.67,33.33,33.33,100.0,0.0,0.0,0.0,100.0,100.0,50.0,50.0,50.0,2025-08-16 10:05:03
NYJ,2014,2015,0.0,100.0,100.0,0.0,100.0,100.0,33.33,66.67,50.0,100.0,0.0,50.0,60.0,40.0,40.0,33.33,66.67,66.67,75.0,25.0,25.0,0.0,100.0,100.0,50.0,50.0,50.0,2025-08-16 10:05:03
NYJ,2015,2016,100.0,0.0,0.0,0.0,100.0,100.0,0.0,100.0,100.0,50.0,50.0,0.0,40.0,60.0,60.0,0.0,100.0,100.0,50.0,50.0,50.0,0.0,100.0,100.0,100.0,0.0,0.0,2025-08-16 10:05:03
NYJ,2016,2017,0.0,100.0,100.0,0.0,100.0,100.0,33.33,66.67,50.0,0.0,100.0,100.0,40.0,60.0,60.0,66.67,33.33,33.33,50.0,50.0,50.0,50.0,50.0,50.0,0.0,100.0,100.0,2025-08-16 10:05:03
NYJ,2017,2018,0.0,100.0,100.0,100.0,0.0,0.0,50.0,50.0,50.0,50.0,50.0,50.0,80.0,20.0,20.0,66.67,33.33,33.33,50.0,50.0,50.0,50.0,50.0,50.0,50.0,50.0,50.0,2025-08-16 10:05:03
NYJ,2018,2019,100.0,0.0,0.0,0.0,100.0,100.0,50.0,50.0,66.67,0.0,100.0,100.0,60.0,40.0,40.0,0.0,100.0,100.0,0.0,100.0,100.0,0.0,100.0,100.0,50.0,50.0,50.0,2025-08-16 10:05:03
NYJ,2019,2020,100.0,0.0,0.0,0.0,100.0,100.0,33.33,66.67,66.67,0.0,100.0,100.0,20.0,80.0,80.0,100.0,0.0,66.67,0.0,100.0,100.0,0.0,100.0,100.0,50.0,50.0,50.0,2025-08-16 10:05:03
NYJ,2020,2021,0.0,100.0,100.0,0.0,100.0,100.0,0.0,100.0,100.0,0.0,100.0,100.0,60.0,40.0,40.0,0.0,100.0,100.0,0.0,100.0,100.0,50.0,50.0,66.67,50.0,50.0,50.0,2025-08-16 10:05:03
NYJ,2021,2022,100.0,0.0,0.0,100.0,0.0,0.0,50.0,50.0,50.0,0.0,100.0,100.0,20.0,80.0,80.0,50.0,50.0,66.67,100.0,0.0,75.0,0.0,100.0,100.0,0.0,100.0,100.0,2025-08-16 10:05:03
NYJ,2022,2023,100.0,0.0,0.0,0.0,100.0,100.0,50.0,50.0,50.0,100.0,0.0,0.0,20.0,80.0,80.0,33.33,66.67,66.67,0.0,100.0,100.0,100.0,0.0,33.33,50.0,50.0,50.0,2025-08-16 10:05:03
NYJ,2023,2024,0.0,100.0,100.0,100.0,0.0,0.0,50.0,50.0,50.0,50.0,50.0,50.0,20.0,80.0,80.0,33.33,66.67,50.0,0.0,100.0,100.0,33.33,66.67,50.0,50.0,50.0,50.0,2025-08-16 10:05:03
OTI,2010,2011,0.0,100.0,100.0,0.0,100.0,100.0,50.0,50.0,50.0,50.0,50.0,0.0,100.0,0.0,0.0,0.0,100.0,100.0,0.0,100.0,100.0,50.0,50.0,50.0,0.0,100.0,100.0,2025-08-16 10:05:03
OTI,2011,2012,0.0,100.0,100.0,50.0,50.0,50.0,50.0,50.0,50.0,100.0,0.0,0.0,60.0,40.0,40.0,50.0,50.0,50.0,0.0,100.0,100.0,50.0,50.0,50.0,100.0,0.0,0.0,2025-08-16 10:05:03
OTI,2012,2013,0.0,100.0,100.0,50.0,50.0,0.0,50.0,50.0,50.0,100.0,0.0,50.0,40.0,60.0,60.0,50.0,50.0,50.0,0.0,100.0,100.0,50.0,50.0,50.0,50.0,50.0,50.0,2025-08-16 10:05:03
OTI,2013,2014,0.0,100.0,100.0,0.0,100.0,100.0,100.0,0.0,33.33,50.0,50.0,0.0,60.0,40.0,40.0,50.0,50.0,66.67,0.0,100.0,100.0,50.0,50.0,50.0,50.0,50.0,50.0,2025-08-16 10:05:03
OTI,2014,2015,0.0,100.0,100.0,0.0,100.0,100.0,0.0,100.0,100.0,0.0,100.0,100.0,40.0,60.0,60.0,0.0,100.0,100.0,75.0,25.0,25.0,0.0,100.0,100.0,50.0,50.0,50.0,2025-08-16 10:05:03
OTI,2015,2016,100.0,0.0,0.0,0.0,100.0,100.0,0.0,100.0,100.0,33.33,66.67,0.0,20.0,80.0,80.0,100.0,0.0,0.0,75.0,25.0,25.0,50.0,50.0,50.0,50.0,50.0,50.0,2025-08-16 10:05:03
OTI,2016,2017,100.0,0.0,0.0,0.0,100.0,100.0,50.0,50.0,50.0,100.0,0.0,50.0,80.0,20.0,20.0,66.67,33.33,33.33,75.0,25.0,25.0,0.0,100.0,100.0,0.0,100.0,100.0,2025-08-16 10:05:03
OTI,2017,2018,100.0,0.0,0.0,0.0,100.0,100.0,50.0,50.0,50.0,50.0,50.0,50.0,100.0,0.0,0.0,66.67,33.33,33.33,75.0,25.0,25.0,100.0,0.0,0.0,0.0,100.0,100.0,2025-08-16 10:05:03
OTI,2018,2019,0.0,100.0,100.0,0.0,100.0,100.0,50.0,50.0,50.0,50.0,50.0,66.67,40.0,60.0,60.0,66.67,33.33,33.33,25.0,75.0,75.0,100.0,0.0,0.0,50.0,50.0,0.0,2025-08-16 10:05:03
OTI,2019,2020,0.0,100.0,100.0,0.0,100.0,100.0,0.0,100.0,100.0,33.33,66.67,0.0,60.0,40.0,40.0,66.67,33.33,33.33,75.0,25.0,25.0,0.0,100.0,100.0,100.0,0.0,50.0,2025-08-16 10:05:03
OTI,2020,2021,100.0,0.0,0.0,0.0,100.0,100.0,0.0,100.0,100.0,0.0,100.0,100.0,60.0,40.0,40.0,0.0,100.0,100.0,25.0,75.0,75.0,0.0,100.0,100.0,0.0,100.0,100.0,2025-08-16 10:05:03
OTI,2021,2022,100.0,0.0,0.0,0.0,100.0,100.0,0.0,100.0,100.0,100.0,0.0,50.0,20.0,80.0,80.0,66.67,33.33,33.33,50.0,50.0,50.0,50.0,50.0,50.0,0.0,100.0,100.0,2025-08-16 10:05:03
OTI,2022,2023,0.0,100.0,100.0,100.0,0.0,0.0,0.0,100.0,100.0,50.0,50.0,50.0,20.0,80.0,80.0,0.0,100.0,100.0,0.0,100.0,100.0,0.0,100.0,100.0,0.0,100.0,100.0,2025-08-16 10:05:03
OTI,2023,2024,100.0,0.0,0.0,0.0,100.0,100.0,0.0,100.0,100.0,0.0,100.0,100.0,40.0,60.0,60.0,0.0,100.0,100.0,33.33,66.67,75.0,0.0,100.0,100.0,50.0,50.0,50.0,2025-08-16 10:05:03
PHI,2010,2011,0.0,100.0,100.0,0.0,100.0,100.0,50.0,50.0,66.67,50.0,50.0,0.0,20.0,80.0,80.0,50.0,50.0,50.0,0.0,100.0,100.0,0.0,100.0,100.0,50.0,50.0,50.0,2025-08-16 10:05:00
PHI,2011,2012,100.0,0.0,0.0,0.0,100.0,100.0,66.67,33.33,0.0,100.0,0.0,50.0,40.0,60.0,60.0,50.0,50.0,50.0,0.0,100.0,100.0,50.0,50.0,50.0,100.0,0.0,0.0,2025-08-16 10:05:00
PHI,2012,2013,0.0,100.0,100.0,0.0,100.0,100.0,0.0,100.0,100.0,50.0,50.0,0.0,20.0,80.0,80.0,0.0,100.0,100.0,100.0,0.0,75.0,0.0,100.0,100.0,50.0,50.0,50.0,2025-08-16 10:05:00
PHI,2013,2014,0.0,100.0,100.0,0.0,100.0,100.0,33.33,66.67,66.67,100.0,0.0,0.0,40.0,60.0,60.0,100.0,0.0,0.0,50.0,50.0,50.0,100.0,0.0,0.0,50.0,50.0,50.0,2025-08-16 10:05:00
PHI,2014,2015,0.0,100.0,100.0,0.0,100.0,100.0,66.67,33.33,33.33,100.0,0.0,0.0,40.0,60.0,60.0,66.67,33.33,33.33,25.0,75.0,75.0,0.0,100.0,100.0,0.0,100.0,100.0,2025-08-16 10:05:00
PHI,2015,2016,0.0,100.0,100.0,0.0,100.0,100.0,66.67,33.33,0.0,100.0,0.0,50.0,40.0,60.0,60.0,0.0,100.0,100.0,0.0,100.0,100.0,50.0,50.0,50.0,0.0,100.0,100.0,2025-08-16 10:05:00
PHI,2016,2017,0.0,100.0,100.0,0.0,100.0,100.0,50.0,50.0,66.67,0.0,100.0,100.0,20.0,80.0,80.0,50.0,50.0,50.0,100.0,0.0,0.0,0.0,100.0,100.0,50.0,50.0,50.0,2025-08-16 10:05:00
PHI,2017,2018,0.0,100.0,100.0,0.0,100.0,100.0,66.67,33.33,0.0,100.0,0.0,50.0,40.0,60.0,60.0,50.0,50.0,50.0,100.0,0.0,0.0,100.0,0.0,0.0,50.0,50.0,50.0,2025-08-16 10:05:00
PHI,2018,2019,100.0,0.0,0.0,0.0,100.0,100.0,100.0,0.0,0.0,100.0,0.0,0.0,80.0,20.0,20.0,50.0,50.0,50.0,0.0,100.0,100.0,100.0,0.0,0.0,0.0,100.0,100.0,2025-08-16 10:05:00
PHI,2019,2020,100.0,0.0,0.0,100.0,0.0,0.0,0.0,100.0,100.0,50.0,50.0,50.0,20.0,80.0,80.0,50.0,50.0,50.0,0.0,100.0,100.0,0.0,100.0,100.0,50.0,50.0,50.0,2025-08-16 10:05:00
PHI,2020,2021,0.0,100.0,100.0,100.0,0.0,0.0,50.0,50.0,66.67,50.0,50.0,0.0,40.0,60.0,60.0,50.0,50.0,50.0,100.0,0.0,0.0,0.0,100.0,100.0,50.0,50.0,50.0,2025-08-16 10:05:00
PHI,2021,2022,0.0,100.0,100.0,0.0,100.0,100.0,33.33,66.67,50.0,100.0,0.0,50.0,40.0,60.0,60.0,0.0,100.0,100.0,0.0,100.0,0.0,50.0,50.0,66.67,0.0,100.0,100.0,2025-08-16 10:05:00
PHI,2022,2023,100.0,0.0,0.0,0.0,100.0,100.0,100.0,0.0,0.0,100.0,0.0,0.0,60.0,40.0,40.0,50.0,50.0,50.0,0.0,0.0,100.0,66.67,33.33,0.0,0.0,100.0,100.0,2025-08-16 10:05:00
PHI,2023,2024,0.0,100.0,100.0,0.0,100.0,100.0,50.0,50.0,50.0,50.0,50.0,50.0,60.0,40.0,40.0,0.0,100.0,0.0,0.0,100.0,100.0,0.0,100.0,100.0,50.0,50.0,50.0,2025-08-16 10:05:00
PIT,2010,2011,0.0,100.0,100.0,100.0,0.0,0.0,50.0,50.0,50.0,50.0,50.0,50.0,20.0,80.0,80.0,66.67,33.33,33.33,75.0,25.0,25.0,50.0,50.0,50.0,50.0,50.0,50.0,2025-08-16 10:05:02
PIT,2011,2012,0.0,100.0,100.0,0.0,100.0,100.0,0.0,100.0,100.0,0.0,100.0,100.0,40.0,60.0,60.0,100.0,0.0,0.0,50.0,50.0,50.0,50.0,50.0,50.0,0.0,100.0,100.0,2025-08-16 10:05:02
PIT,2012,2013,100.0,0.0,0.0,0.0,100.0,100.0,0.0,100.0,100.0,0.0,100.0,100.0,20.0,80.0,80.0,33.33,66.67,66.67,50.0,50.0,50.0,50.0,50.0,50.0,50.0,50.0,50.0,2025-08-16 10:05:02
PIT,2013,2014,0.0,100.0,100.0,0.0,100.0,100.0,0.0,100.0,100.0,100.0,0.0,50.0,80.0,20.0,20.0,66.67,33.33,33.33,25.0,75.0,75.0,50.0,50.0,50.0,0.0,100.0,100.0,2025-08-16 10:05:02
PIT,2014,2015,100.0,0.0,0.0,0.0,100.0,100.0,100.0,0.0,0.0,100.0,0.0,0.0,40.0,60.0,60.0,66.67,33.33,33.33,25.0,75.0,75.0,50.0,50.0,50.0,50.0,50.0,50.0,2025-08-16 10:05:02
PIT,2015,2016,100.0,0.0,0.0,0.0,100.0,100.0,50.0,50.0,66.67,0.0,100.0,100.0,60.0,40.0,40.0,66.67,33.33,33.33,25.0,75.0,75.0,50.0,50.0,50.0,50.0,50.0,50.0,2025-08-16 10:05:02
PIT,2016,2017,100.0,0.0,0.0,0.0,100.0,100.0,33.33,66.67,50.0,100.0,0.0,50.0,40.0,60.0,60.0,66.67,33.33,33.33,25.0,75.0,75.0,0.0,100.0,100.0,100.0,0.0,0.0,2025-08-16 10:05:02
PIT,2017,2018,0.0,100.0,100.0,0.0,100.0,100.0,0.0,100.0,100.0,100.0,0.0,0.0,60.0,40.0,40.0,66.67,33.33,33.33,50.0,50.0,50.0,50.0,50.0,50.0,50.0,50.0,50.0,2025-08-16 10:05:02
PIT,2018,2019,0.0,100.0,100.0,0.0,100.0,100.0,0.0,100.0,100.0,50.0,50.0,0.0,80.0,20.0,20.0,66.67,33.33,33.33,50.0,50.0,50.0,0.0,100.0,100.0,50.0,50.0,50.0,2025-08-16 10:05:02
PIT,2019,2020,0.0,100.0,100.0,100.0,0.0,0.0,100.0,0.0,0.0,100.0,0.0,0.0,80.0,20.0,20.0,33.33,66.67,66.67,75.0,25.0,25.0,50.0,50.0,50.0,100.0,0.0,0.0,2025-08-16 10:05:02
PIT,2020,2021,100.0,0.0,0.0,0.0,100.0,100.0,0.0,100.0,100.0,0.0,100.0,100.0,20.0,80.0,80.0,0.0,100.0,100.0,25.0,75.0,75.0,50.0,50.0,50.0,50.0,50.0,50.0,2025-08-16 10:05:02
PIT,2021,2022,0.0,100.0,100.0,0.0,100.0,100.0,0.0,100.0,100.0,100.0,0.0,0.0,60.0,40.0,40.0,0.0,100.0,100.0,50.0,50.0,50.0,50.0,50.0,50.0,50.0,50.0,50.0,2025-08-16 10:05:02
PIT,2022,2023,100.0,0.0,0.0,100.0,0.0,0.0,100.0,0.0,33.33,50.0,50.0,0.0,60.0,40.0,40.0,66.67,33.33,33.33,25.0,75.0,75.0,0.0,100.0,100.0,0.0,100.0,100.0,2025-08-16 10:05:02
PIT,2023,2024,0.0,100.0,100.0,100.0,0.0,0.0,33.33,66.67,50.0,100.0,0.0,50.0,40.0,60.0,60.0,33.33,66.67,66.67,50.0,50.0,50.0,50.0,50.0,50.0,50.0,50.0,50.0,2025-08-16 10:05:02
RAI,2010,2011,0.0,100.0,100.0,0.0,100.0,100.0,50.0,50.0,50.0,0.0,100.0,100.0,60.0,40.0,40.0,50.0,50.0,50.0,100.0,0.0,0.0,50.0,50.0,50.0,100.0,0.0,0.0,2025-08-16 10:04:58
RAI,2011,2012,100.0,0.0,0.0,0.0,100.0,100.0,100.0,0.0,0.0,50.0,50.0,0.0,80.0,20.0,20.0,50.0,50.0,50.0,100.0,0.0,0.0,0.0,100.0,100.0,50.0,50.0,50.0,2025-08-16 10:04:58
RAI,2012,2013,0.0,100.0,100.0,50.0,50.0,50.0,50.0,50.0,50.0,0.0,100.0,100.0,60.0,40.0,40.0,50.0,50.0,50.0,0.0,100.0,100.0,0.0,100.0,100.0,0.0,100.0,100.0,2025-08-16 10:04:58
RAI,2013,2014,0.0,100.0,100.0,50.0,50.0,50.0,0.0,100.0,100.0,0.0,100.0,100.0,20.0,80.0,80.0,0.0,100.0,100.0,0.0,100.0,100.0,0.0,100.0,100.0,100.0,0.0,0.0,2025-08-16 10:04:58
RAI,2014,2015,0.0,100.0,100.0,0.0,100.0,100.0,0.0,100.0,100.0,0.0,100.0,100.0,60.0,40.0,40.0,0.0,100.0,100.0,0.0,100.0,100.0,50.0,50.0,50.0,0.0,100.0,100.0,2025-08-16 10:04:58
RAI,2015,2016,100.0,0.0,0.0,0.0,100.0,100.0,100.0,0.0,0.0,0.0,100.0,100.0,40.0,60.0,60.0,50.0,50.0,50.0,0.0,100.0,100.0,50.0,50.0,50.0,0.0,100.0,100.0,2025-08-16 10:04:58
RAI,2016,2017,100.0,0.0,0.0,0.0,100.0,100.0,50.0,50.0,50.0,0.0,100.0,100.0,60.0,40.0,40.0,0.0,100.0,100.0,0.0,100.0,100.0,50.0,50.0,50.0,50.0,50.0,50.0,2025-08-16 10:04:58
RAI,2017,2018,0.0,100.0,100.0,0.0,100.0,100.0,0.0,100.0,100.0,0.0,100.0,100.0,20.0,80.0,80.0,0.0,100.0,100.0,0.0,100.0,100.0,0.0,100.0,100.0,50.0,50.0,50.0,2025-08-16 10:04:58
RAI,2018,2019,100.0,0.0,0.0,0.0,100.0,100.0,0.0,100.0,100.0,0.0,100.0,100.0,40.0,60.0,60.0,0.0,100.0,100.0,0.0,100.0,100.0,50.0,50.0,50.0,0.0,100.0,100.0,2025-08-16 10:04:58
RAI,2019,2020,100.0,0.0,0.0,0.0,100.0,100.0,0.0,100.0,100.0,0.0,100.0,100.0,40.0,60.0,60.0,100.0,0.0,0.0,0.0,100.0,100.0,50.0,50.0,50.0,50.0,50.0,50.0,2025-08-16 10:04:58
RAI,2020,2021,100.0,0.0,0.0,0.0,100.0,100.0,0.0,100.0,100.0,0.0,100.0,100.0,20.0,80.0,80.0,0.0,100.0,100.0,0.0,100.0,100.0,0.0,100.0,100.0,50.0,50.0,50.0,2025-08-16 10:04:58
RAI,2021,2022,0.0,100.0,100.0,0.0,100.0,100.0,0.0,100.0,100.0,0.0,100.0,100.0,40.0,60.0,60.0,50.0,50.0,50.0,0.0,100.0,100.0,0.0,100.0,100.0,50.0,50.0,50.0,2025-08-16 10:04:58
RAI,2022,2023,0.0,100.0,100.0,0.0,100.0,100.0,0.0,100.0,100.0,0.0,100.0,100.0,80.0,20.0,20.0,50.0,50.0,50.0,0.0,100.0,100.0,0.0,100.0,100.0,50.0,50.0,50.0,2025-08-16 10:04:58
RAI,2023,2024,0.0,100.0,100.0,0.0,100.0,100.0,50.0,50.0,50.0,50.0,50.0,50.0,60.0,40.0,40.0,50.0,50.0,66.67,0.0,100.0,100.0,0.0,100.0,100.0,50.0,50.0,50.0,2025-08-16 10:04:58
RAM,2010,2011,100.0,0.0,0.0,0.0,100.0,100.0,50.0,50.0,50.0,100.0,0.0,0.0,80.0,20.0,20.0,100.0,0.0,0.0,100.0,0.0,0.0,0.0,100.0,100.0,0.0,100.0,100.0,2025-08-16 10:05:02
RAM,2011,2012,100.0,0.0,0.0,50.0,50.0,0.0,50.0,50.0,66.67,0.0,100.0,100.0,40.0,60.0,60.0,50.0,50.0,50.0,100.0,0.0,0.0,0.0,100.0,100.0,50.0,50.0,50.0,2025-08-16 10:05:02
RAM,2012,2013,0.0,100.0,100.0,0.0,100.0,100.0,33.33,66.67,50.0,0.0,100.0,100.0,20.0,80.0,80.0,50.0,50.0,50.0,100.0,0.0,0.0,50.0,50.0,50.0,0.0,100.0,100.0,2025-08-16 10:05:02
RAM,2013,2014,0.0,100.0,100.0,50.0,50.0,50.0,0.0,100.0,100.0,0.0,100.0,100.0,40.0,60.0,60.0,0.0,100.0,100.0,100.0,0.0,0.0,50.0,50.0,50.0,100.0,0.0,0.0,2025-08-16 10:05:02
RAM,2014,2015,0.0,100.0,100.0,0.0,100.0,100.0,100.0,0.0,0.0,100.0,0.0,50.0,20.0,80.0,80.0,50.0,50.0,50.0,100.0,0.0,0.0,50.0,50.0,50.0,100.0,0.0,0.0,2025-08-16 10:05:02
RAM,2015,2016,0.0,100.0,100.0,0.0,100.0,100.0,100.0,0.0,0.0,50.0,50.0,50.0,80.0,20.0,20.0,50.0,50.0,50.0,0.0,100.0,100.0,50.0,50.0,66.67,50.0,50.0,50.0,2025-08-16 10:05:02
RAM,2016,2017,0.0,100.0,100.0,0.0,100.0,100.0,50.0,50.0,66.67,50.0,50.0,0.0,40.0,60.0,60.0,0.0,100.0,100.0,100.0,0.0,66.67,33.33,66.67,66.67,0.0,100.0,100.0,2025-08-16 10:05:02
RAM,2017,2018,100.0,0.0,0.0,100.0,0.0,0.0,33.33,66.67,66.67,100.0,0.0,0.0,60.0,40.0,40.0,33.33,66.67,0.0,0.0,100.0,100.0,0.0,100.0,100.0,100.0,0.0,0.0,2025-08-16 10:05:02
RAM,2018,2019,0.0,100.0,100.0,0.0,100.0,100.0,100.0,0.0,0.0,100.0,0.0,0.0,60.0,40.0,40.0,100.0,0.0,66.67,25.0,75.0,75.0,0.0,100.0,100.0,0.0,100.0,100.0,2025-08-16 10:05:02
RAM,2019,2020,100.0,0.0,0.0,0.0,100.0,100.0,66.67,33.33,33.33,100.0,0.0,0.0,80.0,20.0,20.0,100.0,0.0,0.0,25.0,75.0,75.0,50.0,50.0,66.67,0.0,100.0,100.0,2025-08-16 10:05:02
RAM,2020,2021,0.0,100.0,100.0,100.0,0.0,0.0,33.33,66.67,66.67,100.0,0.0,0.0,80.0,20.0,20.0,0.0,100.0,100.0,25.0,75.0,0.0,66.67,33.33,0.0,50.0,50.0,50.0,2025-08-16 10:05:02
RAM,2021,2022,100.0,0.0,0.0,0.0,100.0,100.0,0.0,100.0,100.0,100.0,0.0,0.0,20.0,80.0,80.0,50.0,50.0,66.67,0.0,100.0,100.0,0.0,100.0,100.0,50.0,50.0,50.0,2025-08-16 10:05:02
RAM,2022,2023,0.0,100.0,100.0,0.0,100.0,100.0,33.33,66.67,66.67,100.0,0.0,0.0,60.0,40.0,40.0,0.0,100.0,100.0,25.0,75.0,75.0,0.0,100.0,100.0,0.0,100.0,100.0,2025-08-16 10:05:02
RAM,2023,2024,0.0,100.0,100.0,0.0,100.0,100.0,33.33,66.67,66.67,0.0,100.0,100.0,80.0,20.0,20.0,33.33,66.67,66.67,25.0,75.0,66.67,0.0,100.0,100.0,0.0,100.0,100.0,2025-08-16 10:05:03
RAV,2010,2011,100.0,0.0,0.0,0.0,100.0,100.0,50.0,50.0,50.0,0.0,100.0,100.0,40.0,60.0,60.0,66.67,33.33,33.33,75.0,25.0,25.0,0.0,100.0,100.0,0.0,100.0,100.0,2025-08-16 10:05:01
RAV,2011,2012,100.0,0.0,0.0,100.0,0.0,0.0,100.0,0.0,0.0,100.0,0.0,0.0,60.0,40.0,40.0,0.0,100.0,100.0,25.0,75.0,75.0,50.0,50.0,50.0,50.0,50.0,50.0,2025-08-16 10:05:01
RAV,2012,2013,100.0,0.0,0.0,0.0,100.0,100.0,50.0,50.0,66.67,100.0,0.0,0.0,40.0,60.0,60.0,33.33,66.67,66.67,25.0,75.0,75.0,0.0,100.0,100.0,0.0,100.0,100.0,2025-08-16 10:05:01
RAV,2013,2014,100.0,0.0,0.0,0.0,100.0,100.0,33.33,66.67,50.0,0.0,100.0,100.0,20.0,80.0,80.0,33.33,66.67,66.67,50.0,50.0,50.0,100.0,0.0,0.0,50.0,50.0,50.0,2025-08-16 10:05:01
RAV,2014,2015,100.0,0.0,0.0,50.0,50.0,50.0,50.0,50.0,50.0,0.0,100.0,100.0,80.0,20.0,20.0,66.67,33.33,33.33,50.0,50.0,50.0,100.0,0.0,0.0,0.0,100.0,100.0,2025-08-16 10:05:01
RAV,2015,2016,100.0,0.0,0.0,0.0,100.0,100.0,50.0,50.0,50.0,0.0,100.0,100.0,20.0,80.0,80.0,66.67,33.33,33.33,0.0,100.0,100.0,50.0,50.0,50.0,0.0,100.0,100.0,2025-08-16 10:05:01
RAV,2016,2017,100.0,0.0,0.0,0.0,100.0,100.0,50.0,50.0,50.0,0.0,100.0,100.0,20.0,80.0,80.0,33.33,66.67,66.67,25.0,75.0,75.0,50.0,50.0,50.0,50.0,50.0,50.0,2025-08-16 10:05:01
RAV,2017,2018,100.0,0.0,0.0,100.0,0.0,0.0,0.0,100.0,100.0,50.0,50.0,0.0,40.0,60.0,60.0,0.0,100.0,100.0,75.0,25.0,25.0,50.0,50.0,50.0,100.0,0.0,0.0,2025-08-16 10:05:01
RAV,2018,2019,0.0,100.0,100.0,0.0,100.0,100.0,33.33,66.67,50.0,100.0,0.0,0.0,40.0,60.0,60.0,33.33,66.67,66.67,0.0,100.0,100.0,50.0,50.0,50.0,0.0,100.0,100.0,2025-08-16 10:05:01
RAV,2019,2020,0.0,100.0,100.0,50.0,50.0,50.0,50.0,50.0,50.0,100.0,0.0,0.0,60.0,40.0,40.0,33.33,66.67,66.67,50.0,50.0,50.0,0.0,100.0,100.0,50.0,50.0,50.0,2025-08-16 10:05:01
RAV,2020,2021,0.0,100.0,100.0,50.0,50.0,50.0,50.0,50.0,50.0,0.0,100.0,100.0,40.0,60.0,60.0,33.33,66.67,66.67,25.0,75.0,75.0,0.0,100.0,100.0,50.0,50.0,50.0,2025-08-16 10:05:01
RAV,2021,2022,0.0,100.0,100.0,50.0,50.0,50.0,0.0,100.0,100.0,0.0,100.0,100.0,40.0,60.0,60.0,66.67,33.33,33.33,0.0,100.0,100.0,0.0,100.0,100.0,50.0,50.0,50.0,2025-08-16 10:05:01
RAV,2022,2023,0.0,100.0,100.0,0.0,100.0,100.0,0.0,100.0,100.0,0.0,100.0,100.0,40.0,60.0,60.0,33.33,66.67,66.67,66.67,33.33,50.0,0.0,100.0,100.0,50.0,50.0,50.0,2025-08-16 10:05:01
RAV,2023,2024,100.0,0.0,0.0,0.0,100.0,100.0,50.0,50.0,50.0,100.0,0.0,50.0,20.0,80.0,80.0,33.33,66.67,50.0,25.0,75.0,66.67,50.0,50.0,66.67,50.0,50.0,50.0,2025-08-16 10:05:01
SDG,2010,2011,100.0,0.0,0.0,0.0,100.0,100.0,50.0,50.0,50.0,100.0,0.0,0.0,80.0,20.0,20.0,33.33,66.67,66.67,0.0,100.0,100.0,100.0,0.0,0.0,50.0,50.0,50.0,2025-08-16 10:04:57
SDG,2011,2012,0.0,100.0,100.0,0.0,100.0,100.0,50.0,50.0,0.0,50.0,50.0,50.0,80.0,20.0,20.0,66.67,33.33,33.33,75.0,25.0,25.0,100.0,0.0,0.0,0.0,100.0,100.0,2025-08-16 10:04:57
SDG,2012,2013,0.0,100.0,100.0,50.0,50.0,0.0,0.0,100.0,100.0,50.0,50.0,0.0,40.0,60.0,60.0,33.33,66.67,66.67,50.0,50.0,50.0,0.0,100.0,100.0,0.0,100.0,100.0,2025-08-16 10:04:57
SDG,2013,2014,0.0,100.0,100.0,0.0,100.0,100.0,33.33,66.67,66.67,100.0,0.0,0.0,60.0,40.0,40.0,66.67,33.33,33.33,75.0,25.0,25.0,50.0,50.0,50.0,50.0,50.0,50.0,2025-08-16 10:04:57
SDG,2014,2015,100.0,0.0,0.0,0.0,100.0,100.0,66.67,33.33,33.33,0.0,100.0,100.0,20.0,80.0,80.0,100.0,0.0,0.0,75.0,25.0,25.0,50.0,50.0,50.0,0.0,100.0,100.0,2025-08-16 10:04:57
SDG,2015,2016,0.0,100.0,100.0,0.0,100.0,100.0,0.0,100.0,100.0,0.0,100.0,100.0,60.0,40.0,40.0,33.33,66.67,66.67,25.0,75.0,75.0,50.0,50.0,50.0,50.0,50.0,50.0,2025-08-16 10:04:57
SDG,2016,2017,100.0,0.0,0.0,0.0,100.0,100.0,33.33,66.67,50.0,100.0,0.0,50.0,20.0,80.0,80.0,0.0,100.0,100.0,0.0,100.0,100.0,50.0,50.0,50.0,50.0,50.0,50.0,2025-08-16 10:04:57
SDG,2017,2018,100.0,0.0,0.0,0.0,100.0,100.0,100.0,0.0,0.0,0.0,100.0,100.0,20.0,80.0,80.0,50.0,50.0,50.0,0.0,100.0,100.0,0.0,100.0,100.0,50.0,50.0,50.0,2025-08-16 10:04:57
SDG,2018,2019,0.0,100.0,100.0,0.0,100.0,100.0,50.0,50.0,66.67,0.0,100.0,100.0,60.0,40.0,40.0,50.0,50.0,50.0,100.0,0.0,0.0,66.67,33.33,33.33,0.0,100.0,100.0,2025-08-16 10:04:57
SDG,2019,2020,0.0,100.0,100.0,0.0,100.0,100.0,66.67,33.33,33.33,100.0,0.0,0.0,40.0,60.0,60.0,50.0,50.0,50.0,0.0,100.0,0.0,66.67,33.33,33.33,50.0,50.0,50.0,2025-08-16 10:04:57
SDG,2020,2021,0.0,100.0,100.0,100.0,0.0,0.0,66.67,33.33,33.33,0.0,100.0,100.0,0.0,100.0,100.0,0.0,100.0,100.0,0.0,0.0,100.0,33.33,66.67,50.0,50.0,50.0,50.0,2025-08-16 10:04:57
SDG,2021,2022,0.0,100.0,100.0,100.0,0.0,0.0,66.67,33.33,33.33,0.0,100.0,100.0,20.0,80.0,80.0,0.0,100.0,100.0,0.0,100.0,100.0,100.0,0.0,33.33,100.0,0.0,0.0,2025-08-16 10:04:57
SDG,2022,2023,100.0,0.0,0.0,100.0,0.0,0.0,0.0,100.0,100.0,100.0,0.0,50.0,60.0,40.0,40.0,0.0,100.0,100.0,100.0,0.0,75.0,66.67,33.33,0.0,0.0,100.0,100.0,2025-08-16 10:04:57
SDG,2023,2024,100.0,0.0,0.0,0.0,100.0,100.0,50.0,50.0,50.0,0.0,100.0,100.0,40.0,60.0,60.0,0.0,100.0,100.0,25.0,75.0,75.0,0.0,100.0,100.0,50.0,50.0,50.0,2025-08-16 10:04:57
SEA,2010,2011,0.0,100.0,100.0,0.0,100.0,100.0,50.0,50.0,50.0,0.0,100.0,100.0,20.0,80.0,80.0,50.0,50.0,50.0,0.0,100.0,100.0,0.0,100.0,100.0,0.0,100.0,100.0,2025-08-16 10:04:56
SEA,2011,2012,0.0,100.0,100.0,0.0,100.0,100.0,50.0,50.0,50.0,50.0,50.0,0.0,20.0,80.0,80.0,100.0,0.0,0.0,0.0,100.0,100.0,0.0,100.0,100.0,0.0,100.0,100.0,2025-08-16 10:04:56
SEA,2012,2013,100.0,0.0,0.0,0.0,100.0,100.0,50.0,50.0,50.0,100.0,0.0,50.0,60.0,40.0,40.0,100.0,0.0,0.0,100.0,0.0,0.0,50.0,50.0,50.0,50.0,50.0,50.0,2025-08-16 10:04:56
SEA,2013,2014,100.0,0.0,0.0,100.0,0.0,0.0,50.0,50.0,66.67,50.0,50.0,0.0,40.0,60.0,60.0,0.0,100.0,100.0,0.0,100.0,100.0,50.0,50.0,50.0,100.0,0.0,0.0,2025-08-16 10:04:56
SEA,2014,2015,100.0,0.0,0.0,0.0,100.0,100.0,66.67,33.33,33.33,0.0,100.0,100.0,60.0,40.0,40.0,50.0,50.0,50.0,0.0,100.0,100.0,0.0,100.0,100.0,50.0,50.0,50.0,2025-08-16 10:04:56
SEA,2015,2016,0.0,100.0,100.0,0.0,100.0,100.0,33.33,66.67,66.67,0.0,100.0,100.0,40.0,60.0,60.0,50.0,50.0,50.0,0.0,100.0,100.0,50.0,50.0,66.67,0.0,100.0,100.0,2025-08-16 10:04:56
SEA,2016,2017,0.0,100.0,100.0,0.0,100.0,100.0,66.67,33.33,33.33,100.0,0.0,0.0,40.0,60.0,60.0,50.0,50.0,50.0,100.0,0.0,0.0,0.0,100.0,100.0,50.0,50.0,50.0,2025-08-16 10:04:56
SEA,2017,2018,100.0,0.0,0.0,0.0,100.0,100.0,33.33,66.67,66.67,0.0,100.0,100.0,40.0,60.0,60.0,50.0,50.0,50.0,100.0,0.0,0.0,50.0,50.0,50.0,0.0,100.0,100.0,2025-08-16 10:04:56
SEA,2018,2019,100.0,0.0,0.0,100.0,0.0,0.0,33.33,66.67,66.67,0.0,100.0,100.0,80.0,20.0,20.0,0.0,100.0,100.0,100.0,0.0,0.0,50.0,50.0,50.0,100.0,0.0,0.0,2025-08-16 10:04:56
SEA,2019,2020,100.0,0.0,0.0,100.0,0.0,0.0,33.33,66.67,66.67,0.0,100.0,100.0,40.0,60.0,60.0,0.0,100.0,100.0,100.0,0.0,66.67,0.0,100.0,100.0,0.0,100.0,100.0,2025-08-16 10:04:57
SEA,2020,2021,100.0,0.0,0.0,0.0,100.0,100.0,33.33,66.67,50.0,0.0,100.0,100.0,60.0,40.0,40.0,33.33,66.67,66.67,33.33,66.67,75.0,33.33,66.67,50.0,50.0,50.0,50.0,2025-08-16 10:04:57
SEA,2021,2022,0.0,100.0,100.0,0.0,100.0,100.0,100.0,0.0,0.0,50.0,50.0,50.0,40.0,60.0,60.0,66.67,33.33,33.33,25.0,75.0,75.0,0.0,100.0,100.0,50.0,50.0,50.0,2025-08-16 10:04:57
SEA,2022,2023,100.0,0.0,0.0,100.0,0.0,0.0,50.0,50.0,50.0,100.0,0.0,0.0,60.0,40.0,40.0,0.0,100.0,100.0,50.0,50.0,50.0,0.0,100.0,100.0,0.0,100.0,100.0,2025-08-16 10:04:57
SEA,2023,2024,0.0,100.0,100.0,100.0,0.0,0.0,50.0,50.0,66.67,50.0,50.0,0.0,60.0,40.0,40.0,33.33,66.67,66.67,25.0,75.0,75.0,100.0,0.0,50.0,0.0,100.0,100.0,2025-08-16 10:04:57
SFO,2010,2011,100.0,0.0,0.0,0.0,100.0,100.0,100.0,0.0,0.0,100.0,0.0,0.0,40.0,60.0,60.0,33.33,66.67,66.67,50.0,50.0,50.0,0.0,100.0,100.0,0.0,100.0,100.0,2025-08-16 10:04:59
SFO,2011,2012,100.0,0.0,0.0,100.0,0.0,0.0,50.0,50.0,50.0,100.0,0.0,0.0,60.0,40.0,40.0,66.67,33.33,33.33,50.0,50.0,50.0,50.0,50.0,50.0,0.0,100.0,100.0,2025-08-16 10:04:59
SFO,2012,2013,0.0,100.0,100.0,100.0,0.0,0.0,50.0,50.0,50.0,0.0,100.0,100.0,80.0,20.0,20.0,66.67,33.33,33.33,25.0,75.0,75.0,100.0,0.0,0.0,0.0,100.0,100.0,2025-08-16 10:05:00
SFO,2013,2014,100.0,0.0,0.0,50.0,50.0,50.0,100.0,0.0,0.0,0.0,100.0,100.0,60.0,40.0,40.0,33.33,66.67,66.67,0.0,100.0,100.0,0.0,100.0,100.0,0.0,100.0,100.0,2025-08-16 10:05:00
SFO,2014,2015,100.0,0.0,0.0,0.0,100.0,100.0,50.0,50.0,50.0,0.0,100.0,100.0,60.0,40.0,40.0,33.33,66.67,66.67,50.0,50.0,50.0,0.0,100.0,100.0,50.0,50.0,50.0,2025-08-16 10:05:00
SFO,2015,2016,100.0,0.0,0.0,100.0,0.0,0.0,50.0,50.0,75.0,0.0,100.0,0.0,0.0,100.0,100.0,66.67,33.33,33.33,25.0,75.0,75.0,50.0,50.0,50.0,50.0,50.0,50.0,2025-08-16 10:05:00
SFO,2016,2017,0.0,100.0,100.0,100.0,0.0,50.0,0.0,100.0,100.0,0.0,0.0,100.0,40.0,60.0,60.0,0.0,100.0,100.0,0.0,100.0,100.0,0.0,100.0,100.0,50.0,50.0,50.0,2025-08-16 10:05:00
SFO,2017,2018,0.0,100.0,100.0,50.0,50.0,50.0,100.0,0.0,0.0,0.0,100.0,100.0,20.0,80.0,80.0,100.0,0.0,0.0,0.0,100.0,100.0,50.0,50.0,66.67,0.0,100.0,100.0,2025-08-16 10:05:00
SFO,2018,2019,0.0,100.0,100.0,50.0,50.0,50.0,0.0,100.0,100.0,0.0,100.0,100.0,80.0,20.0,20.0,50.0,50.0,50.0,100.0,0.0,0.0,0.0,100.0,100.0,50.0,50.0,50.0,2025-08-16 10:05:00
SFO,2019,2020,0.0,100.0,100.0,50.0,50.0,50.0,0.0,100.0,100.0,0.0,100.0,100.0,40.0,60.0,60.0,50.0,50.0,50.0,0.0,100.0,100.0,50.0,50.0,50.0,50.0,50.0,50.0,2025-08-16 10:05:00
SFO,2020,2021,0.0,100.0,100.0,50.0,50.0,50.0,50.0,50.0,50.0,0.0,100.0,100.0,40.0,60.0,60.0,0.0,100.0,100.0,0.0,100.0,100.0,50.0,50.0,50.0,50.0,50.0,50.0,2025-08-16 10:05:00
SFO,2021,2022,100.0,0.0,0.0,50.0,50.0,50.0,50.0,50.0,50.0,100.0,0.0,0.0,40.0,60.0,60.0,50.0,50.0,50.0,0.0,100.0,100.0,0.0,100.0,100.0,0.0,100.0,100.0,2025-08-16 10:05:00
SFO,2022,2023,0.0,100.0,100.0,0.0,100.0,100.0,100.0,0.0,0.0,0.0,100.0,100.0,80.0,20.0,20.0,0.0,100.0,100.0,100.0,0.0,0.0,50.0,50.0,50.0,50.0,50.0,50.0,2025-08-16 10:05:00
SFO,2023,2024,0.0,100.0,100.0,0.0,100.0,100.0,50.0,50.0,50.0,0.0,100.0,100.0,60.0,40.0,40.0,50.0,50.0,50.0,100.0,0.0,0.0,0.0,100.0,100.0,0.0,100.0,100.0,2025-08-16 10:05:00
TAM,2010,2011,100.0,0.0,0.0,0.0,100.0,100.0,100.0,0.0,0.0,50.0,50.0,0.0,20.0,80.0,80.0,0.0,100.0,100.0,0.0,100.0,100.0,100.0,0.0,0.0,50.0,50.0,50.0,2025-08-16 10:04:56
TAM,2011,2012,100.0,0.0,0.0,0.0,100.0,100.0,50.0,50.0,50.0,0.0,100.0,100.0,40.0,60.0,60.0,50.0,50.0,50.0,100.0,0.0,0.0,0.0,100.0,100.0,0.0,100.0,100.0,2025-08-16 10:04:56
TAM,2012,2013,0.0,100.0,100.0,0.0,100.0,100.0,0.0,100.0,100.0,0.0,100.0,100.0,80.0,20.0,20.0,50.0,50.0,50.0,100.0,0.0,0.0,0.0,100.0,100.0,50.0,50.0,50.0,2025-08-16 10:04:56
TAM,2013,2014,0.0,100.0,100.0,50.0,50.0,50.0,50.0,50.0,50.0,0.0,100.0,100.0,20.0,80.0,80.0,0.0,100.0,100.0,100.0,0.0,0.0,33.33,66.67,50.0,100.0,0.0,0.0,2025-08-16 10:04:56
TAM,2014,2015,0.0,100.0,100.0,0.0,100.0,100.0,100.0,0.0,0.0,0.0,100.0,100.0,0.0,100.0,100.0,50.0,50.0,50.0,0.0,100.0,100.0,0.0,100.0,100.0,0.0,100.0,100.0,2025-08-16 10:04:56
TAM,2015,2016,0.0,100.0,100.0,0.0,100.0,100.0,0.0,100.0,100.0,100.0,0.0,33.33,60.0,40.0,40.0,50.0,50.0,50.0,100.0,0.0,0.0,0.0,100.0,100.0,100.0,0.0,0.0,2025-08-16 10:04:56
TAM,2016,2017,100.0,0.0,0.0,100.0,0.0,0.0,0.0,100.0,100.0,33.33,66.67,50.0,80.0,20.0,20.0,100.0,0.0,0.0,0.0,100.0,100.0,100.0,0.0,33.33,50.0,50.0,50.0,2025-08-16 10:04:56
TAM,2017,2018,100.0,0.0,0.0,0.0,100.0,100.0,50.0,50.0,66.67,50.0,50.0,0.0,60.0,40.0,40.0,0.0,100.0,100.0,0.0,100.0,100.0,33.33,66.67,50.0,50.0,50.0,50.0,2025-08-16 10:04:56
TAM,2018,2019,100.0,0.0,0.0,0.0,100.0,100.0,33.33,66.67,50.0,100.0,0.0,50.0,80.0,20.0,20.0,0.0,100.0,100.0,0.0,100.0,100.0,50.0,50.0,50.0,50.0,50.0,50.0,2025-08-16 10:04:56
TAM,2019,2020,0.0,100.0,100.0,100.0,0.0,0.0,0.0,100.0,100.0,0.0,100.0,100.0,80.0,20.0,20.0,66.67,33.33,33.33,50.0,50.0,50.0,50.0,50.0,50.0,50.0,50.0,50.0,2025-08-16 10:04:56
TAM,2020,2021,0.0,100.0,100.0,0.0,100.0,100.0,33.33,66.67,50.0,100.0,0.0,50.0,40.0,60.0,60.0,66.67,33.33,33.33,25.0,75.0,75.0,50.0,50.0,50.0,50.0,50.0,50.0,2025-08-16 10:04:56
TAM,2021,2022,0.0,100.0,100.0,100.0,0.0,0.0,50.0,50.0,50.0,0.0,100.0,100.0,20.0,80.0,80.0,33.33,66.67,66.67,25.0,75.0,66.67,50.0,50.0,50.0,0.0,100.0,100.0,2025-08-16 10:04:56
TAM,2022,2023,0.0,100.0,100.0,0.0,100.0,100.0,50.0,50.0,66.67,50.0,50.0,0.0,40.0,60.0,60.0,33.33,66.67,66.67,100.0,0.0,0.0,100.0,0.0,0.0,0.0,100.0,100.0,2025-08-16 10:04:56
TAM,2023,2024,100.0,0.0,0.0,100.0,0.0,0.0,33.33,66.67,50.0,100.0,0.0,50.0,40.0,60.0,60.0,66.67,33.33,33.33,33.33,66.67,66.67,50.0,50.0,50.0,0.0,100.0,100.0,2025-08-16 10:04:56
WAS,2010,2011,0.0,100.0,100.0,0.0,100.0,100.0,50.0,50.0,50.0,50.0,50.0,0.0,40.0,60.0,60.0,33.33,66.67,50.0,0.0,100.0,100.0,0.0,100.0,100.0,50.0,50.0,50.0,2025-08-16 10:05:00
WAS,2011,2012,0.0,100.0,100.0,50.0,50.0,50.0,0.0,100.0,100.0,0.0,100.0,100.0,40.0,60.0,60.0,0.0,100.0,100.0,100.0,0.0,75.0,100.0,0.0,0.0,0.0,100.0,100.0,2025-08-16 10:05:01
WAS,2012,2013,0.0,100.0,100.0,50.0,50.0,50.0,50.0,50.0,50.0,100.0,0.0,0.0,100.0,0.0,0.0,66.67,33.33,33.33,25.0,75.0,75.0,100.0,0.0,0.0,50.0,50.0,50.0,2025-08-16 10:05:01
WAS,2013,2014,100.0,0.0,0.0,100.0,0.0,0.0,50.0,50.0,50.0,100.0,0.0,0.0,60.0,40.0,40.0,0.0,100.0,100.0,50.0,50.0,50.0,0.0,100.0,100.0,50.0,50.0,50.0,2025-08-16 10:05:01
WAS,2014,2015,0.0,100.0,100.0,0.0,100.0,100.0,100.0,0.0,0.0,0.0,100.0,100.0,20.0,80.0,80.0,66.67,33.33,33.33,100.0,0.0,0.0,50.0,50.0,50.0,0.0,100.0,100.0,2025-08-16 10:05:01
WAS,2015,2016,0.0,100.0,100.0,0.0,100.0,100.0,100.0,0.0,0.0,0.0,100.0,100.0,60.0,40.0,40.0,33.33,66.67,66.67,0.0,100.0,100.0,50.0,50.0,50.0,0.0,100.0,100.0,2025-08-16 10:05:01
WAS,2016,2017,0.0,100.0,100.0,0.0,100.0,100.0,0.0,100.0,100.0,50.0,50.0,50.0,80.0,20.0,20.0,33.33,66.67,66.67,50.0,50.0,50.0,100.0,0.0,0.0,0.0,100.0,100.0,2025-08-16 10:05:01
WAS,2017,2018,0.0,100.0,100.0,0.0,100.0,100.0,100.0,0.0,33.33,0.0,100.0,100.0,80.0,20.0,20.0,33.33,66.67,66.67,75.0,25.0,25.0,50.0,50.0,50.0,50.0,50.0,50.0,2025-08-16 10:05:01
WAS,2018,2019,0.0,100.0,100.0,100.0,0.0,0.0,0.0,100.0,100.0,0.0,100.0,100.0,40.0,60.0,60.0,100.0,0.0,0.0,0.0,100.0,100.0,50.0,50.0,50.0,0.0,100.0,100.0,2025-08-16 10:05:01
WAS,2019,2020,0.0,100.0,100.0,0.0,100.0,100.0,33.33,66.67,50.0,100.0,0.0,50.0,40.0,60.0,60.0,0.0,100.0,100.0,25.0,75.0,0.0,0.0,100.0,100.0,0.0,100.0,100.0,2025-08-16 10:05:01
WAS,2020,2021,0.0,100.0,100.0,100.0,0.0,0.0,50.0,50.0,66.67,0.0,100.0,100.0,20.0,80.0,80.0,50.0,50.0,50.0,0.0,100.0,100.0,50.0,50.0,50.0,50.0,50.0,50.0,2025-08-16 10:05:01
WAS,2021,2022,100.0,0.0,0.0,0.0,100.0,100.0,0.0,100.0,100.0,0.0,100.0,100.0,20.0,80.0,80.0,50.0,50.0,50.0,0.0,100.0,100.0,100.0,0.0,33.33,50.0,50.0,50.0,2025-08-16 10:05:01
WAS,2022,2023,0.0,100.0,100.0,100.0,0.0,0.0,66.67,33.33,33.33,100.0,0.0,0.0,20.0,80.0,80.0,50.0,50.0,50.0,0.0,100.0,100.0,66.67,33.33,0.0,50.0,50.0,50.0,2025-08-16 10:05:01
WAS,2023,2024,0.0,100.0,100.0,100.0,0.0,0.0,0.0,100.0,100.0,0.0,100.0,100.0,40.0,60.0,60.0,0.0,100.0,100.0,0.0,100.0,100.0,50.0,50.0,50.0,0.0,100.0,100.0,2025-08-16 10:05:01
