Coach,Team,Year,G,W,L,T,Coach_Win_Pct
Abe Gibron,CHI,1972,14,4,9,1,0.3214
Abe Gibron,CHI,1973,14,3,11,0,0.2143
Abe Gibron,CHI,1974,14,4,10,0,0.2857
Adam Gase,MIA,2016,16,10,6,0,0.625
Adam Gase,MIA,2017,16,6,10,0,0.375
Adam Gase,MIA,2018,16,7,9,0,0.4375
Adam Gase,NYJ,2019,16,7,9,0,0.4375
Adam Gase,NYJ,2020,16,2,14,0,0.125
Al Groh,NYJ,2000,16,9,7,0,0.5625
Al Saunders,SDG,1987,15,8,7,0,0.5333
Al Saunders,SDG,1988,16,6,10,0,0.375
Alex Webster,NYG,1970,14,9,5,0,0.6429
Alex Webster,NYG,1971,14,4,10,0,0.2857
Alex Webster,NYG,1972,14,8,6,0,0.5714
Alex Webster,NYG,1973,14,2,11,1,0.1786
Andy Reid,PHI,1999,16,5,11,0,0.3125
Andy Reid,PHI,2000,16,11,5,0,0.6875
Andy Reid,PHI,2001,16,11,5,0,0.6875
Andy Reid,PHI,2002,16,12,4,0,0.75
Andy Reid,PHI,2003,16,12,4,0,0.75
Andy Reid,PHI,2004,16,13,3,0,0.8125
Andy Reid,PHI,2005,16,6,10,0,0.375
Andy Reid,PHI,2006,16,10,6,0,0.625
Andy Reid,PHI,2007,16,8,8,0,0.5
Andy Reid,PHI,2008,16,9,6,1,0.5938
Andy Reid,PHI,2009,16,11,5,0,0.6875
Andy Reid,PHI,2010,16,10,6,0,0.625
Andy Reid,PHI,2011,16,8,8,0,0.5
Andy Reid,PHI,2012,16,4,12,0,0.25
Andy Reid,KAN,2013,16,11,5,0,0.6875
Andy Reid,KAN,2014,16,9,7,0,0.5625
Andy Reid,KAN,2015,16,11,5,0,0.6875
Andy Reid,KAN,2016,16,12,4,0,0.75
Andy Reid,KAN,2017,16,10,6,0,0.625
Andy Reid,KAN,2018,16,12,4,0,0.75
Andy Reid,KAN,2019,16,12,4,0,0.75
Andy Reid,KAN,2020,16,14,2,0,0.875
Andy Reid,KAN,2021,17,12,5,0,0.7059
Andy Reid,KAN,2022,17,14,3,0,0.8235
Andy Reid,KAN,2023,17,11,6,0,0.6471
Andy Reid,KAN,2024,17,15,2,0,0.8824
Anthony Lynn,SDG,2017,16,9,7,0,0.5625
Anthony Lynn,SDG,2018,16,12,4,0,0.75
Anthony Lynn,SDG,2019,16,5,11,0,0.3125
Anthony Lynn,SDG,2020,16,7,9,0,0.4375
Antonio Pierce,RAI,2024,17,4,13,0,0.2353
Art Shell,RAI,1990,16,12,4,0,0.75
Art Shell,RAI,1991,16,9,7,0,0.5625
Art Shell,RAI,1992,16,7,9,0,0.4375
Art Shell,RAI,1993,16,10,6,0,0.625
Art Shell,RAI,1994,16,9,7,0,0.5625
Art Shell,RAI,2006,16,2,14,0,0.125
Arthur Smith,ATL,2021,17,7,10,0,0.4118
Arthur Smith,ATL,2022,17,7,10,0,0.4118
Arthur Smith,ATL,2023,17,7,10,0,0.4118
Barry Switzer,DAL,1994,16,12,4,0,0.75
Barry Switzer,DAL,1995,16,12,4,0,0.75
Barry Switzer,DAL,1996,16,10,6,0,0.625
Barry Switzer,DAL,1997,16,6,10,0,0.375
Bart Starr,GNB,1975,14,4,10,0,0.2857
Bart Starr,GNB,1976,14,5,9,0,0.3571
Bart Starr,GNB,1977,14,4,10,0,0.2857
Bart Starr,GNB,1978,16,8,7,1,0.5312
Bart Starr,GNB,1979,16,5,11,0,0.3125
Bart Starr,GNB,1980,16,5,10,1,0.3438
Bart Starr,GNB,1981,16,8,8,0,0.5
Bart Starr,GNB,1982,9,5,3,1,0.6111
Bart Starr,GNB,1983,16,8,8,0,0.5
Ben McAdoo,NYG,2016,16,11,5,0,0.6875
Ben McAdoo,NYG,2017,12,2,10,0,0.1667
Bill Arnsparger,NYG,1974,14,2,12,0,0.1429
Bill Arnsparger,NYG,1975,14,5,9,0,0.3571
Bill Arnsparger,NYG,1976,7,0,7,0,0.0
Bill Austin,WAS,1970,14,6,8,0,0.4286
Bill Belichick,CLE,1991,16,6,10,0,0.375
Bill Belichick,CLE,1992,16,7,9,0,0.4375
Bill Belichick,CLE,1993,16,7,9,0,0.4375
Bill Belichick,CLE,1994,16,11,5,0,0.6875
Bill Belichick,CLE,1995,16,5,11,0,0.3125
Bill Belichick,NWE,2000,16,5,11,0,0.3125
Bill Belichick,NWE,2001,16,11,5,0,0.6875
Bill Belichick,NWE,2002,16,9,7,0,0.5625
Bill Belichick,NWE,2003,16,14,2,0,0.875
Bill Belichick,NWE,2004,16,14,2,0,0.875
Bill Belichick,NWE,2005,16,10,6,0,0.625
Bill Belichick,NWE,2006,16,12,4,0,0.75
Bill Belichick,NWE,2007,16,16,0,0,1.0
Bill Belichick,NWE,2008,16,11,5,0,0.6875
Bill Belichick,NWE,2009,16,10,6,0,0.625
Bill Belichick,NWE,2010,16,14,2,0,0.875
Bill Belichick,NWE,2011,16,13,3,0,0.8125
Bill Belichick,NWE,2012,16,12,4,0,0.75
Bill Belichick,NWE,2013,16,12,4,0,0.75
Bill Belichick,NWE,2014,16,12,4,0,0.75
Bill Belichick,NWE,2015,16,12,4,0,0.75
Bill Belichick,NWE,2016,16,14,2,0,0.875
Bill Belichick,NWE,2017,16,13,3,0,0.8125
Bill Belichick,NWE,2018,16,11,5,0,0.6875
Bill Belichick,NWE,2019,16,12,4,0,0.75
Bill Belichick,NWE,2020,16,7,9,0,0.4375
Bill Belichick,NWE,2021,17,10,7,0,0.5882
Bill Belichick,NWE,2022,17,8,9,0,0.4706
Bill Belichick,NWE,2023,17,4,13,0,0.2353
Bill Callahan,RAI,2002,16,11,5,0,0.6875
Bill Callahan,RAI,2003,16,4,12,0,0.25
Bill Cowher,PIT,1992,16,11,5,0,0.6875
Bill Cowher,PIT,1993,16,9,7,0,0.5625
Bill Cowher,PIT,1994,16,12,4,0,0.75
Bill Cowher,PIT,1995,16,11,5,0,0.6875
Bill Cowher,PIT,1996,16,10,6,0,0.625
Bill Cowher,PIT,1997,16,11,5,0,0.6875
Bill Cowher,PIT,1998,16,7,9,0,0.4375
Bill Cowher,PIT,1999,16,6,10,0,0.375
Bill Cowher,PIT,2000,16,9,7,0,0.5625
Bill Cowher,PIT,2001,16,13,3,0,0.8125
Bill Cowher,PIT,2002,16,10,5,1,0.6562
Bill Cowher,PIT,2003,16,6,10,0,0.375
Bill Cowher,PIT,2004,16,15,1,0,0.9375
Bill Cowher,PIT,2005,16,11,5,0,0.6875
Bill Cowher,PIT,2006,16,8,8,0,0.5
Bill Johnson,CIN,1976,14,10,4,0,0.7143
Bill Johnson,CIN,1977,14,8,6,0,0.5714
Bill Johnson,CIN,1978,5,0,5,0,0.0
Bill O'Brien,HTX,2014,16,9,7,0,0.5625
Bill O'Brien,HTX,2015,16,9,7,0,0.5625
Bill O'Brien,HTX,2016,16,9,7,0,0.5625
Bill O'Brien,HTX,2017,16,4,12,0,0.25
Bill O'Brien,HTX,2018,16,11,5,0,0.6875
Bill O'Brien,HTX,2019,16,10,6,0,0.625
Bill O'Brien,HTX,2020,4,0,4,0,0.0
Bill Parcells,NYG,1983,16,3,12,1,0.2188
Bill Parcells,NYG,1984,16,9,7,0,0.5625
Bill Parcells,NYG,1985,16,10,6,0,0.625
Bill Parcells,NYG,1986,16,14,2,0,0.875
Bill Parcells,NYG,1987,15,6,9,0,0.4
Bill Parcells,NYG,1988,16,10,6,0,0.625
Bill Parcells,NYG,1989,16,12,4,0,0.75
Bill Parcells,NYG,1990,16,13,3,0,0.8125
Bill Parcells,NWE,1993,16,5,11,0,0.3125
Bill Parcells,NWE,1994,16,10,6,0,0.625
Bill Parcells,NWE,1995,16,6,10,0,0.375
Bill Parcells,NWE,1996,16,11,5,0,0.6875
Bill Parcells,NYJ,1997,16,9,7,0,0.5625
Bill Parcells,NYJ,1998,16,12,4,0,0.75
Bill Parcells,NYJ,1999,16,8,8,0,0.5
Bill Parcells,DAL,2003,16,10,6,0,0.625
Bill Parcells,DAL,2004,16,6,10,0,0.375
Bill Parcells,DAL,2005,16,9,7,0,0.5625
Bill Parcells,DAL,2006,16,9,7,0,0.5625
Bill Peterson,OTI,1972,14,1,13,0,0.0714
Bill Peterson,OTI,1973,5,0,5,0,0.0
Bill Walsh,SFO,1979,16,2,14,0,0.125
Bill Walsh,SFO,1980,16,6,10,0,0.375
Bill Walsh,SFO,1981,16,13,3,0,0.8125
Bill Walsh,SFO,1982,9,3,6,0,0.3333
Bill Walsh,SFO,1983,16,10,6,0,0.625
Bill Walsh,SFO,1984,16,15,1,0,0.9375
Bill Walsh,SFO,1985,16,10,6,0,0.625
Bill Walsh,SFO,1986,16,10,5,1,0.6562
Bill Walsh,SFO,1987,15,13,2,0,0.8667
Bill Walsh,SFO,1988,16,10,6,0,0.625
Blanton Collier,CLE,1970,14,7,7,0,0.5
Bob Hollway,CRD,1971,14,4,9,1,0.3214
Bob Hollway,CRD,1972,14,4,9,1,0.3214
Bobby Petrino,ATL,2007,13,3,10,0,0.2308
Bobby Ross,SDG,1992,16,11,5,0,0.6875
Bobby Ross,SDG,1993,16,8,8,0,0.5
Bobby Ross,SDG,1994,16,11,5,0,0.6875
Bobby Ross,SDG,1995,16,9,7,0,0.5625
Bobby Ross,SDG,1996,16,8,8,0,0.5
Bobby Ross,DET,1997,16,9,7,0,0.5625
Bobby Ross,DET,1998,16,5,11,0,0.3125
Bobby Ross,DET,1999,16,8,8,0,0.5
Bobby Ross,DET,2000,9,5,4,0,0.5556
Brad Childress,MIN,2006,16,6,10,0,0.375
Brad Childress,MIN,2007,16,8,8,0,0.5
Brad Childress,MIN,2008,16,10,6,0,0.625
Brad Childress,MIN,2009,16,12,4,0,0.75
Brad Childress,MIN,2010,10,3,7,0,0.3
Brandon Staley,SDG,2021,17,9,8,0,0.5294
Brandon Staley,SDG,2022,17,10,7,0,0.5882
Brandon Staley,SDG,2023,14,5,9,0,0.3571
Brian Billick,RAV,1999,16,8,8,0,0.5
Brian Billick,RAV,2000,16,12,4,0,0.75
Brian Billick,RAV,2001,16,10,6,0,0.625
Brian Billick,RAV,2002,16,7,9,0,0.4375
Brian Billick,RAV,2003,16,10,6,0,0.625
Brian Billick,RAV,2004,16,9,7,0,0.5625
Brian Billick,RAV,2005,16,6,10,0,0.375
Brian Billick,RAV,2006,16,13,3,0,0.8125
Brian Billick,RAV,2007,16,5,11,0,0.3125
Brian Callahan,OTI,2024,17,3,14,0,0.1765
Brian Daboll,NYG,2022,17,9,7,1,0.5588
Brian Daboll,NYG,2023,17,6,11,0,0.3529
Brian Daboll,NYG,2024,17,3,14,0,0.1765
Brian Flores,MIA,2019,16,5,11,0,0.3125
Brian Flores,MIA,2020,16,10,6,0,0.625
Brian Flores,MIA,2021,17,9,8,0,0.5294
Bruce Arians,CRD,2013,16,10,6,0,0.625
Bruce Arians,CRD,2014,16,11,5,0,0.6875
Bruce Arians,CRD,2015,16,13,3,0,0.8125
Bruce Arians,CRD,2016,16,7,8,1,0.4688
Bruce Arians,CRD,2017,16,8,8,0,0.5
Bruce Arians,TAM,2019,16,7,9,0,0.4375
Bruce Arians,TAM,2020,16,11,5,0,0.6875
Bruce Arians,TAM,2021,17,13,4,0,0.7647
Bruce Coslet,NYJ,1990,16,6,10,0,0.375
Bruce Coslet,NYJ,1991,16,8,8,0,0.5
Bruce Coslet,NYJ,1992,16,4,12,0,0.25
Bruce Coslet,NYJ,1993,16,8,8,0,0.5
Bruce Coslet,CIN,1997,16,7,9,0,0.4375
Bruce Coslet,CIN,1998,16,3,13,0,0.1875
Bruce Coslet,CIN,1999,16,4,12,0,0.25
Bruce Coslet,CIN,2000,3,0,3,0,0.0
Bud Carson,CLE,1989,16,9,6,1,0.5938
Bud Carson,CLE,1990,9,2,7,0,0.2222
Bud Grant,MIN,1970,14,12,2,0,0.8571
Bud Grant,MIN,1971,14,11,3,0,0.7857
Bud Grant,MIN,1972,14,7,7,0,0.5
Bud Grant,MIN,1973,14,12,2,0,0.8571
Bud Grant,MIN,1974,14,10,4,0,0.7143
Bud Grant,MIN,1975,14,12,2,0,0.8571
Bud Grant,MIN,1976,14,11,2,1,0.8214
Bud Grant,MIN,1977,14,9,5,0,0.6429
Bud Grant,MIN,1978,16,8,7,1,0.5312
Bud Grant,MIN,1979,16,7,9,0,0.4375
Bud Grant,MIN,1980,16,9,7,0,0.5625
Bud Grant,MIN,1981,16,7,9,0,0.4375
Bud Grant,MIN,1982,9,5,4,0,0.5556
Bud Grant,MIN,1983,16,8,8,0,0.5
Bud Grant,MIN,1985,16,7,9,0,0.4375
Bud Wilkinson,CRD,1978,16,6,10,0,0.375
Bud Wilkinson,CRD,1979,13,3,10,0,0.2308
Buddy Ryan,PHI,1986,16,5,10,1,0.3438
Buddy Ryan,PHI,1987,15,7,8,0,0.4667
Buddy Ryan,PHI,1988,16,10,6,0,0.625
Buddy Ryan,PHI,1989,16,11,5,0,0.6875
Buddy Ryan,PHI,1990,16,10,6,0,0.625
Buddy Ryan,CRD,1994,16,8,8,0,0.5
Buddy Ryan,CRD,1995,16,4,12,0,0.25
Bum Phillips,OTI,1975,14,10,4,0,0.7143
Bum Phillips,OTI,1976,14,5,9,0,0.3571
Bum Phillips,OTI,1977,14,8,6,0,0.5714
Bum Phillips,OTI,1978,16,10,6,0,0.625
Bum Phillips,OTI,1979,16,11,5,0,0.6875
Bum Phillips,OTI,1980,16,11,5,0,0.6875
Bum Phillips,NOR,1981,16,4,12,0,0.25
Bum Phillips,NOR,1982,9,4,5,0,0.4444
Bum Phillips,NOR,1983,16,8,8,0,0.5
Bum Phillips,NOR,1984,16,7,9,0,0.4375
Bum Phillips,NOR,1985,12,4,8,0,0.3333
Butch Davis,CLE,2001,16,7,9,0,0.4375
Butch Davis,CLE,2002,16,9,7,0,0.5625
Butch Davis,CLE,2003,16,5,11,0,0.3125
Butch Davis,CLE,2004,11,3,8,0,0.2727
Cam Cameron,MIA,2007,16,1,15,0,0.0625
Chan Gailey,DAL,1998,16,10,6,0,0.625
Chan Gailey,DAL,1999,16,8,8,0,0.5
Chan Gailey,BUF,2010,16,4,12,0,0.25
Chan Gailey,BUF,2011,16,6,10,0,0.375
Chan Gailey,BUF,2012,16,6,10,0,0.375
Charley Winner,CRD,1970,14,8,5,1,0.6071
Charley Winner,NYJ,1974,14,7,7,0,0.5
Charley Winner,NYJ,1975,9,2,7,0,0.2222
Charlie Waller,SDG,1970,14,5,6,3,0.4643
Chip Kelly,PHI,2013,16,10,6,0,0.625
Chip Kelly,PHI,2014,16,10,6,0,0.625
Chip Kelly,PHI,2015,15,6,9,0,0.4
Chip Kelly,SFO,2016,16,2,14,0,0.125
Chris Palmer,CLE,1999,16,2,14,0,0.125
Chris Palmer,CLE,2000,16,3,13,0,0.1875
Chuck Fairbanks,NWE,1973,14,5,9,0,0.3571
Chuck Fairbanks,NWE,1974,14,7,7,0,0.5
Chuck Fairbanks,NWE,1975,14,3,11,0,0.2143
Chuck Fairbanks,NWE,1976,14,11,3,0,0.7857
Chuck Fairbanks,NWE,1977,14,9,5,0,0.6429
Chuck Fairbanks,NWE,1978,15,11,4,0,0.7333
Chuck Knox,RAM,1973,14,12,2,0,0.8571
Chuck Knox,RAM,1974,14,10,4,0,0.7143
Chuck Knox,RAM,1975,14,12,2,0,0.8571
Chuck Knox,RAM,1976,14,10,3,1,0.75
Chuck Knox,RAM,1977,14,10,4,0,0.7143
Chuck Knox,BUF,1978,16,5,11,0,0.3125
Chuck Knox,BUF,1979,16,7,9,0,0.4375
Chuck Knox,BUF,1980,16,11,5,0,0.6875
Chuck Knox,BUF,1981,16,10,6,0,0.625
Chuck Knox,BUF,1982,9,4,5,0,0.4444
Chuck Knox,SEA,1983,16,9,7,0,0.5625
Chuck Knox,SEA,1984,16,12,4,0,0.75
Chuck Knox,SEA,1985,16,8,8,0,0.5
Chuck Knox,SEA,1986,16,10,6,0,0.625
Chuck Knox,SEA,1987,15,9,6,0,0.6
Chuck Knox,SEA,1988,16,9,7,0,0.5625
Chuck Knox,SEA,1989,16,7,9,0,0.4375
Chuck Knox,SEA,1990,16,9,7,0,0.5625
Chuck Knox,SEA,1991,16,7,9,0,0.4375
Chuck Knox,RAM,1992,16,6,10,0,0.375
Chuck Knox,RAM,1993,16,5,11,0,0.3125
Chuck Knox,RAM,1994,16,4,12,0,0.25
Chuck Noll,PIT,1970,14,5,9,0,0.3571
Chuck Noll,PIT,1971,14,6,8,0,0.4286
Chuck Noll,PIT,1972,14,11,3,0,0.7857
Chuck Noll,PIT,1973,14,10,4,0,0.7143
Chuck Noll,PIT,1974,14,10,3,1,0.75
Chuck Noll,PIT,1975,14,12,2,0,0.8571
Chuck Noll,PIT,1976,14,10,4,0,0.7143
Chuck Noll,PIT,1977,14,9,5,0,0.6429
Chuck Noll,PIT,1978,16,14,2,0,0.875
Chuck Noll,PIT,1979,16,12,4,0,0.75
Chuck Noll,PIT,1980,16,9,7,0,0.5625
Chuck Noll,PIT,1981,16,8,8,0,0.5
Chuck Noll,PIT,1982,9,6,3,0,0.6667
Chuck Noll,PIT,1983,16,10,6,0,0.625
Chuck Noll,PIT,1984,16,9,7,0,0.5625
Chuck Noll,PIT,1985,16,7,9,0,0.4375
Chuck Noll,PIT,1986,16,6,10,0,0.375
Chuck Noll,PIT,1987,15,8,7,0,0.5333
Chuck Noll,PIT,1988,16,5,11,0,0.3125
Chuck Noll,PIT,1989,16,9,7,0,0.5625
Chuck Noll,PIT,1990,16,9,7,0,0.5625
Chuck Noll,PIT,1991,16,7,9,0,0.4375
Chuck Pagano,CLT,2012,16,11,5,0,0.6875
Chuck Pagano,CLT,2013,16,11,5,0,0.6875
Chuck Pagano,CLT,2014,16,11,5,0,0.6875
Chuck Pagano,CLT,2015,16,8,8,0,0.5
Chuck Pagano,CLT,2016,16,8,8,0,0.5
Chuck Pagano,CLT,2017,16,4,12,0,0.25
Clive Rush,NWE,1970,7,1,6,0,0.1429
Dan Campbell,DET,2021,17,3,13,1,0.2059
Dan Campbell,DET,2022,17,9,8,0,0.5294
Dan Campbell,DET,2023,17,12,5,0,0.7059
Dan Campbell,DET,2024,17,15,2,0,0.8824
Dan Devine,GNB,1971,14,4,8,2,0.3571
Dan Devine,GNB,1972,14,10,4,0,0.7143
Dan Devine,GNB,1973,14,5,7,2,0.4286
Dan Devine,GNB,1974,14,6,8,0,0.4286
Dan Henning,ATL,1983,16,7,9,0,0.4375
Dan Henning,ATL,1984,16,4,12,0,0.25
Dan Henning,ATL,1985,16,4,12,0,0.25
Dan Henning,ATL,1986,16,7,8,1,0.4688
Dan Henning,SDG,1989,16,6,10,0,0.375
Dan Henning,SDG,1990,16,6,10,0,0.375
Dan Henning,SDG,1991,16,4,12,0,0.25
Dan Quinn,ATL,2015,16,8,8,0,0.5
Dan Quinn,ATL,2016,16,11,5,0,0.6875
Dan Quinn,ATL,2017,16,10,6,0,0.625
Dan Quinn,ATL,2018,16,7,9,0,0.4375
Dan Quinn,ATL,2019,16,7,9,0,0.4375
Dan Quinn,ATL,2020,5,0,5,0,0.0
Dan Quinn,WAS,2024,17,12,5,0,0.7059
Dan Reeves,DEN,1981,16,10,6,0,0.625
Dan Reeves,DEN,1982,9,2,7,0,0.2222
Dan Reeves,DEN,1983,16,9,7,0,0.5625
Dan Reeves,DEN,1984,16,13,3,0,0.8125
Dan Reeves,DEN,1985,16,11,5,0,0.6875
Dan Reeves,DEN,1986,16,11,5,0,0.6875
Dan Reeves,DEN,1987,15,10,4,1,0.7
Dan Reeves,DEN,1988,16,8,8,0,0.5
Dan Reeves,DEN,1989,16,11,5,0,0.6875
Dan Reeves,DEN,1990,16,5,11,0,0.3125
Dan Reeves,DEN,1991,16,12,4,0,0.75
Dan Reeves,DEN,1992,16,8,8,0,0.5
Dan Reeves,NYG,1993,16,11,5,0,0.6875
Dan Reeves,NYG,1994,16,9,7,0,0.5625
Dan Reeves,NYG,1995,16,5,11,0,0.3125
Dan Reeves,NYG,1996,16,6,10,0,0.375
Dan Reeves,ATL,1997,16,7,9,0,0.4375
Dan Reeves,ATL,1998,16,14,2,0,0.875
Dan Reeves,ATL,1999,16,5,11,0,0.3125
Dan Reeves,ATL,2000,16,4,12,0,0.25
Dan Reeves,ATL,2001,16,7,9,0,0.4375
Dan Reeves,ATL,2002,16,9,6,1,0.5938
Dan Reeves,ATL,2003,13,3,10,0,0.2308
Darryl Rogers,DET,1985,16,7,9,0,0.4375
Darryl Rogers,DET,1986,16,5,11,0,0.3125
Darryl Rogers,DET,1987,15,4,11,0,0.2667
Darryl Rogers,DET,1988,11,2,9,0,0.1818
Dave Campo,DAL,2000,16,5,11,0,0.3125
Dave Campo,DAL,2001,16,5,11,0,0.3125
Dave Campo,DAL,2002,16,5,11,0,0.3125
Dave Canales,CAR,2024,17,5,12,0,0.2941
Dave McGinnis,CRD,2001,16,7,9,0,0.4375
Dave McGinnis,CRD,2002,16,5,11,0,0.3125
Dave McGinnis,CRD,2003,16,4,12,0,0.25
Dave Wannstedt,CHI,1993,16,7,9,0,0.4375
Dave Wannstedt,CHI,1994,16,9,7,0,0.5625
Dave Wannstedt,CHI,1995,16,9,7,0,0.5625
Dave Wannstedt,CHI,1996,16,7,9,0,0.4375
Dave Wannstedt,CHI,1997,16,4,12,0,0.25
Dave Wannstedt,CHI,1998,16,4,12,0,0.25
Dave Wannstedt,MIA,2000,16,11,5,0,0.6875
Dave Wannstedt,MIA,2001,16,11,5,0,0.6875
Dave Wannstedt,MIA,2002,16,9,7,0,0.5625
Dave Wannstedt,MIA,2003,16,10,6,0,0.625
Dave Wannstedt,MIA,2004,9,1,8,0,0.1111
David Culley,HTX,2021,17,4,13,0,0.2353
David Shula,CIN,1992,16,5,11,0,0.3125
David Shula,CIN,1993,16,3,13,0,0.1875
David Shula,CIN,1994,16,3,13,0,0.1875
David Shula,CIN,1995,16,7,9,0,0.4375
David Shula,CIN,1996,7,1,6,0,0.1429
DeMeco Ryans,HTX,2023,17,10,7,0,0.5882
DeMeco Ryans,HTX,2024,17,10,7,0,0.5882
Dennis Allen,RAI,2012,16,4,12,0,0.25
Dennis Allen,RAI,2013,16,4,12,0,0.25
Dennis Allen,RAI,2014,4,0,4,0,0.0
Dennis Allen,NOR,2022,17,7,10,0,0.4118
Dennis Allen,NOR,2023,17,9,8,0,0.5294
Dennis Allen,NOR,2024,9,2,7,0,0.2222
Dennis Erickson,SEA,1995,16,8,8,0,0.5
Dennis Erickson,SEA,1996,16,7,9,0,0.4375
Dennis Erickson,SEA,1997,16,8,8,0,0.5
Dennis Erickson,SEA,1998,16,8,8,0,0.5
Dennis Erickson,SFO,2003,16,7,9,0,0.4375
Dennis Erickson,SFO,2004,16,2,14,0,0.125
Dennis Green,MIN,1992,16,11,5,0,0.6875
Dennis Green,MIN,1993,16,9,7,0,0.5625
Dennis Green,MIN,1994,16,10,6,0,0.625
Dennis Green,MIN,1995,16,8,8,0,0.5
Dennis Green,MIN,1996,16,9,7,0,0.5625
Dennis Green,MIN,1997,16,9,7,0,0.5625
Dennis Green,MIN,1998,16,15,1,0,0.9375
Dennis Green,MIN,1999,16,10,6,0,0.625
Dennis Green,MIN,2000,16,11,5,0,0.6875
Dennis Green,MIN,2001,15,5,10,0,0.3333
Dennis Green,CRD,2004,16,6,10,0,0.375
Dennis Green,CRD,2005,16,5,11,0,0.3125
Dennis Green,CRD,2006,16,5,11,0,0.3125
Dick Jauron,CHI,1999,16,6,10,0,0.375
Dick Jauron,CHI,2000,16,5,11,0,0.3125
Dick Jauron,CHI,2001,16,13,3,0,0.8125
Dick Jauron,CHI,2002,16,4,12,0,0.25
Dick Jauron,CHI,2003,16,7,9,0,0.4375
Dick Jauron,BUF,2006,16,7,9,0,0.4375
Dick Jauron,BUF,2007,16,7,9,0,0.4375
Dick Jauron,BUF,2008,16,7,9,0,0.4375
Dick Jauron,BUF,2009,9,3,6,0,0.3333
Dick LeBeau,CIN,2001,16,6,10,0,0.375
Dick LeBeau,CIN,2002,16,2,14,0,0.125
Dick MacPherson,NWE,1991,16,6,10,0,0.375
Dick MacPherson,NWE,1992,16,2,14,0,0.125
Dick Nolan,SFO,1970,14,10,3,1,0.75
Dick Nolan,SFO,1971,14,9,5,0,0.6429
Dick Nolan,SFO,1972,14,8,5,1,0.6071
Dick Nolan,SFO,1973,14,5,9,0,0.3571
Dick Nolan,SFO,1974,14,6,8,0,0.4286
Dick Nolan,SFO,1975,14,5,9,0,0.3571
Dick Nolan,NOR,1978,16,7,9,0,0.4375
Dick Nolan,NOR,1979,16,8,8,0,0.5
Dick Nolan,NOR,1980,12,0,12,0,0.0
Dick Vermeil,PHI,1976,14,4,10,0,0.2857
Dick Vermeil,PHI,1977,14,5,9,0,0.3571
Dick Vermeil,PHI,1978,16,9,7,0,0.5625
Dick Vermeil,PHI,1979,16,11,5,0,0.6875
Dick Vermeil,PHI,1980,16,12,4,0,0.75
Dick Vermeil,PHI,1981,16,10,6,0,0.625
Dick Vermeil,PHI,1982,9,3,6,0,0.3333
Dick Vermeil,RAM,1997,16,5,11,0,0.3125
Dick Vermeil,RAM,1998,16,4,12,0,0.25
Dick Vermeil,RAM,1999,16,13,3,0,0.8125
Dick Vermeil,KAN,2001,16,6,10,0,0.375
Dick Vermeil,KAN,2002,16,8,8,0,0.5
Dick Vermeil,KAN,2003,16,13,3,0,0.8125
Dick Vermeil,KAN,2004,16,7,9,0,0.4375
Dick Vermeil,KAN,2005,16,10,6,0,0.625
Dirk Koetter,TAM,2016,16,9,7,0,0.5625
Dirk Koetter,TAM,2017,16,5,11,0,0.3125
Dirk Koetter,TAM,2018,16,5,11,0,0.3125
Dom Capers,CAR,1995,16,7,9,0,0.4375
Dom Capers,CAR,1996,16,12,4,0,0.75
Dom Capers,CAR,1997,16,7,9,0,0.4375
Dom Capers,CAR,1998,16,4,12,0,0.25
Dom Capers,HTX,2002,16,4,12,0,0.25
Dom Capers,HTX,2003,16,5,11,0,0.3125
Dom Capers,HTX,2004,16,7,9,0,0.4375
Dom Capers,HTX,2005,16,2,14,0,0.125
Don Coryell,CRD,1973,14,4,9,1,0.3214
Don Coryell,CRD,1974,14,10,4,0,0.7143
Don Coryell,CRD,1975,14,11,3,0,0.7857
Don Coryell,CRD,1976,14,10,4,0,0.7143
Don Coryell,CRD,1977,14,7,7,0,0.5
Don Coryell,SDG,1979,16,12,4,0,0.75
Don Coryell,SDG,1980,16,11,5,0,0.6875
Don Coryell,SDG,1981,16,10,6,0,0.625
Don Coryell,SDG,1982,9,6,3,0,0.6667
Don Coryell,SDG,1983,16,6,10,0,0.375
Don Coryell,SDG,1984,16,7,9,0,0.4375
Don Coryell,SDG,1985,16,8,8,0,0.5
Don Coryell,SDG,1986,8,1,7,0,0.125
Don McCafferty,CLT,1970,14,11,2,1,0.8214
Don McCafferty,CLT,1971,14,10,4,0,0.7143
Don McCafferty,CLT,1972,5,1,4,0,0.2
Don McCafferty,DET,1973,14,6,7,1,0.4643
Don Shula,MIA,1970,14,10,4,0,0.7143
Don Shula,MIA,1971,14,10,3,1,0.75
Don Shula,MIA,1972,14,14,0,0,1.0
Don Shula,MIA,1973,14,12,2,0,0.8571
Don Shula,MIA,1974,14,11,3,0,0.7857
Don Shula,MIA,1975,14,10,4,0,0.7143
Don Shula,MIA,1976,14,6,8,0,0.4286
Don Shula,MIA,1977,14,10,4,0,0.7143
Don Shula,MIA,1978,16,11,5,0,0.6875
Don Shula,MIA,1979,16,10,6,0,0.625
Don Shula,MIA,1980,16,8,8,0,0.5
Don Shula,MIA,1981,16,11,4,1,0.7188
Don Shula,MIA,1982,9,7,2,0,0.7778
Don Shula,MIA,1983,16,12,4,0,0.75
Don Shula,MIA,1984,16,14,2,0,0.875
Don Shula,MIA,1985,16,12,4,0,0.75
Don Shula,MIA,1986,16,8,8,0,0.5
Don Shula,MIA,1987,15,8,7,0,0.5333
Don Shula,MIA,1988,16,6,10,0,0.375
Don Shula,MIA,1989,16,8,8,0,0.5
Don Shula,MIA,1990,16,12,4,0,0.75
Don Shula,MIA,1991,16,8,8,0,0.5
Don Shula,MIA,1992,16,11,5,0,0.6875
Don Shula,MIA,1993,16,9,7,0,0.5625
Don Shula,MIA,1994,16,10,6,0,0.625
Don Shula,MIA,1995,16,9,7,0,0.5625
Doug Marrone,BUF,2013,16,6,10,0,0.375
Doug Marrone,BUF,2014,16,9,7,0,0.5625
Doug Marrone,JAX,2017,16,10,6,0,0.625
Doug Marrone,JAX,2018,16,5,11,0,0.3125
Doug Marrone,JAX,2019,16,6,10,0,0.375
Doug Marrone,JAX,2020,16,1,15,0,0.0625
Doug Pederson,PHI,2016,16,7,9,0,0.4375
Doug Pederson,PHI,2017,16,13,3,0,0.8125
Doug Pederson,PHI,2018,16,9,7,0,0.5625
Doug Pederson,PHI,2019,16,9,7,0,0.5625
Doug Pederson,PHI,2020,16,4,11,1,0.2812
Doug Pederson,JAX,2022,17,9,8,0,0.5294
Doug Pederson,JAX,2023,17,9,8,0,0.5294
Doug Pederson,JAX,2024,17,4,13,0,0.2353
Ed Biles,OTI,1981,16,7,9,0,0.4375
Ed Biles,OTI,1982,9,1,8,0,0.1111
Ed Biles,OTI,1983,6,0,6,0,0.0
Ed Hughes,OTI,1971,14,4,9,1,0.3214
Ed Khayat,PHI,1972,14,2,11,1,0.1786
Eric Mangini,NYJ,2006,16,10,6,0,0.625
Eric Mangini,NYJ,2007,16,4,12,0,0.25
Eric Mangini,NYJ,2008,16,9,7,0,0.5625
Eric Mangini,CLE,2009,16,5,11,0,0.3125
Eric Mangini,CLE,2010,16,5,11,0,0.3125
Forrest Gregg,CLE,1975,14,3,11,0,0.2143
Forrest Gregg,CLE,1976,14,9,5,0,0.6429
Forrest Gregg,CLE,1977,13,6,7,0,0.4615
Forrest Gregg,CIN,1980,16,6,10,0,0.375
Forrest Gregg,CIN,1981,16,12,4,0,0.75
Forrest Gregg,CIN,1982,9,7,2,0,0.7778
Forrest Gregg,CIN,1983,16,7,9,0,0.4375
Forrest Gregg,GNB,1984,16,8,8,0,0.5
Forrest Gregg,GNB,1985,16,8,8,0,0.5
Forrest Gregg,GNB,1986,16,4,12,0,0.25
Forrest Gregg,GNB,1987,15,5,9,1,0.3667
Frank Gansz,KAN,1987,15,4,11,0,0.2667
Frank Gansz,KAN,1988,16,4,11,1,0.2812
Frank Kush,CLT,1982,9,0,8,1,0.0556
Frank Kush,CLT,1983,16,7,9,0,0.4375
Frank Kush,CLT,1984,15,4,11,0,0.2667
Frank Reich,CLT,2018,16,10,6,0,0.625
Frank Reich,CLT,2019,16,7,9,0,0.4375
Frank Reich,CLT,2020,16,11,5,0,0.6875
Frank Reich,CLT,2021,17,9,8,0,0.5294
Frank Reich,CLT,2022,9,3,5,1,0.3889
Frank Reich,CAR,2023,11,1,10,0,0.0909
Freddie Kitchens,CLE,2019,16,6,10,0,0.375
Gary Kubiak,HTX,2006,16,6,10,0,0.375
Gary Kubiak,HTX,2007,16,8,8,0,0.5
Gary Kubiak,HTX,2008,16,8,8,0,0.5
Gary Kubiak,HTX,2009,16,9,7,0,0.5625
Gary Kubiak,HTX,2010,16,6,10,0,0.375
Gary Kubiak,HTX,2011,16,10,6,0,0.625
Gary Kubiak,HTX,2012,16,12,4,0,0.75
Gary Kubiak,HTX,2013,13,2,11,0,0.1538
Gary Kubiak,DEN,2015,16,12,4,0,0.75
Gary Kubiak,DEN,2016,16,9,7,0,0.5625
Gene Stallings,CRD,1986,16,4,11,1,0.2812
Gene Stallings,CRD,1987,15,7,8,0,0.4667
Gene Stallings,CRD,1988,16,7,9,0,0.4375
Gene Stallings,CRD,1989,11,5,6,0,0.4545
George Allen,RAM,1970,14,9,4,1,0.6786
George Allen,WAS,1971,14,9,4,1,0.6786
George Allen,WAS,1972,14,11,3,0,0.7857
George Allen,WAS,1973,14,10,4,0,0.7143
George Allen,WAS,1974,14,10,4,0,0.7143
George Allen,WAS,1975,14,8,6,0,0.5714
George Allen,WAS,1976,14,10,4,0,0.7143
George Allen,WAS,1977,14,9,5,0,0.6429
George Seifert,SFO,1989,16,14,2,0,0.875
George Seifert,SFO,1990,16,14,2,0,0.875
George Seifert,SFO,1991,16,10,6,0,0.625
George Seifert,SFO,1992,16,14,2,0,0.875
George Seifert,SFO,1993,16,10,6,0,0.625
George Seifert,SFO,1994,16,13,3,0,0.8125
George Seifert,SFO,1995,16,11,5,0,0.6875
George Seifert,SFO,1996,16,12,4,0,0.75
George Seifert,CAR,1999,16,8,8,0,0.5
George Seifert,CAR,2000,16,7,9,0,0.4375
George Seifert,CAR,2001,16,1,15,0,0.0625
Greg Schiano,TAM,2012,16,7,9,0,0.4375
Greg Schiano,TAM,2013,16,4,12,0,0.25
Gregg Williams,BUF,2001,16,3,13,0,0.1875
Gregg Williams,BUF,2002,16,8,8,0,0.5
Gregg Williams,BUF,2003,16,6,10,0,0.375
Gunther Cunningham,KAN,1999,16,9,7,0,0.5625
Gunther Cunningham,KAN,2000,16,7,9,0,0.4375
Gus Bradley,JAX,2013,16,4,12,0,0.25
Gus Bradley,JAX,2014,16,3,13,0,0.1875
Gus Bradley,JAX,2015,16,5,11,0,0.3125
Gus Bradley,JAX,2016,14,2,12,0,0.1429
Hank Bullough,BUF,1986,9,2,7,0,0.2222
Hank Stram,KAN,1970,14,7,5,2,0.5714
Hank Stram,KAN,1971,14,10,3,1,0.75
Hank Stram,KAN,1972,14,8,6,0,0.5714
Hank Stram,KAN,1973,14,7,5,2,0.5714
Hank Stram,KAN,1974,14,5,9,0,0.3571
Hank Stram,NOR,1976,14,4,10,0,0.2857
Hank Stram,NOR,1977,14,3,11,0,0.2143
Harland Svare,SDG,1972,14,4,9,1,0.3214
Harland Svare,SDG,1973,8,1,6,1,0.1875
Harvey Johnson,BUF,1971,14,1,13,0,0.0714
Herm Edwards,NYJ,2001,16,10,6,0,0.625
Herm Edwards,NYJ,2002,16,9,7,0,0.5625
Herm Edwards,NYJ,2003,16,6,10,0,0.375
Herm Edwards,NYJ,2004,16,10,6,0,0.625
Herm Edwards,NYJ,2005,16,4,12,0,0.25
Herm Edwards,KAN,2006,16,9,7,0,0.5625
Herm Edwards,KAN,2007,16,4,12,0,0.25
Herm Edwards,KAN,2008,16,2,14,0,0.125
Homer Rice,CIN,1979,16,4,12,0,0.25
Howard Schnellenberger,CLT,1973,14,4,10,0,0.2857
Howard Schnellenberger,CLT,1974,3,0,3,0,0.0
Hue Jackson,RAI,2011,16,8,8,0,0.5
Hue Jackson,CLE,2016,16,1,15,0,0.0625
Hue Jackson,CLE,2017,16,0,16,0,0.0
Hue Jackson,CLE,2018,8,2,5,1,0.3125
Hugh Campbell,OTI,1984,16,3,13,0,0.1875
Hugh Campbell,OTI,1985,14,5,9,0,0.3571
J.D. Roberts,NOR,1970,7,1,6,0,0.1429
J.D. Roberts,NOR,1971,14,4,8,2,0.3571
J.D. Roberts,NOR,1972,14,2,11,1,0.1786
Jack Del Rio,JAX,2003,16,5,11,0,0.3125
Jack Del Rio,JAX,2004,16,9,7,0,0.5625
Jack Del Rio,JAX,2005,16,12,4,0,0.75
Jack Del Rio,JAX,2006,16,8,8,0,0.5
Jack Del Rio,JAX,2007,16,11,5,0,0.6875
Jack Del Rio,JAX,2008,16,5,11,0,0.3125
Jack Del Rio,JAX,2009,16,7,9,0,0.4375
Jack Del Rio,JAX,2010,16,8,8,0,0.5
Jack Del Rio,JAX,2011,11,3,8,0,0.2727
Jack Del Rio,RAI,2015,16,7,9,0,0.4375
Jack Del Rio,RAI,2016,16,12,4,0,0.75
Jack Del Rio,RAI,2017,16,6,10,0,0.375
Jack Pardee,CHI,1975,14,4,10,0,0.2857
Jack Pardee,CHI,1976,14,7,7,0,0.5
Jack Pardee,CHI,1977,14,9,5,0,0.6429
Jack Pardee,WAS,1978,16,8,8,0,0.5
Jack Pardee,WAS,1979,16,10,6,0,0.625
Jack Pardee,WAS,1980,16,6,10,0,0.375
Jack Pardee,OTI,1990,16,9,7,0,0.5625
Jack Pardee,OTI,1991,16,11,5,0,0.6875
Jack Pardee,OTI,1992,16,10,6,0,0.625
Jack Pardee,OTI,1993,16,12,4,0,0.75
Jack Pardee,OTI,1994,10,1,9,0,0.1
Jack Patera,SEA,1976,14,2,12,0,0.1429
Jack Patera,SEA,1977,14,5,9,0,0.3571
Jack Patera,SEA,1978,16,9,7,0,0.5625
Jack Patera,SEA,1979,16,9,7,0,0.5625
Jack Patera,SEA,1980,16,4,12,0,0.25
Jack Patera,SEA,1981,16,6,10,0,0.375
Jack Patera,SEA,1982,2,0,2,0,0.0
Jason Garrett,DAL,2011,16,8,8,0,0.5
Jason Garrett,DAL,2012,16,8,8,0,0.5
Jason Garrett,DAL,2013,16,8,8,0,0.5
Jason Garrett,DAL,2014,16,12,4,0,0.75
Jason Garrett,DAL,2015,16,4,12,0,0.25
Jason Garrett,DAL,2016,16,13,3,0,0.8125
Jason Garrett,DAL,2017,16,9,7,0,0.5625
Jason Garrett,DAL,2018,16,10,6,0,0.625
Jason Garrett,DAL,2019,16,8,8,0,0.5
Jay Gruden,WAS,2014,16,4,12,0,0.25
Jay Gruden,WAS,2015,16,9,7,0,0.5625
Jay Gruden,WAS,2016,16,8,7,1,0.5312
Jay Gruden,WAS,2017,16,7,9,0,0.4375
Jay Gruden,WAS,2018,16,7,9,0,0.4375
Jay Gruden,WAS,2019,5,0,5,0,0.0
Jeff Fisher,OTI,1995,16,7,9,0,0.4375
Jeff Fisher,OTI,1996,16,8,8,0,0.5
Jeff Fisher,OTI,1997,16,8,8,0,0.5
Jeff Fisher,OTI,1998,16,8,8,0,0.5
Jeff Fisher,OTI,1999,16,13,3,0,0.8125
Jeff Fisher,OTI,2000,16,13,3,0,0.8125
Jeff Fisher,OTI,2001,16,7,9,0,0.4375
Jeff Fisher,OTI,2002,16,11,5,0,0.6875
Jeff Fisher,OTI,2003,16,12,4,0,0.75
Jeff Fisher,OTI,2004,16,5,11,0,0.3125
Jeff Fisher,OTI,2005,16,4,12,0,0.25
Jeff Fisher,OTI,2006,16,8,8,0,0.5
Jeff Fisher,OTI,2007,16,10,6,0,0.625
Jeff Fisher,OTI,2008,16,13,3,0,0.8125
Jeff Fisher,OTI,2009,16,8,8,0,0.5
Jeff Fisher,OTI,2010,16,6,10,0,0.375
Jeff Fisher,RAM,2012,16,7,8,1,0.4688
Jeff Fisher,RAM,2013,16,7,9,0,0.4375
Jeff Fisher,RAM,2014,16,6,10,0,0.375
Jeff Fisher,RAM,2015,16,7,9,0,0.4375
Jeff Fisher,RAM,2016,13,4,9,0,0.3077
Jerod Mayo,NWE,2024,17,4,13,0,0.2353
Jerry Burns,MIN,1986,16,9,7,0,0.5625
Jerry Burns,MIN,1987,15,8,7,0,0.5333
Jerry Burns,MIN,1988,16,11,5,0,0.6875
Jerry Burns,MIN,1989,16,10,6,0,0.625
Jerry Burns,MIN,1990,16,6,10,0,0.375
Jerry Burns,MIN,1991,16,8,8,0,0.5
Jerry Glanville,OTI,1986,16,5,11,0,0.3125
Jerry Glanville,OTI,1987,15,9,6,0,0.6
Jerry Glanville,OTI,1988,16,10,6,0,0.625
Jerry Glanville,OTI,1989,16,9,7,0,0.5625
Jerry Glanville,ATL,1990,16,5,11,0,0.3125
Jerry Glanville,ATL,1991,16,10,6,0,0.625
Jerry Glanville,ATL,1992,16,6,10,0,0.375
Jerry Glanville,ATL,1993,16,6,10,0,0.375
Jerry Williams,PHI,1970,14,3,10,1,0.25
Jerry Williams,PHI,1971,3,0,3,0,0.0
Jim Caldwell,CLT,2009,16,14,2,0,0.875
Jim Caldwell,CLT,2010,16,10,6,0,0.625
Jim Caldwell,CLT,2011,16,2,14,0,0.125
Jim Caldwell,DET,2014,16,11,5,0,0.6875
Jim Caldwell,DET,2015,16,7,9,0,0.4375
Jim Caldwell,DET,2016,16,9,7,0,0.5625
Jim Caldwell,DET,2017,16,9,7,0,0.5625
Jim Dooley,CHI,1970,14,6,8,0,0.4286
Jim Dooley,CHI,1971,14,6,8,0,0.4286
Jim Fassel,NYG,1997,16,10,5,1,0.6562
Jim Fassel,NYG,1998,16,8,8,0,0.5
Jim Fassel,NYG,1999,16,7,9,0,0.4375
Jim Fassel,NYG,2000,16,12,4,0,0.75
Jim Fassel,NYG,2001,16,7,9,0,0.4375
Jim Fassel,NYG,2002,16,10,6,0,0.625
Jim Fassel,NYG,2003,16,4,12,0,0.25
Jim Hanifan,CRD,1980,16,5,11,0,0.3125
Jim Hanifan,CRD,1981,16,7,9,0,0.4375
Jim Hanifan,CRD,1982,9,5,4,0,0.5556
Jim Hanifan,CRD,1983,16,8,7,1,0.5312
Jim Hanifan,CRD,1984,16,9,7,0,0.5625
Jim Hanifan,CRD,1985,16,5,11,0,0.3125
Jim Harbaugh,SFO,2011,16,13,3,0,0.8125
Jim Harbaugh,SFO,2012,16,11,4,1,0.7188
Jim Harbaugh,SFO,2013,16,12,4,0,0.75
Jim Harbaugh,SFO,2014,16,8,8,0,0.5
Jim Harbaugh,SDG,2024,17,11,6,0,0.6471
Jim Haslett,NOR,2000,16,10,6,0,0.625
Jim Haslett,NOR,2001,16,7,9,0,0.4375
Jim Haslett,NOR,2002,16,9,7,0,0.5625
Jim Haslett,NOR,2003,16,8,8,0,0.5
Jim Haslett,NOR,2004,16,8,8,0,0.5
Jim Haslett,NOR,2005,16,3,13,0,0.1875
Jim Mora Jr,ATL,2004,16,11,5,0,0.6875
Jim Mora Jr,ATL,2005,16,8,8,0,0.5
Jim Mora Jr,ATL,2006,16,7,9,0,0.4375
Jim Mora Jr,SEA,2009,16,5,11,0,0.3125
Jim Mora Sr,NOR,1986,16,7,9,0,0.4375
Jim Mora Sr,NOR,1987,15,12,3,0,0.8
Jim Mora Sr,NOR,1988,16,10,6,0,0.625
Jim Mora Sr,NOR,1989,16,9,7,0,0.5625
Jim Mora Sr,NOR,1990,16,8,8,0,0.5
Jim Mora Sr,NOR,1991,16,11,5,0,0.6875
Jim Mora Sr,NOR,1992,16,12,4,0,0.75
Jim Mora Sr,NOR,1993,16,8,8,0,0.5
Jim Mora Sr,NOR,1994,16,7,9,0,0.4375
Jim Mora Sr,NOR,1995,16,7,9,0,0.4375
Jim Mora Sr,NOR,1996,8,2,6,0,0.25
Jim Mora Sr,CLT,1998,16,3,13,0,0.1875
Jim Mora Sr,CLT,1999,16,13,3,0,0.8125
Jim Mora Sr,CLT,2000,16,10,6,0,0.625
Jim Mora Sr,CLT,2001,16,6,10,0,0.375
Jim Ringo,BUF,1977,14,3,11,0,0.2143
Jim Schwartz,DET,2009,16,2,14,0,0.125
Jim Schwartz,DET,2010,16,6,10,0,0.375
Jim Schwartz,DET,2011,16,10,6,0,0.625
Jim Schwartz,DET,2012,16,4,12,0,0.25
Jim Schwartz,DET,2013,16,7,9,0,0.4375
Jim Tomsula,SFO,2015,16,5,11,0,0.3125
Jim Zorn,WAS,2008,16,8,8,0,0.5
Jim Zorn,WAS,2009,16,4,12,0,0.25
Jimmy Johnson,DAL,1989,16,1,15,0,0.0625
Jimmy Johnson,DAL,1990,16,7,9,0,0.4375
Jimmy Johnson,DAL,1991,16,11,5,0,0.6875
Jimmy Johnson,DAL,1992,16,13,3,0,0.8125
Jimmy Johnson,DAL,1993,16,12,4,0,0.75
Jimmy Johnson,MIA,1996,16,8,8,0,0.5
Jimmy Johnson,MIA,1997,16,9,7,0,0.5625
Jimmy Johnson,MIA,1998,16,10,6,0,0.625
Jimmy Johnson,MIA,1999,16,9,7,0,0.5625
Joe Bugel,CRD,1990,16,5,11,0,0.3125
Joe Bugel,CRD,1991,16,4,12,0,0.25
Joe Bugel,CRD,1992,16,4,12,0,0.25
Joe Bugel,CRD,1993,16,7,9,0,0.4375
Joe Bugel,RAI,1997,16,4,12,0,0.25
Joe Gibbs,WAS,1981,16,8,8,0,0.5
Joe Gibbs,WAS,1982,9,8,1,0,0.8889
Joe Gibbs,WAS,1983,16,14,2,0,0.875
Joe Gibbs,WAS,1984,16,11,5,0,0.6875
Joe Gibbs,WAS,1985,16,10,6,0,0.625
Joe Gibbs,WAS,1986,16,12,4,0,0.75
Joe Gibbs,WAS,1987,15,11,4,0,0.7333
Joe Gibbs,WAS,1988,16,7,9,0,0.4375
Joe Gibbs,WAS,1989,16,10,6,0,0.625
Joe Gibbs,WAS,1990,16,10,6,0,0.625
Joe Gibbs,WAS,1991,16,14,2,0,0.875
Joe Gibbs,WAS,1992,16,9,7,0,0.5625
Joe Gibbs,WAS,2004,16,6,10,0,0.375
Joe Gibbs,WAS,2005,16,10,6,0,0.625
Joe Gibbs,WAS,2006,16,5,11,0,0.3125
Joe Gibbs,WAS,2007,16,9,7,0,0.5625
Joe Judge,NYG,2020,16,6,10,0,0.375
Joe Judge,NYG,2021,17,4,13,0,0.2353
Joe Philbin,MIA,2012,16,7,9,0,0.4375
Joe Philbin,MIA,2013,16,8,8,0,0.5
Joe Philbin,MIA,2014,16,8,8,0,0.5
Joe Philbin,MIA,2015,4,1,3,0,0.25
Joe Schmidt,DET,1970,14,10,4,0,0.7143
Joe Schmidt,DET,1971,14,7,6,1,0.5357
Joe Schmidt,DET,1972,14,8,5,1,0.6071
Joe Vitt,NOR,2012,10,5,5,0,0.5
Joe Walton,NYJ,1983,16,7,9,0,0.4375
Joe Walton,NYJ,1984,16,7,9,0,0.4375
Joe Walton,NYJ,1985,16,11,5,0,0.6875
Joe Walton,NYJ,1986,16,10,6,0,0.625
Joe Walton,NYJ,1987,15,6,9,0,0.4
Joe Walton,NYJ,1988,16,8,7,1,0.5312
Joe Walton,NYJ,1989,16,4,12,0,0.25
John Fox,CAR,2002,16,7,9,0,0.4375
John Fox,CAR,2003,16,11,5,0,0.6875
John Fox,CAR,2004,16,7,9,0,0.4375
John Fox,CAR,2005,16,11,5,0,0.6875
John Fox,CAR,2006,16,8,8,0,0.5
John Fox,CAR,2007,16,7,9,0,0.4375
John Fox,CAR,2008,16,12,4,0,0.75
John Fox,CAR,2009,16,8,8,0,0.5
John Fox,CAR,2010,16,2,14,0,0.125
John Fox,DEN,2011,16,8,8,0,0.5
John Fox,DEN,2012,16,13,3,0,0.8125
John Fox,DEN,2013,16,13,3,0,0.8125
John Fox,DEN,2014,16,12,4,0,0.75
John Fox,CHI,2015,16,6,10,0,0.375
John Fox,CHI,2016,16,3,13,0,0.1875
John Fox,CHI,2017,16,5,11,0,0.3125
John Harbaugh,RAV,2008,16,11,5,0,0.6875
John Harbaugh,RAV,2009,16,9,7,0,0.5625
John Harbaugh,RAV,2010,16,12,4,0,0.75
John Harbaugh,RAV,2011,16,12,4,0,0.75
John Harbaugh,RAV,2012,16,10,6,0,0.625
John Harbaugh,RAV,2013,16,8,8,0,0.5
John Harbaugh,RAV,2014,16,10,6,0,0.625
John Harbaugh,RAV,2015,16,5,11,0,0.3125
John Harbaugh,RAV,2016,16,8,8,0,0.5
John Harbaugh,RAV,2017,16,9,7,0,0.5625
John Harbaugh,RAV,2018,16,10,6,0,0.625
John Harbaugh,RAV,2019,16,14,2,0,0.875
John Harbaugh,RAV,2020,16,11,5,0,0.6875
John Harbaugh,RAV,2021,17,8,9,0,0.4706
John Harbaugh,RAV,2022,17,10,7,0,0.5882
John Harbaugh,RAV,2023,17,13,4,0,0.7647
John Harbaugh,RAV,2024,17,12,5,0,0.7059
John Mackovic,KAN,1983,16,6,10,0,0.375
John Mackovic,KAN,1984,16,8,8,0,0.5
John Mackovic,KAN,1985,16,6,10,0,0.375
John Mackovic,KAN,1986,16,10,6,0,0.625
John Madden,RAI,1970,14,8,4,2,0.6429
John Madden,RAI,1971,14,8,4,2,0.6429
John Madden,RAI,1972,14,10,3,1,0.75
John Madden,RAI,1973,14,9,4,1,0.6786
John Madden,RAI,1974,14,12,2,0,0.8571
John Madden,RAI,1975,14,11,3,0,0.7857
John Madden,RAI,1976,14,13,1,0,0.9286
John Madden,RAI,1977,14,11,3,0,0.7857
John Madden,RAI,1978,16,9,7,0,0.5625
John Mazur,NWE,1971,14,6,8,0,0.4286
John Mazur,NWE,1972,9,2,7,0,0.2222
John McKay,TAM,1976,14,0,14,0,0.0
John McKay,TAM,1977,14,2,12,0,0.1429
John McKay,TAM,1978,16,5,11,0,0.3125
John McKay,TAM,1979,16,10,6,0,0.625
John McKay,TAM,1980,16,5,10,1,0.3438
John McKay,TAM,1981,16,9,7,0,0.5625
John McKay,TAM,1982,9,5,4,0,0.5556
John McKay,TAM,1983,16,2,14,0,0.125
John McKay,TAM,1984,16,6,10,0,0.375
John McVay,NYG,1977,14,5,9,0,0.3571
John McVay,NYG,1978,16,6,10,0,0.375
John North,NOR,1973,14,5,9,0,0.3571
John North,NOR,1974,14,5,9,0,0.3571
John North,NOR,1975,6,1,5,0,0.1667
John Ralston,DEN,1972,14,5,9,0,0.3571
John Ralston,DEN,1973,14,7,5,2,0.5714
John Ralston,DEN,1974,14,7,6,1,0.5357
John Ralston,DEN,1975,14,6,8,0,0.4286
John Ralston,DEN,1976,14,9,5,0,0.6429
John Rauch,BUF,1970,14,3,10,1,0.25
John Robinson,RAM,1983,16,9,7,0,0.5625
John Robinson,RAM,1984,16,10,6,0,0.625
John Robinson,RAM,1985,16,11,5,0,0.6875
John Robinson,RAM,1986,16,10,6,0,0.625
John Robinson,RAM,1987,15,6,9,0,0.4
John Robinson,RAM,1988,16,10,6,0,0.625
John Robinson,RAM,1989,16,11,5,0,0.6875
John Robinson,RAM,1990,16,5,11,0,0.3125
John Robinson,RAM,1991,16,3,13,0,0.1875
Jon Gruden,RAI,1998,16,8,8,0,0.5
Jon Gruden,RAI,1999,16,8,8,0,0.5
Jon Gruden,RAI,2000,16,12,4,0,0.75
Jon Gruden,RAI,2001,16,10,6,0,0.625
Jon Gruden,TAM,2002,16,12,4,0,0.75
Jon Gruden,TAM,2003,16,7,9,0,0.4375
Jon Gruden,TAM,2004,16,5,11,0,0.3125
Jon Gruden,TAM,2005,16,11,5,0,0.6875
Jon Gruden,TAM,2006,16,4,12,0,0.25
Jon Gruden,TAM,2007,16,9,7,0,0.5625
Jon Gruden,TAM,2008,16,9,7,0,0.5625
Jon Gruden,RAI,2018,16,4,12,0,0.25
Jon Gruden,RAI,2019,16,7,9,0,0.4375
Jon Gruden,RAI,2020,16,8,8,0,0.5
Jon Gruden,RAI,2021,5,3,2,0,0.6
Jonathan Gannon,CRD,2023,17,4,13,0,0.2353
Jonathan Gannon,CRD,2024,17,8,9,0,0.4706
Josh McDaniels,DEN,2009,16,8,8,0,0.5
Josh McDaniels,DEN,2010,12,3,9,0,0.25
Josh McDaniels,RAI,2022,17,6,11,0,0.3529
Josh McDaniels,RAI,2023,8,3,5,0,0.375
June Jones,ATL,1994,16,7,9,0,0.4375
June Jones,ATL,1995,16,9,7,0,0.5625
June Jones,ATL,1996,16,3,13,0,0.1875
Kay Stephenson,BUF,1983,16,8,8,0,0.5
Kay Stephenson,BUF,1984,16,2,14,0,0.125
Kay Stephenson,BUF,1985,4,0,4,0,0.0
Ken Meyer,SFO,1977,14,5,9,0,0.3571
Ken Whisenhunt,CRD,2007,16,8,8,0,0.5
Ken Whisenhunt,CRD,2008,16,9,7,0,0.5625
Ken Whisenhunt,CRD,2009,16,10,6,0,0.625
Ken Whisenhunt,CRD,2010,16,5,11,0,0.3125
Ken Whisenhunt,CRD,2011,16,8,8,0,0.5
Ken Whisenhunt,CRD,2012,16,5,11,0,0.3125
Ken Whisenhunt,OTI,2014,16,2,14,0,0.125
Ken Whisenhunt,OTI,2015,7,1,6,0,0.1429
Kevin Gilbride,SDG,1997,16,4,12,0,0.25
Kevin Gilbride,SDG,1998,6,2,4,0,0.3333
Kevin O'Connell,MIN,2022,17,13,4,0,0.7647
Kevin O'Connell,MIN,2023,17,7,10,0,0.4118
Kevin O'Connell,MIN,2024,17,14,3,0,0.8235
Kevin Stefanski,CLE,2020,16,11,5,0,0.6875
Kevin Stefanski,CLE,2021,17,8,9,0,0.4706
Kevin Stefanski,CLE,2022,17,7,10,0,0.4118
Kevin Stefanski,CLE,2023,17,11,6,0,0.6471
Kevin Stefanski,CLE,2024,17,3,14,0,0.1765
Kliff Kingsbury,CRD,2019,16,5,10,1,0.3438
Kliff Kingsbury,CRD,2020,16,8,8,0,0.5
Kliff Kingsbury,CRD,2021,17,11,6,0,0.6471
Kliff Kingsbury,CRD,2022,17,4,13,0,0.2353
Kyle Shanahan,SFO,2017,16,6,10,0,0.375
Kyle Shanahan,SFO,2018,16,4,12,0,0.25
Kyle Shanahan,SFO,2019,16,13,3,0,0.8125
Kyle Shanahan,SFO,2020,16,6,10,0,0.375
Kyle Shanahan,SFO,2021,17,10,7,0,0.5882
Kyle Shanahan,SFO,2022,17,13,4,0,0.7647
Kyle Shanahan,SFO,2023,17,12,5,0,0.7059
Kyle Shanahan,SFO,2024,17,6,11,0,0.3529
Lane Kiffin,RAI,2007,16,4,12,0,0.25
Lane Kiffin,RAI,2008,4,1,3,0,0.25
Leeman Bennett,ATL,1977,14,7,7,0,0.5
Leeman Bennett,ATL,1978,16,9,7,0,0.5625
Leeman Bennett,ATL,1979,16,6,10,0,0.375
Leeman Bennett,ATL,1980,16,12,4,0,0.75
Leeman Bennett,ATL,1981,16,7,9,0,0.4375
Leeman Bennett,ATL,1982,9,5,4,0,0.5556
Leeman Bennett,TAM,1985,16,2,14,0,0.125
Leeman Bennett,TAM,1986,16,2,14,0,0.125
Les Steckel,MIN,1984,16,3,13,0,0.1875
Leslie Frazier,MIN,2011,16,3,13,0,0.1875
Leslie Frazier,MIN,2012,16,10,6,0,0.625
Leslie Frazier,MIN,2013,16,5,10,1,0.3438
Lindy Infante,GNB,1988,16,4,12,0,0.25
Lindy Infante,GNB,1989,16,10,6,0,0.625
Lindy Infante,GNB,1990,16,6,10,0,0.375
Lindy Infante,GNB,1991,16,4,12,0,0.25
Lindy Infante,CLT,1996,16,9,7,0,0.5625
Lindy Infante,CLT,1997,16,3,13,0,0.1875
Lou Holtz,NYJ,1976,13,3,10,0,0.2308
Lou Saban,DEN,1970,14,5,8,1,0.3929
Lou Saban,DEN,1971,9,2,6,1,0.2778
Lou Saban,BUF,1972,14,4,9,1,0.3214
Lou Saban,BUF,1973,14,9,5,0,0.6429
Lou Saban,BUF,1974,14,9,5,0,0.6429
Lou Saban,BUF,1975,14,8,6,0,0.5714
Lou Saban,BUF,1976,5,2,3,0,0.4
Lovie Smith,CHI,2004,16,5,11,0,0.3125
Lovie Smith,CHI,2005,16,11,5,0,0.6875
Lovie Smith,CHI,2006,16,13,3,0,0.8125
Lovie Smith,CHI,2007,16,7,9,0,0.4375
Lovie Smith,CHI,2008,16,9,7,0,0.5625
Lovie Smith,CHI,2009,16,7,9,0,0.4375
Lovie Smith,CHI,2010,16,11,5,0,0.6875
Lovie Smith,CHI,2011,16,8,8,0,0.5
Lovie Smith,CHI,2012,16,10,6,0,0.625
Lovie Smith,TAM,2014,16,2,14,0,0.125
Lovie Smith,TAM,2015,16,6,10,0,0.375
Lovie Smith,HTX,2022,17,3,13,1,0.2059
Marc Trestman,CHI,2013,16,8,8,0,0.5
Marc Trestman,CHI,2014,16,5,11,0,0.3125
Marion Campbell,ATL,1975,14,4,10,0,0.2857
Marion Campbell,ATL,1976,5,1,4,0,0.2
Marion Campbell,PHI,1983,16,5,11,0,0.3125
Marion Campbell,PHI,1984,16,6,9,1,0.4062
Marion Campbell,PHI,1985,15,6,9,0,0.4
Marion Campbell,ATL,1987,15,3,12,0,0.2
Marion Campbell,ATL,1988,16,5,11,0,0.3125
Marion Campbell,ATL,1989,12,3,9,0,0.25
Marty Mornhinweg,DET,2001,16,2,14,0,0.125
Marty Mornhinweg,DET,2002,16,3,13,0,0.1875
Marty Schottenheimer,CLE,1985,16,8,8,0,0.5
Marty Schottenheimer,CLE,1986,16,12,4,0,0.75
Marty Schottenheimer,CLE,1987,15,10,5,0,0.6667
Marty Schottenheimer,CLE,1988,16,10,6,0,0.625
Marty Schottenheimer,KAN,1989,16,8,7,1,0.5312
Marty Schottenheimer,KAN,1990,16,11,5,0,0.6875
Marty Schottenheimer,KAN,1991,16,10,6,0,0.625
Marty Schottenheimer,KAN,1992,16,10,6,0,0.625
Marty Schottenheimer,KAN,1993,16,11,5,0,0.6875
Marty Schottenheimer,KAN,1994,16,9,7,0,0.5625
Marty Schottenheimer,KAN,1995,16,13,3,0,0.8125
Marty Schottenheimer,KAN,1996,16,9,7,0,0.5625
Marty Schottenheimer,KAN,1997,16,13,3,0,0.8125
Marty Schottenheimer,KAN,1998,16,7,9,0,0.4375
Marty Schottenheimer,WAS,2001,16,8,8,0,0.5
Marty Schottenheimer,SDG,2002,16,8,8,0,0.5
Marty Schottenheimer,SDG,2003,16,4,12,0,0.25
Marty Schottenheimer,SDG,2004,16,12,4,0,0.75
Marty Schottenheimer,SDG,2005,16,9,7,0,0.5625
Marty Schottenheimer,SDG,2006,16,14,2,0,0.875
Marv Levy,KAN,1978,16,4,12,0,0.25
Marv Levy,KAN,1979,16,7,9,0,0.4375
Marv Levy,KAN,1980,16,8,8,0,0.5
Marv Levy,KAN,1981,16,9,7,0,0.5625
Marv Levy,KAN,1982,9,3,6,0,0.3333
Marv Levy,BUF,1987,15,7,8,0,0.4667
Marv Levy,BUF,1988,16,12,4,0,0.75
Marv Levy,BUF,1989,16,9,7,0,0.5625
Marv Levy,BUF,1990,16,13,3,0,0.8125
Marv Levy,BUF,1991,16,13,3,0,0.8125
Marv Levy,BUF,1992,16,11,5,0,0.6875
Marv Levy,BUF,1993,16,12,4,0,0.75
Marv Levy,BUF,1994,16,7,9,0,0.4375
Marv Levy,BUF,1995,16,10,6,0,0.625
Marv Levy,BUF,1996,16,10,6,0,0.625
Marv Levy,BUF,1997,16,6,10,0,0.375
Marvin Lewis,CIN,2003,16,8,8,0,0.5
Marvin Lewis,CIN,2004,16,8,8,0,0.5
Marvin Lewis,CIN,2005,16,11,5,0,0.6875
Marvin Lewis,CIN,2006,16,8,8,0,0.5
Marvin Lewis,CIN,2007,16,7,9,0,0.4375
Marvin Lewis,CIN,2008,16,4,11,1,0.2812
Marvin Lewis,CIN,2009,16,10,6,0,0.625
Marvin Lewis,CIN,2010,16,4,12,0,0.25
Marvin Lewis,CIN,2011,16,9,7,0,0.5625
Marvin Lewis,CIN,2012,16,10,6,0,0.625
Marvin Lewis,CIN,2013,16,11,5,0,0.6875
Marvin Lewis,CIN,2014,16,10,5,1,0.6562
Marvin Lewis,CIN,2015,16,12,4,0,0.75
Marvin Lewis,CIN,2016,16,6,9,1,0.4062
Marvin Lewis,CIN,2017,16,7,9,0,0.4375
Marvin Lewis,CIN,2018,16,6,10,0,0.375
Matt Eberflus,CHI,2022,17,3,14,0,0.1765
Matt Eberflus,CHI,2023,17,7,10,0,0.4118
Matt Eberflus,CHI,2024,12,4,8,0,0.3333
Matt LaFleur,GNB,2019,16,13,3,0,0.8125
Matt LaFleur,GNB,2020,16,13,3,0,0.8125
Matt LaFleur,GNB,2021,17,13,4,0,0.7647
Matt LaFleur,GNB,2022,17,8,9,0,0.4706
Matt LaFleur,GNB,2023,17,9,8,0,0.5294
Matt LaFleur,GNB,2024,17,11,6,0,0.6471
Matt Nagy,CHI,2018,16,12,4,0,0.75
Matt Nagy,CHI,2019,16,8,8,0,0.5
Matt Nagy,CHI,2020,16,8,8,0,0.5
Matt Nagy,CHI,2021,17,6,11,0,0.3529
Matt Patricia,DET,2018,16,6,10,0,0.375
Matt Patricia,DET,2019,16,3,12,1,0.2188
Matt Patricia,DET,2020,11,4,7,0,0.3636
Matt Rhule,CAR,2020,16,5,11,0,0.3125
Matt Rhule,CAR,2021,17,5,12,0,0.2941
Matt Rhule,CAR,2022,5,1,4,0,0.2
Mike Ditka,CHI,1982,9,3,6,0,0.3333
Mike Ditka,CHI,1983,16,8,8,0,0.5
Mike Ditka,CHI,1984,16,10,6,0,0.625
Mike Ditka,CHI,1985,16,15,1,0,0.9375
Mike Ditka,CHI,1986,16,14,2,0,0.875
Mike Ditka,CHI,1987,15,11,4,0,0.7333
Mike Ditka,CHI,1988,16,12,4,0,0.75
Mike Ditka,CHI,1989,16,6,10,0,0.375
Mike Ditka,CHI,1990,16,11,5,0,0.6875
Mike Ditka,CHI,1991,16,11,5,0,0.6875
Mike Ditka,CHI,1992,16,5,11,0,0.3125
Mike Ditka,NOR,1997,16,6,10,0,0.375
Mike Ditka,NOR,1998,16,6,10,0,0.375
Mike Ditka,NOR,1999,16,3,13,0,0.1875
Mike Holmgren,GNB,1992,16,9,7,0,0.5625
Mike Holmgren,GNB,1993,16,9,7,0,0.5625
Mike Holmgren,GNB,1994,16,9,7,0,0.5625
Mike Holmgren,GNB,1995,16,11,5,0,0.6875
Mike Holmgren,GNB,1996,16,13,3,0,0.8125
Mike Holmgren,GNB,1997,16,13,3,0,0.8125
Mike Holmgren,GNB,1998,16,11,5,0,0.6875
Mike Holmgren,SEA,1999,16,9,7,0,0.5625
Mike Holmgren,SEA,2000,16,6,10,0,0.375
Mike Holmgren,SEA,2001,16,9,7,0,0.5625
Mike Holmgren,SEA,2002,16,7,9,0,0.4375
Mike Holmgren,SEA,2003,16,10,6,0,0.625
Mike Holmgren,SEA,2004,16,9,7,0,0.5625
Mike Holmgren,SEA,2005,16,13,3,0,0.8125
Mike Holmgren,SEA,2006,16,9,7,0,0.5625
Mike Holmgren,SEA,2007,16,10,6,0,0.625
Mike Holmgren,SEA,2008,16,4,12,0,0.25
Mike Macdonald,SEA,2024,17,10,7,0,0.5882
Mike Martz,RAM,2000,16,10,6,0,0.625
Mike Martz,RAM,2001,16,14,2,0,0.875
Mike Martz,RAM,2002,16,7,9,0,0.4375
Mike Martz,RAM,2003,16,12,4,0,0.75
Mike Martz,RAM,2004,16,8,8,0,0.5
Mike Martz,RAM,2005,5,2,3,0,0.4
Mike McCarthy,GNB,2006,16,8,8,0,0.5
Mike McCarthy,GNB,2007,16,13,3,0,0.8125
Mike McCarthy,GNB,2008,16,6,10,0,0.375
Mike McCarthy,GNB,2009,16,11,5,0,0.6875
Mike McCarthy,GNB,2010,16,10,6,0,0.625
Mike McCarthy,GNB,2011,16,15,1,0,0.9375
Mike McCarthy,GNB,2012,16,11,5,0,0.6875
Mike McCarthy,GNB,2013,16,8,7,1,0.5312
Mike McCarthy,GNB,2014,16,12,4,0,0.75
Mike McCarthy,GNB,2015,16,10,6,0,0.625
Mike McCarthy,GNB,2016,16,10,6,0,0.625
Mike McCarthy,GNB,2017,16,7,9,0,0.4375
Mike McCarthy,GNB,2018,12,4,7,1,0.375
Mike McCarthy,DAL,2020,16,6,10,0,0.375
Mike McCarthy,DAL,2021,17,12,5,0,0.7059
Mike McCarthy,DAL,2022,17,12,5,0,0.7059
Mike McCarthy,DAL,2023,17,12,5,0,0.7059
Mike McCarthy,DAL,2024,17,7,10,0,0.4118
Mike McCormack,PHI,1973,14,5,8,1,0.3929
Mike McCormack,PHI,1974,14,7,7,0,0.5
Mike McCormack,PHI,1975,14,4,10,0,0.2857
Mike McCormack,CLT,1980,16,7,9,0,0.4375
Mike McCormack,CLT,1981,16,2,14,0,0.125
Mike McCoy,SDG,2013,16,9,7,0,0.5625
Mike McCoy,SDG,2014,16,9,7,0,0.5625
Mike McCoy,SDG,2015,16,4,12,0,0.25
Mike McCoy,SDG,2016,16,5,11,0,0.3125
Mike McDaniel,MIA,2022,17,9,8,0,0.5294
Mike McDaniel,MIA,2023,17,11,6,0,0.6471
Mike McDaniel,MIA,2024,17,8,9,0,0.4706
Mike Mularkey,BUF,2004,16,9,7,0,0.5625
Mike Mularkey,BUF,2005,16,5,11,0,0.3125
Mike Mularkey,JAX,2012,16,2,14,0,0.125
Mike Mularkey,OTI,2016,16,9,7,0,0.5625
Mike Mularkey,OTI,2017,16,9,7,0,0.5625
Mike Munchak,OTI,2011,16,9,7,0,0.5625
Mike Munchak,OTI,2012,16,6,10,0,0.375
Mike Munchak,OTI,2013,16,7,9,0,0.4375
Mike Nolan,SFO,2005,16,4,12,0,0.25
Mike Nolan,SFO,2006,16,7,9,0,0.4375
Mike Nolan,SFO,2007,16,5,11,0,0.3125
Mike Nolan,SFO,2008,7,2,5,0,0.2857
Mike Pettine,CLE,2014,16,7,9,0,0.4375
Mike Pettine,CLE,2015,16,3,13,0,0.1875
Mike Riley,SDG,1999,16,8,8,0,0.5
Mike Riley,SDG,2000,16,1,15,0,0.0625
Mike Riley,SDG,2001,16,5,11,0,0.3125
Mike Shanahan,RAI,1988,16,7,9,0,0.4375
Mike Shanahan,RAI,1989,4,1,3,0,0.25
Mike Shanahan,DEN,1995,16,8,8,0,0.5
Mike Shanahan,DEN,1996,16,13,3,0,0.8125
Mike Shanahan,DEN,1997,16,12,4,0,0.75
Mike Shanahan,DEN,1998,16,14,2,0,0.875
Mike Shanahan,DEN,1999,16,6,10,0,0.375
Mike Shanahan,DEN,2000,16,11,5,0,0.6875
Mike Shanahan,DEN,2001,16,8,8,0,0.5
Mike Shanahan,DEN,2002,16,9,7,0,0.5625
Mike Shanahan,DEN,2003,16,10,6,0,0.625
Mike Shanahan,DEN,2004,16,10,6,0,0.625
Mike Shanahan,DEN,2005,16,13,3,0,0.8125
Mike Shanahan,DEN,2006,16,9,7,0,0.5625
Mike Shanahan,DEN,2007,16,7,9,0,0.4375
Mike Shanahan,DEN,2008,16,8,8,0,0.5
Mike Shanahan,WAS,2010,16,6,10,0,0.375
Mike Shanahan,WAS,2011,16,5,11,0,0.3125
Mike Shanahan,WAS,2012,16,10,6,0,0.625
Mike Shanahan,WAS,2013,16,3,13,0,0.1875
Mike Sherman,GNB,2000,16,9,7,0,0.5625
Mike Sherman,GNB,2001,16,12,4,0,0.75
Mike Sherman,GNB,2002,16,12,4,0,0.75
Mike Sherman,GNB,2003,16,10,6,0,0.625
Mike Sherman,GNB,2004,16,10,6,0,0.625
Mike Sherman,GNB,2005,16,4,12,0,0.25
Mike Singletary,SFO,2009,16,8,8,0,0.5
Mike Singletary,SFO,2010,15,5,10,0,0.3333
Mike Smith,ATL,2008,16,11,5,0,0.6875
Mike Smith,ATL,2009,16,9,7,0,0.5625
Mike Smith,ATL,2010,16,13,3,0,0.8125
Mike Smith,ATL,2011,16,10,6,0,0.625
Mike Smith,ATL,2012,16,13,3,0,0.8125
Mike Smith,ATL,2013,16,4,12,0,0.25
Mike Smith,ATL,2014,16,6,10,0,0.375
Mike Tice,MIN,2002,16,6,10,0,0.375
Mike Tice,MIN,2003,16,9,7,0,0.5625
Mike Tice,MIN,2004,16,8,8,0,0.5
Mike Tice,MIN,2005,16,9,7,0,0.5625
Mike Tomlin,PIT,2007,16,10,6,0,0.625
Mike Tomlin,PIT,2008,16,12,4,0,0.75
Mike Tomlin,PIT,2009,16,9,7,0,0.5625
Mike Tomlin,PIT,2010,16,12,4,0,0.75
Mike Tomlin,PIT,2011,16,12,4,0,0.75
Mike Tomlin,PIT,2012,16,8,8,0,0.5
Mike Tomlin,PIT,2013,16,8,8,0,0.5
Mike Tomlin,PIT,2014,16,11,5,0,0.6875
Mike Tomlin,PIT,2015,16,10,6,0,0.625
Mike Tomlin,PIT,2016,16,11,5,0,0.6875
Mike Tomlin,PIT,2017,16,13,3,0,0.8125
Mike Tomlin,PIT,2018,16,9,6,1,0.5938
Mike Tomlin,PIT,2019,16,8,8,0,0.5
Mike Tomlin,PIT,2020,16,12,4,0,0.75
Mike Tomlin,PIT,2021,17,9,7,1,0.5588
Mike Tomlin,PIT,2022,17,9,8,0,0.5294
Mike Tomlin,PIT,2023,17,10,7,0,0.5882
Mike Tomlin,PIT,2024,17,10,7,0,0.5882
Mike Vrabel,OTI,2018,16,9,7,0,0.5625
Mike Vrabel,OTI,2019,16,9,7,0,0.5625
Mike Vrabel,OTI,2020,16,11,5,0,0.6875
Mike Vrabel,OTI,2021,17,12,5,0,0.7059
Mike Vrabel,OTI,2022,17,7,10,0,0.4118
Mike Vrabel,OTI,2023,17,6,11,0,0.3529
Mike White,RAI,1995,16,8,8,0,0.5
Mike White,RAI,1996,16,7,9,0,0.4375
Mike Zimmer,MIN,2014,16,7,9,0,0.4375
Mike Zimmer,MIN,2015,16,11,5,0,0.6875
Mike Zimmer,MIN,2016,16,8,8,0,0.5
Mike Zimmer,MIN,2017,16,13,3,0,0.8125
Mike Zimmer,MIN,2018,16,8,7,1,0.5312
Mike Zimmer,MIN,2019,16,10,6,0,0.625
Mike Zimmer,MIN,2020,16,7,9,0,0.4375
Mike Zimmer,MIN,2021,17,8,9,0,0.4706
Monte Clark,SFO,1976,14,8,6,0,0.5714
Monte Clark,DET,1978,16,7,9,0,0.4375
Monte Clark,DET,1979,16,2,14,0,0.125
Monte Clark,DET,1980,16,9,7,0,0.5625
Monte Clark,DET,1981,16,8,8,0,0.5
Monte Clark,DET,1982,9,4,5,0,0.4444
Monte Clark,DET,1983,16,9,7,0,0.5625
Monte Clark,DET,1984,16,4,11,1,0.2812
Nathaniel Hackett,DEN,2022,15,4,11,0,0.2667
Neill Armstrong,CHI,1978,16,7,9,0,0.4375
Neill Armstrong,CHI,1979,16,10,6,0,0.625
Neill Armstrong,CHI,1980,16,7,9,0,0.4375
Neill Armstrong,CHI,1981,16,6,10,0,0.375
Nick Saban,MIA,2005,16,9,7,0,0.5625
Nick Saban,MIA,2006,16,6,10,0,0.375
Nick Sirianni,PHI,2021,17,9,8,0,0.5294
Nick Sirianni,PHI,2022,17,14,3,0,0.8235
Nick Sirianni,PHI,2023,17,11,6,0,0.6471
Nick Sirianni,PHI,2024,17,14,3,0,0.8235
Nick Skorich,CLE,1971,14,9,5,0,0.6429
Nick Skorich,CLE,1972,14,10,4,0,0.7143
Nick Skorich,CLE,1973,14,7,5,2,0.5714
Nick Skorich,CLE,1974,14,4,10,0,0.2857
Norm Van Brocklin,ATL,1970,14,4,8,2,0.3571
Norm Van Brocklin,ATL,1971,14,7,6,1,0.5357
Norm Van Brocklin,ATL,1972,14,7,7,0,0.5
Norm Van Brocklin,ATL,1973,14,9,5,0,0.6429
Norm Van Brocklin,ATL,1974,8,2,6,0,0.25
Norv Turner,WAS,1994,16,3,13,0,0.1875
Norv Turner,WAS,1995,16,6,10,0,0.375
Norv Turner,WAS,1996,16,9,7,0,0.5625
Norv Turner,WAS,1997,16,8,7,1,0.5312
Norv Turner,WAS,1998,16,6,10,0,0.375
Norv Turner,WAS,1999,16,10,6,0,0.625
Norv Turner,WAS,2000,13,7,6,0,0.5385
Norv Turner,RAI,2004,16,5,11,0,0.3125
Norv Turner,RAI,2005,16,4,12,0,0.25
Norv Turner,SDG,2007,16,11,5,0,0.6875
Norv Turner,SDG,2008,16,8,8,0,0.5
Norv Turner,SDG,2009,16,13,3,0,0.8125
Norv Turner,SDG,2010,16,9,7,0,0.5625
Norv Turner,SDG,2011,16,8,8,0,0.5
Norv Turner,SDG,2012,16,7,9,0,0.4375
Pat Shurmur,CLE,2011,16,4,12,0,0.25
Pat Shurmur,CLE,2012,16,5,11,0,0.3125
Pat Shurmur,NYG,2018,16,5,11,0,0.3125
Pat Shurmur,NYG,2019,16,4,12,0,0.25
Paul Brown,CIN,1970,14,8,6,0,0.5714
Paul Brown,CIN,1971,14,4,10,0,0.2857
Paul Brown,CIN,1972,14,8,6,0,0.5714
Paul Brown,CIN,1973,14,10,4,0,0.7143
Paul Brown,CIN,1974,14,7,7,0,0.5
Paul Brown,CIN,1975,14,11,3,0,0.7857
Paul Wiggin,KAN,1975,14,5,9,0,0.3571
Paul Wiggin,KAN,1976,14,5,9,0,0.3571
Paul Wiggin,KAN,1977,7,1,6,0,0.1429
Pete Carroll,NYJ,1994,16,6,10,0,0.375
Pete Carroll,NWE,1997,16,10,6,0,0.625
Pete Carroll,NWE,1998,16,9,7,0,0.5625
Pete Carroll,NWE,1999,16,8,8,0,0.5
Pete Carroll,SEA,2010,16,7,9,0,0.4375
Pete Carroll,SEA,2011,16,7,9,0,0.4375
Pete Carroll,SEA,2012,16,11,5,0,0.6875
Pete Carroll,SEA,2013,16,13,3,0,0.8125
Pete Carroll,SEA,2014,16,12,4,0,0.75
Pete Carroll,SEA,2015,16,10,6,0,0.625
Pete Carroll,SEA,2016,16,10,5,1,0.6562
Pete Carroll,SEA,2017,16,9,7,0,0.5625
Pete Carroll,SEA,2018,16,10,6,0,0.625
Pete Carroll,SEA,2019,16,11,5,0,0.6875
Pete Carroll,SEA,2020,16,12,4,0,0.75
Pete Carroll,SEA,2021,17,7,10,0,0.4118
Pete Carroll,SEA,2022,17,9,8,0,0.5294
Pete Carroll,SEA,2023,17,9,8,0,0.5294
Pete McCulley,SFO,1978,9,1,8,0,0.1111
Phil Bengtson,GNB,1970,14,6,8,0,0.4286
Raheem Morris,TAM,2009,16,3,13,0,0.1875
Raheem Morris,TAM,2010,16,10,6,0,0.625
Raheem Morris,TAM,2011,16,4,12,0,0.25
Raheem Morris,ATL,2024,17,8,9,0,0.4706
Ray Handley,NYG,1991,16,8,8,0,0.5
Ray Handley,NYG,1992,16,6,10,0,0.375
Ray Malavasi,RAM,1978,16,12,4,0,0.75
Ray Malavasi,RAM,1979,16,9,7,0,0.5625
Ray Malavasi,RAM,1980,16,11,5,0,0.6875
Ray Malavasi,RAM,1981,16,6,10,0,0.375
Ray Malavasi,RAM,1982,9,2,7,0,0.2222
Ray Perkins,NYG,1979,16,6,10,0,0.375
Ray Perkins,NYG,1980,16,4,12,0,0.25
Ray Perkins,NYG,1981,16,9,7,0,0.5625
Ray Perkins,NYG,1982,9,4,5,0,0.4444
Ray Perkins,TAM,1987,15,4,11,0,0.2667
Ray Perkins,TAM,1988,16,5,11,0,0.3125
Ray Perkins,TAM,1989,16,5,11,0,0.3125
Ray Perkins,TAM,1990,13,5,8,0,0.3846
Ray Rhodes,PHI,1995,16,10,6,0,0.625
Ray Rhodes,PHI,1996,16,10,6,0,0.625
Ray Rhodes,PHI,1997,16,6,9,1,0.4062
Ray Rhodes,PHI,1998,16,3,13,0,0.1875
Ray Rhodes,GNB,1999,16,8,8,0,0.5
Raymond Berry,NWE,1985,16,11,5,0,0.6875
Raymond Berry,NWE,1986,16,11,5,0,0.6875
Raymond Berry,NWE,1987,15,8,7,0,0.5333
Raymond Berry,NWE,1988,16,9,7,0,0.5625
Raymond Berry,NWE,1989,16,5,11,0,0.3125
Red Miller,DEN,1977,14,12,2,0,0.8571
Red Miller,DEN,1978,16,10,6,0,0.625
Red Miller,DEN,1979,16,10,6,0,0.625
Red Miller,DEN,1980,16,8,8,0,0.5
Rex Ryan,NYJ,2009,16,9,7,0,0.5625
Rex Ryan,NYJ,2010,16,11,5,0,0.6875
Rex Ryan,NYJ,2011,16,8,8,0,0.5
Rex Ryan,NYJ,2012,16,6,10,0,0.375
Rex Ryan,NYJ,2013,16,8,8,0,0.5
Rex Ryan,NYJ,2014,16,4,12,0,0.25
Rex Ryan,BUF,2015,16,8,8,0,0.5
Rex Ryan,BUF,2016,15,7,8,0,0.4667
Rich Brooks,RAM,1995,16,7,9,0,0.4375
Rich Brooks,RAM,1996,16,6,10,0,0.375
Rich Kotite,PHI,1991,16,10,6,0,0.625
Rich Kotite,PHI,1992,16,11,5,0,0.6875
Rich Kotite,PHI,1993,16,8,8,0,0.5
Rich Kotite,PHI,1994,16,7,9,0,0.4375
Rich Kotite,NYJ,1995,16,3,13,0,0.1875
Rich Kotite,NYJ,1996,16,1,15,0,0.0625
Richard Williamson,TAM,1991,16,3,13,0,0.1875
Richie Petitbon,WAS,1993,16,4,12,0,0.25
Rick Forzano,DET,1974,14,7,7,0,0.5
Rick Forzano,DET,1975,14,7,7,0,0.5
Rick Forzano,DET,1976,4,1,3,0,0.25
Rob Chudzinski,CLE,2013,16,4,12,0,0.25
Robert Saleh,NYJ,2021,17,4,13,0,0.2353
Robert Saleh,NYJ,2022,17,7,10,0,0.4118
Robert Saleh,NYJ,2023,17,7,10,0,0.4118
Robert Saleh,NYJ,2024,5,2,3,0,0.4
Rod Dowhower,CLT,1985,16,5,11,0,0.3125
Rod Dowhower,CLT,1986,13,0,13,0,0.0
Rod Marinelli,DET,2006,16,3,13,0,0.1875
Rod Marinelli,DET,2007,16,7,9,0,0.4375
Rod Marinelli,DET,2008,16,0,16,0,0.0
Rod Rust,NWE,1990,16,1,15,0,0.0625
Romeo Crennel,CLE,2005,16,6,10,0,0.375
Romeo Crennel,CLE,2006,16,4,12,0,0.25
Romeo Crennel,CLE,2007,16,10,6,0,0.625
Romeo Crennel,CLE,2008,16,4,12,0,0.25
Romeo Crennel,KAN,2012,16,2,14,0,0.125
Ron Erhardt,NWE,1979,16,9,7,0,0.5625
Ron Erhardt,NWE,1980,16,10,6,0,0.625
Ron Erhardt,NWE,1981,16,2,14,0,0.125
Ron Meyer,NWE,1982,9,5,4,0,0.5556
Ron Meyer,NWE,1983,16,8,8,0,0.5
Ron Meyer,NWE,1984,8,5,3,0,0.625
Ron Meyer,CLT,1987,15,9,6,0,0.6
Ron Meyer,CLT,1988,16,9,7,0,0.5625
Ron Meyer,CLT,1989,16,8,8,0,0.5
Ron Meyer,CLT,1990,16,7,9,0,0.4375
Ron Meyer,CLT,1991,5,0,5,0,0.0
Ron Rivera,CAR,2011,16,6,10,0,0.375
Ron Rivera,CAR,2012,16,7,9,0,0.4375
Ron Rivera,CAR,2013,16,12,4,0,0.75
Ron Rivera,CAR,2014,16,7,8,1,0.4688
Ron Rivera,CAR,2015,16,15,1,0,0.9375
Ron Rivera,CAR,2016,16,6,10,0,0.375
Ron Rivera,CAR,2017,16,11,5,0,0.6875
Ron Rivera,CAR,2018,16,7,9,0,0.4375
Ron Rivera,CAR,2019,12,5,7,0,0.4167
Ron Rivera,WAS,2020,16,7,9,0,0.4375
Ron Rivera,WAS,2021,17,7,10,0,0.4118
Ron Rivera,WAS,2022,17,8,8,1,0.5
Ron Rivera,WAS,2023,17,4,13,0,0.2353
Sam Rutigliano,CLE,1978,16,8,8,0,0.5
Sam Rutigliano,CLE,1979,16,9,7,0,0.5625
Sam Rutigliano,CLE,1980,16,11,5,0,0.6875
Sam Rutigliano,CLE,1981,16,5,11,0,0.3125
Sam Rutigliano,CLE,1982,9,4,5,0,0.4444
Sam Rutigliano,CLE,1983,16,9,7,0,0.5625
Sam Rutigliano,CLE,1984,8,1,7,0,0.125
Sam Wyche,CIN,1984,16,8,8,0,0.5
Sam Wyche,CIN,1985,16,7,9,0,0.4375
Sam Wyche,CIN,1986,16,10,6,0,0.625
Sam Wyche,CIN,1987,15,4,11,0,0.2667
Sam Wyche,CIN,1988,16,12,4,0,0.75
Sam Wyche,CIN,1989,16,8,8,0,0.5
Sam Wyche,CIN,1990,16,9,7,0,0.5625
Sam Wyche,CIN,1991,16,3,13,0,0.1875
Sam Wyche,TAM,1992,16,5,11,0,0.3125
Sam Wyche,TAM,1993,16,5,11,0,0.3125
Sam Wyche,TAM,1994,16,6,10,0,0.375
Sam Wyche,TAM,1995,16,7,9,0,0.4375
Scott Linehan,RAM,2006,16,8,8,0,0.5
Scott Linehan,RAM,2007,16,3,13,0,0.1875
Scott Linehan,RAM,2008,4,0,4,0,0.0
Sean McDermott,BUF,2017,16,9,7,0,0.5625
Sean McDermott,BUF,2018,16,6,10,0,0.375
Sean McDermott,BUF,2019,16,10,6,0,0.625
Sean McDermott,BUF,2020,16,13,3,0,0.8125
Sean McDermott,BUF,2021,17,11,6,0,0.6471
Sean McDermott,BUF,2022,16,13,3,0,0.8125
Sean McDermott,BUF,2023,17,11,6,0,0.6471
Sean McDermott,BUF,2024,17,13,4,0,0.7647
Sean McVay,RAM,2017,16,11,5,0,0.6875
Sean McVay,RAM,2018,16,13,3,0,0.8125
Sean McVay,RAM,2019,16,9,7,0,0.5625
Sean McVay,RAM,2020,16,10,6,0,0.625
Sean McVay,RAM,2021,17,12,5,0,0.7059
Sean McVay,RAM,2022,17,5,12,0,0.2941
Sean McVay,RAM,2023,17,10,7,0,0.5882
Sean McVay,RAM,2024,17,10,7,0,0.5882
Sean Payton,NOR,2006,16,10,6,0,0.625
Sean Payton,NOR,2007,16,7,9,0,0.4375
Sean Payton,NOR,2008,16,8,8,0,0.5
Sean Payton,NOR,2009,16,13,3,0,0.8125
Sean Payton,NOR,2010,16,11,5,0,0.6875
Sean Payton,NOR,2011,16,13,3,0,0.8125
Sean Payton,NOR,2013,16,11,5,0,0.6875
Sean Payton,NOR,2014,16,7,9,0,0.4375
Sean Payton,NOR,2015,16,7,9,0,0.4375
Sean Payton,NOR,2016,16,7,9,0,0.4375
Sean Payton,NOR,2017,16,11,5,0,0.6875
Sean Payton,NOR,2018,16,13,3,0,0.8125
Sean Payton,NOR,2019,16,13,3,0,0.8125
Sean Payton,NOR,2020,16,12,4,0,0.75
Sean Payton,NOR,2021,17,9,8,0,0.5294
Sean Payton,DEN,2023,17,8,9,0,0.4706
Sean Payton,DEN,2024,17,10,7,0,0.5882
Shane Steichen,CLT,2023,17,9,8,0,0.5294
Shane Steichen,CLT,2024,17,8,9,0,0.4706
Sid Gillman,SDG,1971,10,4,6,0,0.4
Sid Gillman,OTI,1974,14,7,7,0,0.5
Steve Mariucci,SFO,1997,16,13,3,0,0.8125
Steve Mariucci,SFO,1998,16,12,4,0,0.75
Steve Mariucci,SFO,1999,16,4,12,0,0.25
Steve Mariucci,SFO,2000,16,6,10,0,0.375
Steve Mariucci,SFO,2001,16,12,4,0,0.75
Steve Mariucci,SFO,2002,16,10,6,0,0.625
Steve Mariucci,DET,2003,16,5,11,0,0.3125
Steve Mariucci,DET,2004,16,6,10,0,0.375
Steve Mariucci,DET,2005,11,4,7,0,0.3636
Steve Spagnuolo,RAM,2009,16,1,15,0,0.0625
Steve Spagnuolo,RAM,2010,16,7,9,0,0.4375
Steve Spagnuolo,RAM,2011,16,2,14,0,0.125
Steve Spurrier,WAS,2002,16,7,9,0,0.4375
Steve Spurrier,WAS,2003,16,5,11,0,0.3125
Steve Wilks,CRD,2018,16,3,13,0,0.1875
Ted Marchibroda,CLT,1975,14,10,4,0,0.7143
Ted Marchibroda,CLT,1976,14,11,3,0,0.7857
Ted Marchibroda,CLT,1977,14,10,4,0,0.7143
Ted Marchibroda,CLT,1978,16,5,11,0,0.3125
Ted Marchibroda,CLT,1979,16,5,11,0,0.3125
Ted Marchibroda,CLT,1992,16,9,7,0,0.5625
Ted Marchibroda,CLT,1993,16,4,12,0,0.25
Ted Marchibroda,CLT,1994,16,8,8,0,0.5
Ted Marchibroda,CLT,1995,16,9,7,0,0.5625
Ted Marchibroda,RAV,1996,16,4,12,0,0.25
Ted Marchibroda,RAV,1997,16,6,9,1,0.4062
Ted Marchibroda,RAV,1998,16,6,10,0,0.375
Todd Bowles,NYJ,2015,16,10,6,0,0.625
Todd Bowles,NYJ,2016,16,5,11,0,0.3125
Todd Bowles,NYJ,2017,16,5,11,0,0.3125
Todd Bowles,NYJ,2018,16,4,12,0,0.25
Todd Bowles,TAM,2022,17,8,9,0,0.4706
Todd Bowles,TAM,2023,17,9,8,0,0.5294
Todd Bowles,TAM,2024,17,10,7,0,0.5882
Todd Haley,KAN,2009,16,4,12,0,0.25
Todd Haley,KAN,2010,16,10,6,0,0.625
Todd Haley,KAN,2011,13,5,8,0,0.3846
Tom Cable,RAI,2009,16,5,11,0,0.3125
Tom Cable,RAI,2010,16,8,8,0,0.5
Tom Coughlin,JAX,1995,16,4,12,0,0.25
Tom Coughlin,JAX,1996,16,9,7,0,0.5625
Tom Coughlin,JAX,1997,16,11,5,0,0.6875
Tom Coughlin,JAX,1998,16,11,5,0,0.6875
Tom Coughlin,JAX,1999,16,14,2,0,0.875
Tom Coughlin,JAX,2000,16,7,9,0,0.4375
Tom Coughlin,JAX,2001,16,6,10,0,0.375
Tom Coughlin,JAX,2002,16,6,10,0,0.375
Tom Coughlin,NYG,2004,16,6,10,0,0.375
Tom Coughlin,NYG,2005,16,11,5,0,0.6875
Tom Coughlin,NYG,2006,16,8,8,0,0.5
Tom Coughlin,NYG,2007,16,10,6,0,0.625
Tom Coughlin,NYG,2008,16,12,4,0,0.75
Tom Coughlin,NYG,2009,16,8,8,0,0.5
Tom Coughlin,NYG,2010,16,10,6,0,0.625
Tom Coughlin,NYG,2011,16,9,7,0,0.5625
Tom Coughlin,NYG,2012,16,9,7,0,0.5625
Tom Coughlin,NYG,2013,16,7,9,0,0.4375
Tom Coughlin,NYG,2014,16,6,10,0,0.375
Tom Coughlin,NYG,2015,16,6,10,0,0.375
Tom Flores,RAI,1979,16,9,7,0,0.5625
Tom Flores,RAI,1980,16,11,5,0,0.6875
Tom Flores,RAI,1981,16,7,9,0,0.4375
Tom Flores,RAI,1982,9,8,1,0,0.8889
Tom Flores,RAI,1983,16,12,4,0,0.75
Tom Flores,RAI,1984,16,11,5,0,0.6875
Tom Flores,RAI,1985,16,12,4,0,0.75
Tom Flores,RAI,1986,16,8,8,0,0.5
Tom Flores,RAI,1987,15,5,10,0,0.3333
Tom Flores,SEA,1992,16,2,14,0,0.125
Tom Flores,SEA,1993,16,6,10,0,0.375
Tom Flores,SEA,1994,16,6,10,0,0.375
Tom Landry,DAL,1970,14,10,4,0,0.7143
Tom Landry,DAL,1971,14,11,3,0,0.7857
Tom Landry,DAL,1972,14,10,4,0,0.7143
Tom Landry,DAL,1973,14,10,4,0,0.7143
Tom Landry,DAL,1974,14,8,6,0,0.5714
Tom Landry,DAL,1975,14,10,4,0,0.7143
Tom Landry,DAL,1976,14,11,3,0,0.7857
Tom Landry,DAL,1977,14,12,2,0,0.8571
Tom Landry,DAL,1978,16,12,4,0,0.75
Tom Landry,DAL,1979,16,11,5,0,0.6875
Tom Landry,DAL,1980,16,12,4,0,0.75
Tom Landry,DAL,1981,16,12,4,0,0.75
Tom Landry,DAL,1982,9,6,3,0,0.6667
Tom Landry,DAL,1983,16,12,4,0,0.75
Tom Landry,DAL,1984,16,9,7,0,0.5625
Tom Landry,DAL,1985,16,10,6,0,0.625
Tom Landry,DAL,1986,16,7,9,0,0.4375
Tom Landry,DAL,1987,15,7,8,0,0.4667
Tom Landry,DAL,1988,16,3,13,0,0.1875
Tommy Hudspeth,DET,1977,14,6,8,0,0.4286
Tommy Prothro,RAM,1971,14,8,5,1,0.6071
Tommy Prothro,RAM,1972,14,6,7,1,0.4643
Tommy Prothro,SDG,1974,14,5,9,0,0.3571
Tommy Prothro,SDG,1975,14,2,12,0,0.1429
Tommy Prothro,SDG,1976,14,6,8,0,0.4286
Tommy Prothro,SDG,1977,14,7,7,0,0.5
Tommy Prothro,SDG,1978,4,1,3,0,0.25
Tony Dungy,TAM,1996,16,6,10,0,0.375
Tony Dungy,TAM,1997,16,10,6,0,0.625
Tony Dungy,TAM,1998,16,8,8,0,0.5
Tony Dungy,TAM,1999,16,11,5,0,0.6875
Tony Dungy,TAM,2000,16,10,6,0,0.625
Tony Dungy,TAM,2001,16,9,7,0,0.5625
Tony Dungy,CLT,2002,16,10,6,0,0.625
Tony Dungy,CLT,2003,16,12,4,0,0.75
Tony Dungy,CLT,2004,16,12,4,0,0.75
Tony Dungy,CLT,2005,16,14,2,0,0.875
Tony Dungy,CLT,2006,16,12,4,0,0.75
Tony Dungy,CLT,2007,16,13,3,0,0.8125
Tony Dungy,CLT,2008,16,12,4,0,0.75
Tony Sparano,MIA,2008,16,11,5,0,0.6875
Tony Sparano,MIA,2009,16,7,9,0,0.4375
Tony Sparano,MIA,2010,16,7,9,0,0.4375
Tony Sparano,MIA,2011,13,4,9,0,0.3077
Urban Meyer,JAX,2021,13,2,11,0,0.1538
Vance Joseph,DEN,2017,16,5,11,0,0.3125
Vance Joseph,DEN,2018,16,6,10,0,0.375
Vic Fangio,DEN,2019,16,7,9,0,0.4375
Vic Fangio,DEN,2020,16,5,11,0,0.3125
Vic Fangio,DEN,2021,17,7,10,0,0.4118
Vince Tobin,CRD,1996,16,7,9,0,0.4375
Vince Tobin,CRD,1997,16,4,12,0,0.25
Vince Tobin,CRD,1998,16,9,7,0,0.5625
Vince Tobin,CRD,1999,16,6,10,0,0.375
Vince Tobin,CRD,2000,7,2,5,0,0.2857
Wade Phillips,DEN,1993,16,9,7,0,0.5625
Wade Phillips,DEN,1994,16,7,9,0,0.4375
Wade Phillips,BUF,1998,16,10,6,0,0.625
Wade Phillips,BUF,1999,16,11,5,0,0.6875
Wade Phillips,BUF,2000,16,8,8,0,0.5
Wade Phillips,DAL,2007,16,13,3,0,0.8125
Wade Phillips,DAL,2008,16,9,7,0,0.5625
Wade Phillips,DAL,2009,16,11,5,0,0.6875
Wade Phillips,DAL,2010,8,1,7,0,0.125
Wally Lemm,OTI,1970,14,3,10,1,0.25
Walt Michaels,NYJ,1977,14,3,11,0,0.2143
Walt Michaels,NYJ,1978,16,8,8,0,0.5
Walt Michaels,NYJ,1979,16,8,8,0,0.5
Walt Michaels,NYJ,1980,16,4,12,0,0.25
Walt Michaels,NYJ,1981,16,10,5,1,0.6562
Walt Michaels,NYJ,1982,9,6,3,0,0.6667
Wayne Fontes,DET,1989,16,7,9,0,0.4375
Wayne Fontes,DET,1990,16,6,10,0,0.375
Wayne Fontes,DET,1991,16,12,4,0,0.75
Wayne Fontes,DET,1992,16,5,11,0,0.3125
Wayne Fontes,DET,1993,16,10,6,0,0.625
Wayne Fontes,DET,1994,16,9,7,0,0.5625
Wayne Fontes,DET,1995,16,10,6,0,0.625
Wayne Fontes,DET,1996,16,5,11,0,0.3125
Weeb Ewbank,NYJ,1970,14,4,10,0,0.2857
Weeb Ewbank,NYJ,1971,14,6,8,0,0.4286
Weeb Ewbank,NYJ,1972,14,7,7,0,0.5
Weeb Ewbank,NYJ,1973,14,4,10,0,0.2857
Zac Taylor,CIN,2019,16,2,14,0,0.125
Zac Taylor,CIN,2020,16,4,11,1,0.2812
Zac Taylor,CIN,2021,17,10,7,0,0.5882
Zac Taylor,CIN,2022,16,12,4,0,0.75
Zac Taylor,CIN,2023,17,9,8,0,0.5294
Zac Taylor,CIN,2024,17,9,8,0,0.5294
